,Target_1,Target_2,Target_1,Target_2,Target_1,Target_2,Target_1,Target_2,Target_1,Target_2,Target_1,Target_2,Target_1,Target_2,Target_1,Target_2,Target_1,Target_2,Target_1,Target_2,Target_1,Target_2,Target_1,Target_2,Target_1,Target_2,Target_1,Target_2,Target_1,Target_2
0,0.01731,0.01542,0.02239,0.00851,0.01987,0.02705,0.0224,0.01858,0.01981,0.01268,0.0228,0.01184,0.01898,0.0104,0.01967,0.02061,0.01821,0.01385,0.01843,0.01698,0.01906,0.01478,0.01657,0.0116,0.01775,0.01663,0.01922,0.02061,0.01999,0.01127
1,0.0242,0.0251,0.03002,0.02938,0.02815,0.03645,0.02723,0.03207,0.02396,0.03029,0.02496,0.03793,0.0266,0.03658,0.02887,0.0394,0.02841,0.03607,0.02882,0.04061,0.02936,0.03871,0.02485,0.04137,0.02876,0.03758,0.03122,0.0386,0.02705,0.04121
2,0.03128,0.02019,0.03367,0.0175,0.036,0.0163,0.03495,0.01489,0.0308,0.01681,0.03372,0.01637,0.02943,0.01797,0.03035,0.01754,0.03225,0.01523,0.03311,0.01602,0.03253,0.01621,0.03325,0.01991,0.03389,0.02078,0.03872,0.01834,0.03628,0.01432
3,0.01596,0.01242,0.01645,0.01403,0.01789,0.02154,0.01963,0.02175,0.01961,0.02957,0.02273,0.0209,0.02048,0.01984,0.02171,0.02709,0.024,0.02889,0.02349,0.0248,0.0231,0.02828,0.0223,0.03173,0.02002,0.03113,0.02052,0.02378,0.0226,0.02727
4,0.03324,0.00595,0.03393,0.00919,0.03219,0.01061,0.03225,0.00951,0.03111,0.01225,0.03047,0.01539,0.0322,0.01562,0.03232,0.01429,0.03309,0.01447,0.03183,0.01199,0.03092,0.01069,0.03014,0.01401,0.03214,0.01198,0.03194,0.01318,0.03139,0.01475
5,0.02939,0.02633,0.02473,0.03518,0.02893,0.02819,0.02445,0.02332,0.0287,0.02234,0.0275,0.02655,0.02834,0.02165,0.02612,0.02355,0.02702,0.02261,0.02862,0.0281,0.02878,0.02603,0.03064,0.02564,0.02784,0.02272,0.02994,0.02767,0.0288,0.03164
6,0.02701,0.01264,0.0235,0.00749,0.02319,0.01119,0.02257,0.0111,0.02152,0.00646,0.02588,0.01337,0.02136,0.00759,0.02585,0.00785,0.02778,0.00754,0.02162,0.01279,0.02493,0.00977,0.02587,0.00926,0.02554,0.01042,0.02597,0.00793,0.02395,0.00743
7,0.03482,0.0212,0.03575,0.02093,0.03532,0.02158,0.03535,0.01612,0.03667,0.02518,0.03621,0.02606,0.03655,0.0197,0.03526,0.01987,0.03467,0.02103,0.0358,0.021,0.03495,0.02226,0.03576,0.02408,0.03395,0.0242,0.03636,0.02343,0.03605,0.01803
8,0.00568,0.01844,0.01158,0.02466,0.01534,0.0359,0.01741,0.03422,0.01508,0.02945,0.0149,0.02647,0.01667,0.03598,0.01746,0.04109,0.01949,0.03456,0.0188,0.03886,0.01926,0.03971,0.01748,0.03461,0.01742,0.03864,0.01627,0.03464,0.01621,0.03581
9,0.01187,0.01825,0.01237,0.025,0.0199,0.03983,0.02345,0.03756,0.02415,0.03389,0.02221,0.03752,0.01726,0.04113,0.01637,0.03527,0.01987,0.04332,0.01976,0.03877,0.01732,0.03481,0.01196,0.03819,0.01552,0.04117,0.01508,0.04357,0.01353,0.04525
10,0.0221,0.03635,0.01932,0.02609,0.02257,0.0258,0.02316,0.03391,0.02495,0.02846,0.02174,0.0257,0.02635,0.03072,0.02405,0.02964,0.02254,0.03966,0.02509,0.04356,0.02432,0.0473,0.02389,0.04638,0.02353,0.04372,0.02374,0.0434,0.02261,0.04681
11,0.01889,0.0368,0.0231,0.03479,0.0205,0.03648,0.02299,0.0359,0.02093,0.03666,0.02217,0.03925,0.0242,0.04178,0.02109,0.04068,0.02398,0.04087,0.02409,0.0404,0.02279,0.03873,0.02055,0.03879,0.02026,0.03868,0.02112,0.03936,0.02222,0.04002
12,0.0286,0.01505,0.02798,0.01608,0.02654,0.017,0.0279,0.01521,0.02633,0.01455,0.0274,0.017,0.02943,0.00696,0.02955,0.00917,0.02959,0.01781,0.02795,0.01522,0.03109,0.0223,0.02868,0.02004,0.03252,0.02157,0.02826,0.0203,0.0309,0.02425
13,0.00486,0.02135,0.00439,0.02004,0.01143,0.02741,0.015,0.02048,0.01042,0.02514,0.01332,0.02063,0.01346,0.02086,0.01663,0.02408,0.01183,0.03074,0.0106,0.02797,0.01442,0.02411,0.01217,0.02337,0.01397,0.02636,0.01049,0.02422,0.0134,0.02478
14,0.02359,0.0227,0.01686,0.02245,0.01476,0.02269,0.01767,0.00463,0.01597,-0.00173,0.01926,-0.00053,0.01671,-0.00724,0.01603,-0.00963,0.0183,-0.00625,0.01842,-0.01013,0.01719,0.00144,0.01389,-0.00549,0.01961,-0.0086,0.01309,-0.0087,0.01631,-0.00561
15,0.01777,0.01297,0.02067,0.01393,0.02261,0.01336,0.02091,0.00836,0.01812,0.00304,0.0201,0.00863,0.02245,0.00732,0.02362,0.00421,0.02173,0.00417,0.02765,0.00759,0.02518,0.00631,0.02105,0.00419,0.02303,0.00074,0.02418,0.00478,0.02421,0.00868
16,0.01982,0.01602,0.02222,0.01097,0.02038,0.02046,0.02672,0.02844,0.02358,0.02685,0.0277,0.01508,0.02579,0.01926,0.02656,0.02188,0.03077,0.02212,0.02716,0.01762,0.02837,0.02179,0.0272,0.02331,0.02663,0.02273,0.02607,0.0184,0.02822,0.01293
17,0.02803,0.02279,0.0349,0.03095,0.03394,0.02523,0.03083,0.01926,0.03094,0.01921,0.03172,0.02073,0.02924,0.02177,0.03144,0.01836,0.03437,0.01855,0.03169,0.01512,0.03204,0.0153,0.03015,0.0194,0.02768,0.01984,0.02905,0.01603,0.0329,0.01637
18,0.03417,0.01339,0.03007,0.01184,0.0292,0.00815,0.03098,0.01213,0.03459,0.01781,0.03354,0.02079,0.03278,0.02106,0.03164,0.01915,0.03125,0.02223,0.03156,0.02031,0.02926,0.01889,0.034,0.0243,0.03224,0.02554,0.03244,0.02334,0.03227,0.02417
19,0.01667,0.01825,0.02493,0.01718,0.02172,0.01496,0.02328,0.01022,0.01981,0.00826,0.02324,0.00435,0.02276,0.00221,0.02481,-0.00075,0.02524,0.00408,0.02032,-0.00015,0.02529,0.0043,0.02775,0.00685,0.02631,0.00318,0.0285,0.01007,0.02892,0.01087
20,0.02673,0.01979,0.02496,0.01887,0.01924,0.0133,0.02397,0.00622,0.01493,0.01226,0.01892,0.01343,0.01789,0.011,0.01118,0.00466,0.01208,0.00994,0.01209,0.01247,0.01543,0.00597,0.01443,0.00591,0.01316,0.0077,0.01155,0.00591,0.01106,0.01189
21,0.02808,0.02646,0.0284,0.0222,0.02927,0.02638,0.02983,0.0292,0.02928,0.03012,0.02975,0.03137,0.02884,0.02608,0.02803,0.02886,0.02967,0.03216,0.03049,0.0308,0.03029,0.03425,0.03228,0.03027,0.02858,0.0314,0.03271,0.03688,0.03295,0.03155
22,0.0182,0.02083,0.02854,0.01963,0.02661,0.0231,0.02633,0.01942,0.02663,0.01344,0.0266,0.01388,0.0291,0.01472,0.02837,0.01745,0.0265,0.01741,0.02362,0.01187,0.02925,0.02092,0.02841,0.01737,0.03187,0.01546,0.02985,0.01997,0.02974,0.0201
23,0.031,0.0305,0.03425,0.0238,0.03469,0.02681,0.0342,0.02523,0.03525,0.0279,0.03432,0.02914,0.03613,0.02598,0.03577,0.03034,0.03389,0.02908,0.03566,0.02846,0.03478,0.03504,0.03746,0.03622,0.03871,0.03798,0.03797,0.03501,0.03679,0.03193
24,0.01503,0.00905,0.0152,0.02542,0.01731,0.04038,0.02654,0.03843,0.02518,0.0385,0.02115,0.03995,0.02327,0.03957,0.02387,0.04477,0.01911,0.04269,0.01973,0.039,0.01724,0.0423,0.01829,0.04452,0.01883,0.04162,0.01853,0.04073,0.02087,0.04156
25,0.02507,0.01435,0.02826,0.01499,0.03031,0.00963,0.02799,0.01159,0.03194,0.01249,0.03237,0.01149,0.03261,0.01148,0.02981,0.01094,0.03014,0.01352,0.02415,0.01458,0.02591,0.01274,0.02577,0.00891,0.02654,0.00905,0.02667,0.01296,0.02593,0.01137
26,0.03217,0.02537,0.0312,0.01686,0.02941,0.02515,0.02893,0.01708,0.0334,0.02567,0.03284,0.01642,0.03224,0.01708,0.03115,0.01823,0.03019,0.01443,0.0319,0.02031,0.03244,0.02204,0.03053,0.02342,0.03124,0.02331,0.02879,0.01967,0.02857,0.02149
27,0.0202,0.01501,0.02089,0.01527,0.02176,0.01401,0.0222,0.0067,0.02473,0.00752,0.02403,0.00804,0.0232,-9e-05,0.02033,0.00942,0.0193,0.00905,0.02082,0.0084,0.02013,0.00233,0.02256,0.01038,0.02059,0.00849,0.01496,0.00988,0.01807,0.006
28,0.02789,0.01923,0.02755,0.01425,0.02521,0.0171,0.03026,0.01116,0.03027,0.0136,0.03068,0.01758,0.02877,0.01567,0.02986,0.01921,0.02835,0.01416,0.02748,0.01609,0.02538,0.02031,0.02718,0.01359,0.02692,0.0154,0.02677,0.01846,0.02369,0.01433
29,0.02582,0.02343,0.03433,0.02742,0.02974,0.02003,0.03843,0.0191,0.03432,0.01932,0.03211,0.01782,0.03089,0.01923,0.03052,0.01978,0.02888,0.01514,0.03201,0.01853,0.03425,0.01636,0.02925,0.01753,0.03149,0.0182,0.02784,0.01761,0.03261,0.01616
30,0.01824,0.0056,0.01475,0.00604,0.01795,0.00643,0.02203,0.00942,0.02087,0.01015,0.02048,0.00729,0.02256,0.00858,0.02189,0.01283,0.01879,0.01201,0.01773,0.0134,0.01882,0.00941,0.02035,0.01057,0.02049,0.00963,0.01795,0.00973,0.01655,0.01115
31,0.01803,0.01474,0.01496,0.01572,0.01764,0.01189,0.01861,0.00921,0.01876,0.00995,0.01889,0.01462,0.01766,0.00881,0.01481,0.01085,0.01528,0.01523,0.01715,0.01839,0.01566,0.01108,0.01856,0.01048,0.01841,0.01238,0.01554,0.01573,0.01259,0.0155
32,0.02053,0.0144,0.0122,0.00815,0.01401,0.01895,0.01776,0.00871,0.01487,0.00821,0.02055,0.00668,0.02181,0.00737,0.02227,0.00812,0.02198,0.00546,0.01946,0.00296,0.01944,0.00756,0.01715,0.00332,0.02257,0.00628,0.01968,0.00569,0.02088,0.00482
33,0.01751,0.01818,0.01208,0.01353,0.02288,0.01632,0.02272,0.01783,0.02113,0.02326,0.01861,0.02274,0.02039,0.01859,0.02008,0.02684,0.01801,0.02666,0.0188,0.03039,0.01767,0.02536,0.01893,0.02255,0.01975,0.02732,0.01515,0.02782,0.01641,0.02221
34,0.03076,0.02228,0.02668,0.02178,0.02598,0.02301,0.02642,0.02054,0.02627,0.02131,0.02412,0.02605,0.02564,0.01971,0.02504,0.01921,0.02729,0.02066,0.02629,0.02516,0.02809,0.0197,0.02551,0.02664,0.02343,0.02884,0.02396,0.02425,0.02416,0.02518
35,0.03197,0.0356,0.03268,0.0342,0.02996,0.03382,0.03211,0.03526,0.03581,0.03286,0.03241,0.03584,0.03268,0.03221,0.03607,0.03421,0.03269,0.03791,0.03117,0.03986,0.03289,0.04117,0.03203,0.03745,0.0345,0.04049,0.03465,0.04131,0.03122,0.0425
36,0.0129,0.02189,0.01562,0.02957,0.0227,0.04193,0.02493,0.04065,0.02763,0.03968,0.02517,0.044,0.02317,0.03995,0.02536,0.04298,0.02528,0.0429,0.02289,0.04326,0.0222,0.03857,0.02058,0.04094,0.02269,0.0418,0.02105,0.04157,0.02443,0.04175
37,0.03244,0.0202,0.03736,0.01828,0.03565,0.01844,0.03521,0.01178,0.03468,0.01172,0.0331,0.01817,0.03337,0.01512,0.03691,0.01496,0.03488,0.01506,0.03282,0.01426,0.03313,0.01841,0.03402,0.01853,0.03483,0.02017,0.03488,0.01666,0.03696,0.01351
38,0.00635,0.01394,0.01108,0.00239,0.01563,-0.00768,0.01789,-0.0126,0.01617,-0.01203,0.01774,-0.01124,0.02112,0.00063,0.01488,-0.00232,0.02104,-0.00503,0.01856,-0.00685,0.02027,-0.00844,0.02062,-0.01425,0.01829,-0.01092,0.02189,-0.00835,0.02139,-0.00428
39,0.00911,0.01298,0.01481,0.00609,0.01937,0.01648,0.02377,0.01092,0.02113,0.01088,0.02425,0.00806,0.02456,0.00413,0.02315,0.00852,0.02872,0.00471,0.02585,0.0041,0.02362,0.00463,0.02538,0.01058,0.0251,0.00893,0.02394,0.00698,0.0248,0.00781
40,0.02284,0.02056,0.02504,0.02496,0.02614,0.02614,0.02819,0.03068,0.03076,0.02853,0.0301,0.02462,0.02929,0.03059,0.02912,0.03224,0.03133,0.03328,0.0326,0.03225,0.0302,0.03395,0.02501,0.0357,0.02695,0.03797,0.02527,0.03738,0.02756,0.03441
41,0.02234,0.01575,0.02348,0.02156,0.01778,0.0197,0.02637,0.01716,0.02358,0.0193,0.02501,0.02265,0.02429,0.02155,0.02547,0.01823,0.02511,0.01889,0.02371,0.01395,0.02586,0.0222,0.02718,0.02119,0.02831,0.02063,0.02827,0.02414,0.02843,0.02736
42,0.01389,0.01501,0.02227,0.02723,0.02061,0.02262,0.02437,0.0257,0.02727,0.03032,0.02712,0.03254,0.02462,0.0335,0.02595,0.03402,0.02491,0.03327,0.02841,0.02881,0.02573,0.03097,0.02537,0.03489,0.02588,0.0293,0.02588,0.02942,0.02567,0.03357
43,0.01993,0.01315,0.02548,0.01303,0.02205,0.01033,0.02241,0.01446,0.02096,0.01555,0.02801,0.01561,0.02549,0.01497,0.02669,0.01479,0.02222,0.01633,0.02211,0.01444,0.02325,0.01447,0.02345,0.01772,0.02219,0.01172,0.02446,0.0136,0.02214,0.01254
44,0.02496,0.01388,0.03109,0.01109,0.02965,0.01194,0.0307,0.01403,0.02873,0.01419,0.02931,0.00966,0.0286,0.00702,0.0305,0.00967,0.02932,0.00965,0.02754,0.0131,0.02823,0.01421,0.03018,0.01235,0.02953,0.01602,0.03049,0.01243,0.03275,0.01749
45,0.00392,0.01681,0.00858,0.01855,0.01006,0.02329,0.01468,0.01976,0.01064,0.01397,0.01112,0.01972,0.01243,0.0171,0.01448,0.02257,0.01284,0.01521,0.01313,0.01178,0.01433,0.02041,0.01194,0.01244,0.01373,0.0142,0.01461,0.01567,0.01569,0.01893
46,0.03098,0.02887,0.03334,0.02842,0.03211,0.0336,0.03296,0.02582,0.03145,0.03503,0.02939,0.02857,0.03314,0.02548,0.03175,0.02748,0.03012,0.02873,0.02975,0.03189,0.03003,0.03134,0.03094,0.03499,0.03171,0.03343,0.03265,0.03147,0.03192,0.02648
47,0.02798,0.03524,0.03061,0.03028,0.02875,0.03109,0.03119,0.02165,0.03336,0.0219,0.03151,0.02656,0.02969,0.02893,0.03054,0.03058,0.03136,0.02242,0.03104,0.02515,0.03192,0.02441,0.03018,0.02532,0.03039,0.02784,0.0295,0.02577,0.02874,0.02138
48,0.0245,0.00801,0.0263,0.00356,0.02732,0.00277,0.02608,-0.00185,0.02328,0.00013,0.02341,0.00053,0.02524,0.00444,0.02243,0.00391,0.0237,-0.00023,0.02595,0.00201,0.02461,0.00291,0.02846,0.00541,0.02682,-0.00139,0.02762,0.00332,0.03082,0.00398
49,0.03199,0.0184,0.03414,0.01276,0.03406,0.01161,0.03387,0.01368,0.03294,0.01467,0.03186,0.01498,0.03253,0.01658,0.03219,0.01041,0.03193,0.00844,0.03298,0.01342,0.03084,0.01229,0.03017,0.0101,0.03053,0.01266,0.03033,0.01506,0.03065,0.01566
50,0.0286,0.02539,0.02868,0.02164,0.03036,0.0237,0.02735,0.02156,0.02847,0.02689,0.02674,0.02268,0.03153,0.02573,0.02981,0.02847,0.0301,0.03346,0.03066,0.02933,0.03379,0.03491,0.0282,0.03592,0.02793,0.03939,0.02678,0.03478,0.0277,0.03369
51,0.02321,0.00981,0.0217,0.01216,0.02375,0.01027,0.02561,0.00976,0.0221,0.01152,0.02469,0.01132,0.02075,0.00854,0.02066,0.01488,0.02192,0.01746,0.02607,0.01544,0.01983,0.01572,0.02089,0.01304,0.02577,0.01417,0.02758,0.01016,0.02107,0.01006
52,0.02784,0.00607,0.02333,0.00926,0.0265,0.00954,0.02664,0.00843,0.02471,0.01059,0.02779,0.01045,0.03143,0.00844,0.02724,0.01476,0.02996,0.0122,0.02614,0.01098,0.02674,0.00956,0.02613,0.01127,0.02632,0.01095,0.02639,0.01316,0.02648,0.00939
53,0.02454,0.02088,0.0213,0.01785,0.01945,0.02227,0.02399,0.01835,0.02067,0.0248,0.01952,0.01873,0.02171,0.01617,0.01985,0.01329,0.02404,0.01457,0.02117,0.01421,0.01981,0.01618,0.02004,0.01561,0.021,0.02159,0.02319,0.01727,0.02397,0.01548
54,0.03191,0.02286,0.03155,0.01524,0.03204,0.02415,0.03123,0.02343,0.03272,0.02447,0.03296,0.0233,0.0325,0.01836,0.0338,0.02954,0.03273,0.02387,0.03394,0.02719,0.03342,0.03369,0.03436,0.02967,0.03219,0.03208,0.03268,0.03029,0.03352,0.02368
55,0.01094,0.02483,0.01303,0.02066,0.01574,0.02533,0.02183,0.03198,0.02234,0.03234,0.02259,0.02838,0.02202,0.03409,0.02071,0.03259,0.02106,0.03138,0.01652,0.03252,0.01922,0.03096,0.01962,0.03372,0.02055,0.0328,0.02041,0.03899,0.01241,0.03967
56,0.02819,0.02013,0.0364,0.02361,0.03627,0.0216,0.03841,0.01227,0.03931,0.01447,0.03821,0.01429,0.03808,0.01647,0.03914,0.02036,0.0366,0.02005,0.03317,0.01895,0.03369,0.0249,0.03643,0.02663,0.03707,0.02833,0.03546,0.02438,0.03385,0.02117
57,0.02459,0.01572,0.02447,0.01101,0.02356,0.01485,0.02353,0.01477,0.01792,0.01775,0.01519,0.02068,0.01308,0.01596,0.01403,0.01507,0.01333,0.01398,0.01386,0.01563,0.01438,0.01501,0.02006,0.01382,0.02174,0.01577,0.01744,0.01727,0.01663,0.01802
58,0.00506,0.01908,0.00836,0.02097,0.01437,0.03363,0.01482,0.02425,0.01668,0.02222,0.01673,0.01653,0.01765,0.02368,0.01326,0.02886,0.01652,0.02694,0.0166,0.02914,0.01608,0.02998,0.01654,0.02349,0.0201,0.02965,0.01705,0.02673,0.01442,0.02737
59,0.01614,0.01766,0.01323,0.01366,0.01662,0.01575,0.01745,0.00819,0.01898,0.00536,0.01784,0.00657,0.0155,0.00163,0.0189,0.0103,0.0171,0.00816,0.01389,0.00982,0.01561,0.00908,0.01766,0.00805,0.01863,0.00522,0.01552,0.00305,0.0154,0.00557
60,0.03142,0.0223,0.03327,0.02222,0.03313,0.02446,0.03226,0.01251,0.03331,0.02137,0.03099,0.02192,0.03247,0.01931,0.03315,0.01793,0.03355,0.01727,0.03095,0.01429,0.0321,0.01495,0.03348,0.02073,0.03207,0.02199,0.03326,0.02071,0.03422,0.01804
61,0.01822,0.01242,0.0185,0.01452,0.01712,0.01782,0.01778,0.01831,0.0138,0.01728,0.0197,0.02006,0.01702,0.01345,0.01514,0.01787,0.01543,0.01658,0.0168,0.01567,0.01858,0.02096,0.0182,0.01845,0.01831,0.01753,0.01361,0.01913,0.01593,0.0199
62,0.02323,0.013,0.02557,0.03173,0.02944,0.02613,0.02919,0.02769,0.03253,0.0288,0.0307,0.02886,0.02887,0.03197,0.03133,0.03211,0.03085,0.03303,0.03225,0.0303,0.03014,0.0343,0.02679,0.04068,0.03168,0.04013,0.02887,0.03659,0.02792,0.03861
63,0.02504,0.03125,0.02623,0.03021,0.02578,0.02912,0.02657,0.03291,0.0246,0.03112,0.02313,0.01708,0.02414,0.02376,0.02477,0.02517,0.02548,0.0208,0.02393,0.02161,0.02761,0.02333,0.01585,0.02164,0.02354,0.02324,0.02324,0.02594,0.02418,0.0266
64,0.02073,0.01205,0.01595,0.00885,0.02312,0.00742,0.02041,0.00541,0.0219,0.00846,0.02558,0.00547,0.02566,0.00814,0.0255,0.00778,0.02183,0.00842,0.02021,0.00924,0.01988,0.01083,0.02528,0.0083,0.02399,0.01077,0.02112,0.0083,0.01736,0.00957
65,0.02723,0.0285,0.03357,0.01821,0.03259,0.03103,0.03257,0.02853,0.03534,0.02934,0.0344,0.02323,0.03387,0.02442,0.03594,0.03154,0.03415,0.02697,0.03344,0.02777,0.03379,0.02731,0.03481,0.03315,0.03277,0.02844,0.03277,0.02779,0.03387,0.02743
66,0.01664,0.00771,0.01431,0.00728,0.02278,0.01153,0.02322,0.01343,0.02254,0.01091,0.02181,0.01306,0.02154,0.01076,0.02311,0.01122,0.02263,0.01047,0.02299,0.00946,0.02487,0.0102,0.01831,0.01053,0.02493,0.0101,0.02212,0.0078,0.02094,0.00769
67,0.02101,0.01722,0.01882,0.01667,0.02116,0.00883,0.01456,0.00204,0.00846,0.00282,0.01801,0.0085,0.01767,0.00128,0.01663,-0.00304,0.01721,-0.0065,0.01722,-0.0024,0.01818,-0.00149,0.01478,-0.00338,0.01488,-0.00318,0.01816,-0.00335,0.01524,-0.00129
68,0.02986,0.01537,0.02603,0.01483,0.02617,0.01482,0.02632,0.01752,0.02704,0.0191,0.02685,0.01228,0.02972,0.0073,0.02996,0.00755,0.02939,0.0094,0.02654,0.00857,0.0253,0.01307,0.02445,0.01551,0.02487,0.01614,0.02862,0.01744,0.02779,0.01054
69,0.026,0.01645,0.03183,0.01375,0.02782,0.01504,0.03047,0.01428,0.03052,0.01127,0.03206,0.01547,0.0335,0.01236,0.03591,0.01146,0.03517,0.01585,0.03412,0.01637,0.03009,0.0129,0.0337,0.01388,0.03332,0.01635,0.03139,0.01508,0.03032,0.01597
70,0.0235,0.01253,0.02278,0.01057,0.02252,0.00946,0.02606,0.01636,0.03072,0.01964,0.03012,0.01943,0.0293,0.02013,0.02706,0.01605,0.02864,0.022,0.02404,0.01612,0.02351,0.01703,0.02783,0.02049,0.02672,0.0149,0.02951,0.02235,0.02593,0.01675
71,0.00654,0.01544,0.01118,0.0302,0.01574,0.02769,0.01845,0.0252,0.01759,0.01831,0.02047,0.01821,0.01684,0.02152,0.01675,0.02548,0.01933,0.02039,0.0205,0.021,0.02228,0.01598,0.02053,0.01363,0.01905,0.0168,0.02014,0.01101,0.02233,0.01074
72,0.02157,0.01108,0.01498,0.01123,0.01656,0.01348,0.01865,0.00671,0.0227,0.01074,0.02392,0.01183,0.01619,0.01141,0.0197,0.00736,0.01821,0.01323,0.02223,0.01532,0.01822,0.01201,0.02054,0.01447,0.02299,0.01229,0.0206,0.01367,0.01773,0.01613
73,0.02465,0.01218,0.02571,0.00987,0.0243,0.01057,0.02827,0.01364,0.03001,0.0132,0.0302,0.01784,0.02848,0.01292,0.0284,0.01613,0.02763,0.01343,0.02912,0.01352,0.02874,0.01277,0.02911,0.01544,0.02848,0.01675,0.02829,0.01654,0.02954,0.01116
74,0.01701,0.00724,0.01724,0.00702,0.01973,-0.00023,0.01931,-0.00152,0.02156,-0.00497,0.0166,-0.00043,0.01826,0.00373,0.01961,0.00606,0.02075,-0.00159,0.01974,-0.00207,0.02194,0.00269,0.01986,0.00423,0.01757,0.00136,0.0185,0.00298,0.02079,0.00533
75,0.01855,0.02397,0.01893,0.03132,0.02201,0.0354,0.0234,0.03278,0.02594,0.03252,0.02039,0.03461,0.02235,0.03559,0.02022,0.04091,0.02089,0.04083,0.02192,0.03462,0.01928,0.03998,0.01898,0.04151,0.0199,0.04519,0.01912,0.04324,0.01924,0.04188
76,0.02399,0.0244,0.02535,0.02097,0.01628,0.01984,0.02381,0.01204,0.0246,0.02168,0.02671,0.02005,0.02374,0.01644,0.02626,0.01917,0.02415,0.02103,0.02257,0.02256,0.01864,0.01615,0.01722,0.01819,0.02149,0.02306,0.01973,0.02111,0.02205,0.02308
77,0.01664,0.0252,0.02057,0.02964,0.01958,0.02914,0.0184,0.02821,0.01996,0.02508,0.02021,0.02366,0.02017,0.02912,0.01778,0.03225,0.01841,0.03292,0.01911,0.02967,0.02049,0.03135,0.01906,0.02919,0.01993,0.03041,0.02143,0.02975,0.01951,0.03233
78,0.02001,0.01346,0.02904,0.01097,0.02684,0.02206,0.02886,0.01651,0.02832,0.01898,0.02871,0.01695,0.02914,0.01123,0.0287,0.02103,0.02966,0.02286,0.02998,0.02403,0.0263,0.02237,0.02889,0.02832,0.02935,0.02744,0.02739,0.02894,0.0262,0.02742
79,0.0268,0.01327,0.03025,0.01356,0.03011,0.01291,0.03085,0.00956,0.03047,0.01153,0.03147,0.01204,0.03135,0.01056,0.03359,0.0163,0.03073,0.01939,0.02741,0.01608,0.031,0.01706,0.03011,0.01645,0.02936,0.01638,0.02957,0.01847,0.03366,0.01755
80,0.01209,0.00728,0.00963,0.02663,0.02187,0.01237,0.02005,0.01053,0.02153,0.00999,0.02515,0.01566,0.02407,0.01104,0.02545,0.01261,0.02506,0.0112,0.02684,0.01263,0.02678,0.01156,0.01965,0.01436,0.02126,0.01332,0.02196,0.0136,0.02245,0.01297
81,0.00802,-0.00311,0.00342,0.00146,0.00738,0.00427,0.01385,0.00816,0.0108,0.01218,0.01101,-0.00172,0.01287,-0.00292,0.0125,0.00394,0.01495,0.00884,0.01604,0.00441,0.01404,0.00512,0.01483,0.00441,0.01334,0.00721,0.01661,-0.00409,0.01635,-0.00225
82,0.02761,0.03261,0.03351,0.02167,0.03282,0.02503,0.03299,0.03218,0.03428,0.02558,0.03452,0.02495,0.03339,0.02314,0.03312,0.02856,0.03226,0.02969,0.03225,0.03255,0.03419,0.03315,0.03379,0.03891,0.03447,0.03625,0.0324,0.033,0.03099,0.03502
83,0.00434,0.00815,0.00885,0.00344,0.01063,-0.00395,0.01374,-0.01463,0.0141,-0.01494,0.01375,-0.00898,0.01533,-0.00951,0.01294,-0.01132,0.01836,-0.00889,0.01746,-0.00729,0.0176,-0.01704,0.01859,-0.01378,0.01641,-0.02268,0.01437,-0.02153,0.01569,-0.02219
84,0.02907,0.02204,0.03504,0.01225,0.03268,0.02098,0.03203,0.01877,0.03388,0.01852,0.03276,0.01477,0.0334,0.01161,0.03455,0.01552,0.03342,0.01872,0.03056,0.02018,0.03175,0.01983,0.03143,0.0232,0.03013,0.0267,0.0304,0.0182,0.03013,0.02199
85,0.03232,0.00834,0.03401,0.00984,0.0339,0.01482,0.03225,0.00997,0.03061,0.01446,0.03194,0.0083,0.03534,0.01027,0.03466,0.01463,0.03456,0.01074,0.03201,0.01483,0.03354,0.01176,0.03347,0.01143,0.03267,0.00908,0.03402,0.00977,0.0344,0.01297
86,0.0107,0.00758,0.0111,0.00821,0.01811,0.00918,0.02157,0.01195,0.02059,0.00905,0.01843,0.0081,0.01833,0.00634,0.01518,0.01371,0.01694,0.01226,0.01701,0.00971,0.01852,0.00729,0.01927,0.00952,0.01911,0.00539,0.01463,0.00406,0.01637,0.00853
87,0.00815,0.00972,0.01555,0.00917,0.01607,0.00763,0.0181,0.00546,0.01494,0.00533,0.01772,0.00492,0.0171,-0.00115,0.01825,0.00085,0.01706,-0.00031,0.01785,-0.0034,0.01542,0.00027,0.01802,0.00538,0.01797,0.00305,0.01937,0.00075,0.01513,-0.00304
88,0.03505,0.0308,0.02236,0.03685,0.02137,0.03505,0.00786,0.02854,0.01081,0.03853,0.01062,0.04093,0.00722,0.04283,0.00929,0.03663,0.01144,0.03674,0.01399,0.03853,0.00973,0.04151,0.01631,0.03946,0.01239,0.03801,0.01934,0.03925,0.01316,0.03888
89,0.02085,0.01835,0.02263,0.02378,0.02248,0.02566,0.02808,0.02518,0.02973,0.02328,0.03116,0.02802,0.02847,0.02425,0.02963,0.02908,0.0296,0.02957,0.02988,0.03016,0.02722,0.02768,0.02673,0.03299,0.02997,0.02986,0.0287,0.02969,0.02919,0.03054
90,0.02738,0.01162,0.03227,0.01405,0.03238,0.0133,0.02948,0.0128,0.03247,0.01928,0.03221,0.01682,0.0318,0.01754,0.03358,0.01366,0.03141,0.01518,0.03361,0.01324,0.02914,0.01914,0.0277,0.02257,0.02596,0.01906,0.0298,0.02324,0.02994,0.02031
91,0.01,0.03663,0.02182,0.03291,0.0155,0.02543,0.02051,0.02067,0.01725,0.01934,0.01788,0.03003,0.01804,0.02418,0.02169,0.01881,0.01947,0.02245,0.01933,0.02747,0.02001,0.02439,0.0188,0.02272,0.01983,0.02088,0.0195,0.02218,0.01962,0.0176
92,0.01201,0.01859,0.01504,0.0103,0.01675,0.01329,0.01938,0.01863,0.01691,0.01316,0.01584,0.00915,0.01345,0.00852,0.01416,0.01398,0.01305,0.01592,0.01386,0.01003,0.01688,0.01431,0.0141,0.01581,0.01169,0.00956,0.01436,0.00945,0.01617,0.0117
93,0.02414,0.00842,0.02202,0.00752,0.0265,0.00781,0.02861,0.0091,0.0303,0.01222,0.03018,0.01735,0.0305,0.01537,0.03129,0.01261,0.03282,0.017,0.03006,0.01287,0.03046,0.01262,0.02881,0.01497,0.03125,0.01378,0.03076,0.01629,0.02933,0.01373
94,0.034,0.0179,0.03624,0.02248,0.03621,0.02046,0.03384,0.01637,0.0333,0.02047,0.03527,0.01519,0.03332,0.0151,0.03488,0.01426,0.03233,0.0184,0.03244,0.01405,0.03563,0.01379,0.03471,0.01777,0.03324,0.01625,0.03474,0.01891,0.03511,0.0175
95,0.01826,0.01131,0.01177,0.01069,0.0221,0.01341,0.02237,0.01278,0.02697,0.02136,0.02678,0.02278,0.02529,0.02124,0.02576,0.02203,0.02447,0.02585,0.02796,0.02222,0.02894,0.02019,0.02861,0.0285,0.0298,0.02669,0.03141,0.02887,0.03022,0.02525
96,0.02127,0.02272,0.03152,0.02599,0.03037,0.03061,0.0278,0.03131,0.03119,0.02572,0.03272,0.02433,0.03124,0.0253,0.03115,0.01929,0.03161,0.02599,0.03373,0.02337,0.03417,0.02378,0.03882,0.02136,0.03759,0.02216,0.0383,0.0222,0.0373,0.02387
97,0.01519,0.01073,0.00165,0.00903,0.01665,0.00866,0.01931,0.01472,0.01997,0.01372,0.02182,0.01344,0.01972,0.01049,0.01812,0.01367,0.01989,0.01964,0.01966,0.01696,0.02029,0.01599,0.01935,0.01507,0.02014,0.01397,0.02025,0.01351,0.01821,0.01323
98,0.03139,0.03096,0.03706,0.02528,0.03576,0.0318,0.03656,0.02744,0.0394,0.02715,0.03476,0.02688,0.03562,0.02749,0.036,0.02935,0.03556,0.03145,0.0317,0.03044,0.03332,0.03437,0.03375,0.03538,0.03177,0.03259,0.03103,0.03303,0.03183,0.02729
99,0.01607,0.02194,0.02294,0.03143,0.02307,0.03478,0.02063,0.03512,0.018,0.03134,0.01965,0.03026,0.02078,0.03594,0.02275,0.04039,0.02039,0.03969,0.01731,0.03472,0.01854,0.04116,0.01597,0.04007,0.01384,0.03906,0.01734,0.04011,0.0157,0.04246
100,0.01197,0.01175,0.01919,0.02253,0.01805,0.03693,0.02387,0.03249,0.0226,0.0285,0.02406,0.02448,0.01886,0.03499,0.01957,0.03641,0.02097,0.03376,0.01844,0.03403,0.01792,0.03367,0.01737,0.03498,0.01931,0.03792,0.01755,0.02983,0.01765,0.03649
101,0.0314,0.01953,0.03153,0.01749,0.0316,0.01535,0.03394,0.01396,0.03452,0.02041,0.03222,0.02176,0.03202,0.02143,0.03215,0.01701,0.03317,0.02178,0.03214,0.01858,0.03246,0.02043,0.03352,0.02171,0.03381,0.0253,0.03402,0.02478,0.03295,0.02052
102,0.02048,0.01931,0.04573,0.01337,0.04292,0.01414,0.04335,0.01263,0.03995,0.01523,0.03901,0.01679,0.04281,0.01174,0.04336,0.01349,0.04056,0.01511,0.03974,0.01353,0.04005,0.01224,0.03873,0.01301,0.03813,0.01557,0.04011,0.01401,0.0401,0.0126
103,0.01658,0.01442,0.01808,0.01038,0.02511,0.015,0.02385,0.01461,0.02094,0.02067,0.02067,0.02035,0.0244,0.02131,0.02228,0.01495,0.01928,0.01813,0.02178,0.01975,0.01993,0.01858,0.02213,0.01955,0.02072,0.0216,0.01985,0.02498,0.01864,0.02082
104,0.02657,0.00894,0.02619,0.01112,0.02804,0.00891,0.02639,0.00939,0.02501,0.00928,0.02363,0.00581,0.02498,0.01516,0.02637,0.01438,0.02592,0.016,0.02216,0.01105,0.02302,0.01505,0.02312,0.01484,0.02438,0.01632,0.02481,0.01261,0.02782,0.01406
105,0.03593,0.01155,0.04145,0.01026,0.03882,0.01234,0.03339,0.00989,0.03658,0.01129,0.03868,0.01269,0.03829,0.01298,0.03851,0.01121,0.03817,0.01219,0.03888,0.0136,0.03869,0.01149,0.03923,0.0125,0.0407,0.01592,0.04227,0.00735,0.04387,0.00913
106,0.03087,0.0191,0.03343,0.01568,0.03294,0.01832,0.03243,0.01299,0.03412,0.0245,0.03334,0.01882,0.03323,0.01971,0.03502,0.02052,0.03329,0.02136,0.03377,0.01682,0.03571,0.01879,0.03559,0.02378,0.03577,0.01953,0.03447,0.0198,0.03418,0.0185
107,0.03336,0.00811,0.03333,0.00798,0.03307,0.00934,0.03276,-0.00032,0.0306,0.00227,0.02844,0.00637,0.0328,0.0081,0.03155,0.00774,0.03152,0.00284,0.0323,0.00373,0.0333,0.0077,0.03214,0.00524,0.03191,0.0041,0.03263,0.00486,0.03386,0.00989
108,0.0185,0.00567,0.01811,0.01052,0.02576,0.01259,0.02106,0.00847,0.02068,0.01528,0.02224,0.0146,0.02288,0.01191,0.02571,0.01236,0.0246,0.01613,0.02268,0.01317,0.02266,0.01307,0.02112,0.01773,0.02242,0.01604,0.02284,0.01561,0.0198,0.01633
109,0.01804,0.01295,0.01303,0.01768,0.0169,0.02213,0.02132,0.01477,0.01636,0.01352,0.02016,0.01932,0.019,0.00925,0.01928,0.0113,0.0167,0.01283,0.01463,0.01179,0.013,0.01065,0.01789,0.01374,0.02032,0.01566,0.01501,0.01859,0.01455,0.01837
110,0.02334,0.005,0.0226,0.00443,0.01746,0.00659,0.02305,-0.00094,0.01801,0.00613,0.02037,0.00289,0.01661,0.00018,0.01659,0.00445,0.01704,0.00055,0.01734,-0.00235,0.0159,0.00161,0.02178,0.00309,0.01829,0.00193,0.01906,0.00265,0.02115,0.00583
111,0.02699,0.01189,0.02047,0.01362,0.01894,0.01621,0.02429,0.01567,0.02474,0.01505,0.02737,0.0147,0.02206,0.01276,0.02433,0.02061,0.02666,0.02046,0.0271,0.01866,0.02447,0.01801,0.02585,0.0193,0.02661,0.0193,0.02319,0.0225,0.02377,0.01849
112,0.03129,0.00456,0.03039,0.01282,0.03089,0.00809,0.03207,0.00759,0.02808,0.00634,0.03218,0.00944,0.03243,0.01016,0.0322,0.00841,0.03463,0.00699,0.03001,0.00901,0.03077,0.00891,0.03389,0.01102,0.03127,0.01051,0.03211,0.01035,0.03517,0.01081
113,0.02119,0.01548,0.01852,0.02092,0.01726,0.02881,0.02104,0.0272,0.02125,0.02092,0.02599,0.02375,0.02531,0.0269,0.02418,0.02827,0.02755,0.02102,0.02302,0.02313,0.02135,0.02564,0.02163,0.02426,0.0227,0.02479,0.02185,0.02345,0.02208,0.02694
114,0.0141,0.00651,0.00904,0.01585,0.01174,0.027,0.01732,0.02714,0.01678,0.01861,0.01679,0.01842,0.01691,0.01482,0.01573,0.01155,0.01559,0.00928,0.01612,0.01331,0.01479,0.01223,0.01565,0.01362,0.01661,0.00987,0.01623,0.01426,0.01549,0.01502
115,0.03002,0.01514,0.03378,0.01553,0.03318,0.01007,0.03209,0.01069,0.03363,0.01755,0.03077,0.01778,0.03179,0.01344,0.03181,0.01314,0.03187,0.01112,0.03035,0.0115,0.03383,0.0137,0.03593,0.01837,0.03603,0.01698,0.03702,0.01688,0.03721,0.01257
116,0.02474,0.01923,0.0217,0.01733,0.02819,0.01156,0.0223,0.01114,0.02408,0.012,0.02288,0.01186,0.02148,0.01199,0.02498,0.01312,0.02574,0.0172,0.02376,0.01306,0.02473,0.00919,0.02293,0.01333,0.0245,0.0146,0.02435,0.01465,0.0239,0.01502
117,0.01952,0.02169,0.03061,0.01256,0.03144,0.01023,0.03096,0.00724,0.03022,0.00816,0.03366,0.01316,0.03385,0.01175,0.03313,0.01476,0.03305,0.01115,0.03445,0.01256,0.03448,0.01381,0.03707,0.01071,0.03838,0.00984,0.03988,0.01099,0.03917,0.01309
118,0.01052,0.00294,0.00763,0.00137,0.01429,-7e-05,0.01445,-0.00394,0.01533,-0.00381,0.01782,-0.00946,0.01607,-0.01055,0.01579,-0.00734,0.01589,-0.01148,0.01581,-0.01026,0.01661,-0.01114,0.01877,-0.01269,0.01891,-0.01395,0.01892,-0.01245,0.01427,-0.01387
119,0.0169,0.01984,0.01661,0.02296,0.02393,0.01724,0.02219,0.00607,0.02181,0.01503,0.02822,0.0117,0.02474,0.00604,0.02551,0.00504,0.02599,0.01112,0.02257,0.01014,0.02074,0.00902,0.02404,0.01301,0.02589,0.00789,0.02229,0.01209,0.0247,0.01609
120,0.01497,0.0054,0.02447,0.00553,0.02141,0.00322,0.02161,0.00067,0.0209,-0.00024,0.0207,0.00511,0.02489,0.00664,0.02754,0.00931,0.02567,0.00426,0.02582,0.00529,0.02378,0.00802,0.02218,0.00763,0.02287,0.0083,0.0211,0.00689,0.0253,0.00478
121,0.02226,0.01632,0.02283,0.02167,0.02885,0.02309,0.02531,0.02371,0.02798,0.00949,0.02721,0.00771,0.02595,0.01234,0.02525,0.01291,0.02669,0.02042,0.02792,0.01144,0.02447,0.01453,0.02817,0.0139,0.02554,0.01207,0.02649,0.00994,0.03133,0.01715
122,0.03258,0.00891,0.02867,0.01115,0.02922,0.00962,0.03187,0.01163,0.02873,0.01208,0.02894,0.01538,0.03092,0.01268,0.0303,0.0112,0.03295,0.01348,0.03104,0.01204,0.03106,0.01337,0.0293,0.01396,0.03069,0.01356,0.03174,0.01343,0.03102,0.01164
123,0.03072,0.01433,0.03108,0.00936,0.03137,0.01669,0.03163,0.01743,0.03143,0.0178,0.02971,0.0162,0.02835,0.02113,0.02887,0.02403,0.02793,0.02728,0.02761,0.02521,0.02838,0.02383,0.02449,0.02433,0.02204,0.01978,0.02532,0.02471,0.02709,0.02878
124,0.02185,0.03813,0.02951,0.04073,0.02726,0.03201,0.02588,0.02859,0.02141,0.02456,0.0229,0.02278,0.02576,0.02774,0.02704,0.02588,0.02328,0.02313,0.02247,0.02426,0.02626,0.02554,0.02077,0.0263,0.02807,0.0212,0.02619,0.02639,0.0249,0.02818
125,0.01043,0.00659,0.00544,0.00456,0.01706,0.00803,0.01894,0.0145,0.01191,0.00925,0.01764,0.00448,0.01685,0.00315,0.01449,0.01001,0.01943,0.00566,0.01603,0.00283,0.01877,-0.00332,0.01858,-0.00053,0.01541,0.0079,0.01784,-0.00369,0.01949,-0.00453
126,0.03241,0.01189,0.03161,0.00987,0.03254,0.00256,0.03177,-0.00661,0.03009,-0.00493,0.02929,0.00254,0.03285,0.00964,0.03074,0.00924,0.03371,0.00946,0.03485,0.00399,0.03271,0.00999,0.02966,0.01025,0.03286,0.00808,0.03265,0.00694,0.03118,0.00721
127,0.0324,0.03206,0.03306,0.02998,0.03233,0.03533,0.03283,0.03239,0.03298,0.03527,0.03138,0.03326,0.03359,0.03464,0.03333,0.03251,0.03137,0.03517,0.03124,0.0348,0.03113,0.03944,0.03161,0.04018,0.03166,0.03845,0.0309,0.03857,0.03049,0.03904
128,0.02727,0.01512,0.03093,0.0138,0.02946,0.01003,0.02707,0.01204,0.0274,0.01198,0.03202,0.00914,0.03169,0.00521,0.03126,0.00297,0.0272,0.00819,0.02694,0.00684,0.0327,0.00689,0.03139,0.00772,0.03002,0.01328,0.0329,0.01163,0.03027,0.01132
129,0.03402,0.02574,0.03541,0.02626,0.03458,0.02607,0.03435,0.02006,0.03561,0.02794,0.03636,0.02415,0.03686,0.02816,0.03612,0.02136,0.03459,0.0252,0.03346,0.02791,0.03437,0.03204,0.03353,0.03342,0.03397,0.03408,0.03383,0.0327,0.03295,0.02745
130,0.0241,0.0124,0.02397,0.00911,0.01916,0.01465,0.02596,0.01724,0.02861,0.01588,0.02993,0.01366,0.02539,0.0106,0.02578,0.01595,0.0297,0.01296,0.02618,0.01758,0.02669,0.01358,0.02874,0.01263,0.02629,0.014,0.02725,0.01235,0.0289,0.01394
131,0.02,0.00613,0.01683,0.00163,0.01913,-0.00488,0.01776,-0.00612,0.01875,-0.00868,0.01816,-0.0072,0.01712,-0.00394,0.01406,-0.01261,0.01397,-0.01281,0.01595,-0.01402,0.01126,-0.01285,0.01508,-0.01384,0.01791,-0.0145,0.01682,-0.01349,0.01587,-0.01317
132,0.01011,0.0057,0.01016,0.00203,0.01393,0.00313,0.01382,-0.00278,0.02068,-0.00316,0.02119,0.00336,0.02044,0.00434,0.02081,-0.00199,0.02016,-0.00367,0.01839,-0.00362,0.02145,-0.0055,0.02179,-0.00921,0.02273,-0.00809,0.02092,-0.00462,0.02008,-0.00672
133,0.01341,0.00274,0.01257,0.00997,0.01167,0.01175,0.01544,0.01216,0.01374,0.01254,0.01696,0.01379,0.01171,0.01495,0.01221,0.01549,0.0108,0.01791,0.01129,0.01418,0.0152,0.01335,0.0148,0.01466,0.00933,0.01782,0.01124,0.01463,0.00969,0.01556
134,0.03315,0.02895,0.03442,0.02691,0.03254,0.02839,0.03193,0.02915,0.0349,0.03338,0.03161,0.03069,0.03069,0.0269,0.03371,0.0316,0.03126,0.03096,0.03391,0.0331,0.03369,0.03618,0.03272,0.03394,0.03255,0.03408,0.03394,0.03246,0.03418,0.03562
135,0.00816,0.00987,0.00497,0.01648,0.00657,0.02342,0.01635,0.02322,0.01345,0.0243,0.00874,0.02543,0.01016,0.0278,0.01128,0.02213,0.01234,0.02228,0.00804,0.02218,0.01337,0.02094,0.00896,0.02953,0.01115,0.02415,0.00923,0.02935,0.01011,0.02619
136,0.02934,0.03628,0.03269,0.0306,0.03014,0.03071,0.03089,0.02758,0.03121,0.02471,0.03164,0.02891,0.03272,0.0293,0.02926,0.02778,0.02747,0.02491,0.03028,0.03095,0.03038,0.03009,0.02919,0.02524,0.03021,0.02762,0.03243,0.02624,0.03144,0.02672
137,0.02366,0.02297,0.02766,0.0206,0.02862,0.0245,0.02802,0.02735,0.03018,0.02791,0.02845,0.02972,0.02417,0.02473,0.02479,0.0281,0.02762,0.02995,0.02576,0.02946,0.0259,0.02867,0.02287,0.02366,0.02215,0.02598,0.02434,0.02908,0.02506,0.03411
138,0.0254,0.02179,0.03595,0.01246,0.03204,0.01578,0.02995,0.0114,0.03218,0.01368,0.03244,0.0105,0.03428,0.01232,0.03444,0.01624,0.03536,0.01624,0.03667,0.01441,0.03834,0.01754,0.0386,0.01355,0.0388,0.01448,0.04121,0.01156,0.04061,0.00917
139,0.02918,0.01972,0.04589,0.01403,0.04568,0.01599,0.04526,0.01429,0.04712,0.01432,0.04374,0.0132,0.04464,0.01317,0.04505,0.01253,0.04145,0.01218,0.04299,0.01576,0.04353,0.01329,0.04318,0.0139,0.04534,0.01369,0.0436,0.01301,0.04665,0.01169
140,0.0288,0.00854,0.03538,0.01292,0.03555,0.00624,0.037,-0.00175,0.03563,0.002,0.03276,0.00731,0.03279,0.01681,0.03206,0.01112,0.03173,0.01635,0.03385,0.01748,0.03121,0.01125,0.02561,0.01388,0.02924,0.0106,0.02956,0.00732,0.02955,0.00576
141,0.02619,0.0159,0.02548,0.01839,0.02735,0.01034,0.02589,0.00962,0.02273,0.0142,0.02539,0.01502,0.02279,0.01531,0.02119,0.01334,0.02108,0.01266,0.02158,0.01312,0.02437,0.01475,0.02176,0.0145,0.02294,0.00717,0.02078,0.01397,0.02126,0.01762
142,0.0357,0.01518,0.03755,0.01512,0.03609,0.01035,0.03629,0.01017,0.03469,0.00877,0.03818,0.01255,0.03808,0.01439,0.03698,0.01399,0.03662,0.01456,0.03599,0.01694,0.03878,0.01407,0.03681,0.01218,0.03937,0.01348,0.03812,0.01355,0.03867,0.0141
143,0.02656,0.01683,0.03309,0.01878,0.0333,0.02476,0.03384,0.01871,0.03291,0.02287,0.03314,0.02899,0.03066,0.02489,0.02856,0.0233,0.03059,0.02679,0.03016,0.02349,0.02937,0.02502,0.02998,0.02626,0.02955,0.0311,0.03039,0.03152,0.02952,0.02821
144,0.01457,0.01541,0.01957,0.02084,0.00986,0.01762,0.01153,0.01586,0.01366,0.02228,0.01098,0.0238,0.01089,0.02384,0.00768,0.01725,0.00769,0.02431,0.01338,0.02359,0.01329,0.02037,0.01029,0.02586,0.01247,0.0255,0.0103,0.02405,0.01248,0.02659
145,0.03,0.03683,0.03045,0.02484,0.02861,0.02869,0.02642,0.02849,0.02641,0.02691,0.02982,0.02967,0.02822,0.03041,0.02822,0.0348,0.02805,0.03847,0.02673,0.03678,0.02646,0.04151,0.02728,0.04001,0.02691,0.04393,0.02892,0.03698,0.02807,0.04168
146,0.01254,0.00996,0.01339,0.02574,0.01753,0.02564,0.02323,0.02217,0.01942,0.02558,0.01713,0.02351,0.02138,0.027,0.02133,0.03868,0.01848,0.03605,0.01895,0.03222,0.02111,0.03181,0.01882,0.0305,0.02108,0.03032,0.01964,0.0362,0.01741,0.03647
147,0.00609,0.00852,0.01067,0.00538,0.01342,0.00718,0.01683,-0.00217,0.01667,-0.01026,0.01952,-0.00682,0.01629,-0.0156,0.01456,-0.01801,0.01562,-0.01879,0.01547,-0.01911,0.01566,-0.02142,0.01986,-0.01942,0.01959,-0.02286,0.02071,-0.01877,0.01723,-0.02054
148,0.02954,0.01577,0.02545,0.01433,0.02653,0.01031,0.0234,0.00869,0.02505,0.01135,0.02543,0.00286,0.02188,0.00104,0.02403,0.00456,0.02152,0.00174,0.02458,0.00313,0.02257,0.00161,0.01819,0.00387,0.0182,0.00231,0.01982,5e-05,0.02275,0.00455
149,0.02035,0.03188,0.02147,0.02953,0.02378,0.0245,0.02771,0.02763,0.02434,0.02813,0.02485,0.02954,0.02382,0.02325,0.02408,0.02765,0.02228,0.02475,0.02433,0.02813,0.0227,0.03055,0.02133,0.02779,0.01869,0.02878,0.02255,0.03201,0.02283,0.02679
150,0.02636,0.00976,0.0289,0.00505,0.02915,-0.00329,0.02778,-0.00866,0.02885,-0.01182,0.02662,-0.00117,0.02997,0.01093,0.02881,0.00434,0.03219,0.00481,0.02875,0.00244,0.02841,0.00527,0.02843,-0.00064,0.02726,0.00221,0.02757,0.00245,0.02495,0.00191
151,0.03248,0.01841,0.03489,0.01334,0.03269,0.01703,0.02915,0.01242,0.03105,0.01389,0.03028,0.01185,0.03197,0.0061,0.03108,0.00837,0.02871,0.01013,0.03003,0.01473,0.03077,0.01669,0.03174,0.01307,0.03006,0.01437,0.03096,0.0127,0.03191,0.01331
152,0.02759,0.01665,0.02799,0.00861,0.0286,0.00973,0.02898,0.0158,0.03026,0.01716,0.0296,0.01196,0.02857,0.0118,0.02519,0.01451,0.03124,0.01778,0.03104,0.01482,0.03125,0.01141,0.02993,0.01167,0.03364,0.01643,0.03505,0.01468,0.03398,0.01548
153,0.03211,0.0265,0.03371,0.02866,0.03278,0.02757,0.03367,0.02672,0.03747,0.02985,0.03566,0.02892,0.03554,0.02653,0.03488,0.02828,0.03122,0.02811,0.03144,0.03097,0.0325,0.03242,0.03237,0.03269,0.03294,0.03014,0.03307,0.03261,0.03176,0.02905
154,0.02403,0.00602,0.02442,0.00654,0.02004,0.00244,0.02326,-0.01007,0.0263,-0.00661,0.01961,0.00291,0.02361,0.01017,0.0231,0.00977,0.02685,0.00724,0.02372,0.0059,0.01897,0.00934,0.02248,0.00778,0.0217,0.00838,0.02189,0.00619,0.02372,0.00642
155,0.0266,0.02498,0.03203,0.01592,0.03049,0.01089,0.02734,0.01308,0.02955,0.01146,0.03072,0.01164,0.03063,0.01194,0.02785,0.00908,0.02991,0.01319,0.03293,0.0139,0.03587,0.01187,0.02875,0.00874,0.03038,0.00811,0.03087,0.01062,0.0308,0.00455
156,0.01287,0.006,0.01278,0.01063,0.01787,0.01733,0.0183,0.01384,0.01765,0.02042,0.01399,0.01615,0.0139,0.01758,0.01601,0.02037,0.0162,0.02342,0.01478,0.0189,0.01564,0.02545,0.01928,0.02556,0.01508,0.02055,0.01485,0.02135,0.00839,0.0262
157,0.0318,0.01607,0.03244,0.01363,0.02883,0.00955,0.03218,0.00993,0.03415,0.01764,0.03368,0.01961,0.03297,0.01313,0.03389,0.01344,0.0342,0.02015,0.03265,0.01809,0.03305,0.01899,0.03472,0.01891,0.0331,0.02021,0.03345,0.02393,0.03575,0.01845
158,0.02803,0.01886,0.02996,0.02357,0.02992,0.01943,0.03134,0.01829,0.03346,0.01685,0.03328,0.02152,0.03272,0.01891,0.03255,0.02267,0.0322,0.0226,0.03198,0.01987,0.02705,0.01015,0.02779,0.00869,0.02423,0.01404,0.0252,0.01293,0.02425,0.00843
159,0.02102,0.02141,0.01964,0.02009,0.02148,0.02068,0.02175,0.0082,0.02049,0.00478,0.02347,0.01223,0.01882,0.00066,0.02355,0.00389,0.02251,0.0054,0.02368,0.00308,0.02078,0.00471,0.02202,0.00512,0.02406,0.00046,0.02123,0.00648,0.01928,0.00615
160,0.02606,0.01691,0.02917,0.02768,0.02892,0.01544,0.02831,0.01072,0.02309,0.01042,0.02471,0.0155,0.02674,0.01954,0.02773,0.0134,0.02729,0.01486,0.02654,0.01303,0.02617,0.01415,0.02437,0.01722,0.02523,0.00703,0.02674,0.01038,0.03019,0.01151
161,0.0233,0.01797,0.0226,0.0152,0.02218,0.01567,0.02118,0.01667,0.02273,0.01675,0.02293,0.01571,0.02109,0.01858,0.01802,0.02851,0.02178,0.02291,0.01822,0.03,0.01804,0.02515,0.01991,0.0288,0.01903,0.02446,0.01896,0.02408,0.01766,0.03198
162,0.0057,0.01935,0.00459,0.02455,0.00258,0.0254,0.01302,0.02793,0.01373,0.031,0.00966,0.0305,0.00309,0.03679,0.00421,0.03604,0.00545,0.03311,0.00359,0.03509,0.00426,0.03015,-0.00032,0.02981,0.00173,0.02844,0.00253,0.03081,0.00508,0.03008
163,0.01206,0.00451,0.01123,0.00361,0.01902,0.00065,0.02109,0.0069,0.0162,0.00559,0.0198,0.00846,0.02124,0.00756,0.02072,0.01402,0.02055,0.00777,0.02097,0.00806,0.02361,0.00942,0.02094,0.00977,0.02209,0.01284,0.02411,0.01138,0.02459,0.01505
164,0.03398,0.01042,0.03333,0.01167,0.03298,0.0149,0.03234,0.01112,0.03302,0.01415,0.03228,0.01989,0.03298,0.01863,0.03437,0.02006,0.03499,0.02349,0.03412,0.02054,0.03213,0.02089,0.03292,0.02827,0.0319,0.02302,0.03199,0.02391,0.03197,0.02263
165,0.02889,0.0166,0.02878,0.00855,0.0297,0.0168,0.03056,0.01061,0.03022,0.01237,0.03079,0.01397,0.02986,0.00897,0.02965,0.01169,0.02914,0.01232,0.02702,0.0142,0.02954,0.0161,0.02989,0.01864,0.02731,0.01536,0.02762,0.02398,0.03045,0.0192
166,0.0291,0.02307,0.03566,0.01873,0.03736,0.02766,0.03865,0.02332,0.03871,0.02723,0.03473,0.02406,0.03873,0.02458,0.03713,0.02666,0.03433,0.02648,0.03126,0.02622,0.02949,0.02648,0.03262,0.02722,0.03141,0.02983,0.03068,0.02639,0.03166,0.02953
167,0.02902,0.01824,0.03272,0.01721,0.02961,0.01768,0.03132,0.01272,0.03374,0.01225,0.03266,0.0125,0.03169,0.00634,0.03359,0.01092,0.02974,0.01719,0.03034,0.0187,0.03172,0.01698,0.03282,0.02085,0.03322,0.01631,0.03054,0.01549,0.03506,0.01823
168,0.02679,0.0134,0.02514,0.01644,0.02147,0.01262,0.02604,0.01393,0.01905,0.01103,0.02141,0.02261,0.01894,0.01777,0.0258,0.01176,0.0224,0.00887,0.0174,0.013,0.01742,0.01198,0.01247,0.01302,0.01595,0.01504,0.01423,0.00694,0.01742,0.01541
169,0.03225,0.01796,0.03077,0.01248,0.03259,0.01992,0.03239,0.01425,0.03309,0.01668,0.03177,0.01698,0.02999,0.01922,0.03217,0.02637,0.03414,0.02434,0.03289,0.02133,0.03216,0.02358,0.03034,0.02446,0.02825,0.02676,0.03152,0.02021,0.03021,0.01997
170,0.03347,0.01954,0.03414,0.01689,0.0335,0.01658,0.03348,0.01452,0.03521,0.01572,0.03498,0.01568,0.03377,0.01546,0.03513,0.01412,0.03376,0.00912,0.03429,0.01534,0.03748,0.01394,0.03786,0.01636,0.03798,0.01409,0.03734,0.01389,0.03729,0.01724
171,0.02787,0.02871,0.02839,0.02717,0.02685,0.0305,0.0288,0.02235,0.02877,0.02769,0.02671,0.03353,0.02598,0.03216,0.02768,0.03023,0.02714,0.03056,0.02563,0.02964,0.02529,0.03338,0.026,0.03381,0.0242,0.0381,0.02841,0.03364,0.02614,0.03805
172,0.02825,0.02573,0.02589,0.02351,0.02671,0.02251,0.02752,0.02805,0.02076,0.0262,0.02298,0.02557,0.02125,0.03029,0.02645,0.03195,0.02322,0.03463,0.02803,0.02792,0.02293,0.03317,0.02269,0.03837,0.0219,0.03697,0.02403,0.03483,0.02415,0.03561
173,0.02717,0.01843,0.02943,0.01654,0.03237,0.01674,0.03193,0.01321,0.03173,0.01735,0.0305,0.02142,0.02942,0.0214,0.02928,0.02171,0.03079,0.02329,0.02932,0.02229,0.02989,0.02819,0.02566,0.02505,0.02906,0.02838,0.02741,0.0254,0.03097,0.02206
174,0.00416,0.00583,0.00809,0.01106,0.01321,0.01034,0.01734,0.00328,0.01349,-0.0022,0.01485,0.00358,0.01697,0.00472,0.01784,0.00302,0.01812,0.00393,0.01847,-0.00073,0.0224,0.00268,0.02374,0.00014,0.02238,-0.00259,0.01778,0.00169,0.02322,0.00198
175,0.01611,0.00644,0.01943,0.01757,0.02253,0.02588,0.02891,0.02606,0.02663,0.02369,0.02854,0.02724,0.03233,0.02204,0.02927,0.02802,0.03084,0.02739,0.03149,0.02667,0.02781,0.02487,0.02874,0.02543,0.02596,0.02613,0.02539,0.0281,0.0254,0.02804
176,0.0177,0.01687,0.00832,0.03347,0.0075,0.02698,0.00471,0.02413,-0.00168,0.02879,0.0019,0.03543,0.00295,0.03828,0.00413,0.03468,0.00037,0.02846,0.00124,0.03391,0.00538,0.03755,0.00233,0.03385,0.00383,0.03325,0.00016,0.03328,-0.00032,0.03123
177,0.01084,0.0076,0.01196,0.0172,0.01621,0.0189,0.01792,0.01849,0.01559,0.02304,0.01891,0.02384,0.01926,0.02861,0.01851,0.02468,0.01997,0.02366,0.01375,0.02152,0.01299,0.02557,0.01349,0.02551,0.01503,0.02539,0.01148,0.02636,0.01157,0.02354
178,0.02874,0.00295,0.02757,0.00843,0.02503,0.00838,0.02535,0.00817,0.02757,0.01204,0.02427,0.01042,0.02516,0.00714,0.02597,0.01493,0.02847,0.01308,0.02347,0.01906,0.02341,0.01766,0.02388,0.01813,0.02444,0.02166,0.02791,0.01829,0.02615,0.01639
179,0.02959,0.01823,0.04981,0.01234,0.04791,0.01537,0.04775,0.01351,0.04825,0.01225,0.04644,0.01465,0.04842,0.01316,0.04832,0.01312,0.04871,0.01542,0.0485,0.01408,0.04691,0.01247,0.04678,0.0114,0.04633,0.01408,0.04662,0.01496,0.04829,0.01284
180,0.0176,0.01662,0.02287,0.02694,0.02848,0.01704,0.0266,0.01726,0.02644,0.02197,0.02532,0.02219,0.02233,0.02291,0.01873,0.01843,0.02086,0.02293,0.02357,0.01862,0.0177,0.0166,0.02107,0.02071,0.02178,0.02071,0.02326,0.01831,0.02076,0.02363
181,0.01094,0.01388,0.01112,0.02372,0.01324,0.02632,0.01976,0.02345,0.02593,0.02075,0.02187,0.02402,0.02222,0.02399,0.02177,0.02222,0.02536,0.02041,0.02085,0.02369,0.02219,0.01897,0.02362,0.01881,0.02469,0.02427,0.0237,0.02105,0.02278,0.02492
182,0.02549,0.02688,0.02285,0.0278,0.02162,0.03014,0.02643,0.0299,0.02713,0.03115,0.02237,0.0277,0.02555,0.02919,0.02668,0.03435,0.02269,0.03254,0.02587,0.03019,0.02903,0.02929,0.02267,0.03262,0.02209,0.03839,0.02225,0.03991,0.0218,0.04039
183,0.0123,0.01575,0.0125,0.01378,0.01187,0.01633,0.01486,0.01214,0.01575,0.01417,0.01678,0.01469,0.01399,0.01187,0.01777,0.01449,0.01855,0.01528,0.01547,0.01648,0.017,0.0154,0.01773,0.01437,0.01922,0.01645,0.01642,0.01674,0.01494,0.01286
184,0.0191,0.00636,0.02343,0.00718,0.02125,0.00754,0.01704,0.00335,0.0209,0.00147,0.01999,0.00048,0.0241,-0.00147,0.02123,-0.00287,0.02025,-0.00625,0.01856,-0.00383,0.02073,-0.00201,0.01833,-0.00298,0.01644,-0.00273,0.01797,0.00161,0.01951,0.00085
185,0.03152,0.00271,0.02887,0.00711,0.02927,0.00592,0.02777,0.00776,0.02802,0.01197,0.0304,0.01149,0.03027,0.00743,0.03014,0.00758,0.02878,0.01609,0.02795,0.00982,0.02942,0.0138,0.02792,0.01428,0.02885,0.01607,0.02797,0.01663,0.02717,0.01499
186,0.02082,0.00745,0.02213,0.00712,0.02609,0.00587,0.02237,0.00711,0.02481,0.00498,0.0283,0.01232,0.02584,0.01248,0.02662,0.01011,0.02505,0.01173,0.02399,0.01165,0.02344,0.00898,0.02621,0.01043,0.02469,0.0133,0.02522,0.01818,0.02516,0.01642
187,0.03443,0.01786,0.03149,0.01748,0.02791,0.02048,0.03111,0.0139,0.0321,0.02323,0.0324,0.02668,0.03115,0.02288,0.03073,0.02372,0.03379,0.02721,0.0304,0.02769,0.03268,0.02691,0.03452,0.02875,0.03269,0.02529,0.03384,0.02603,0.03311,0.02643
188,0.00569,0.01437,0.00935,0.00373,0.01425,0.01223,0.01778,0.01272,0.01885,0.01241,0.02647,0.01091,0.02385,0.01234,0.02528,0.01306,0.02648,0.0127,0.02376,0.01418,0.0236,0.00994,0.02538,0.00974,0.02409,0.01395,0.0241,0.0078,0.02322,0.00955
189,0.03394,0.02213,0.03376,0.02258,0.03298,0.02145,0.0319,0.01401,0.03413,0.02259,0.03551,0.02098,0.0348,0.01482,0.0347,0.01416,0.02904,0.0143,0.02999,0.01629,0.03237,0.01676,0.03224,0.01645,0.03379,0.01638,0.03442,0.01549,0.03421,0.0174
190,0.02402,0.01798,0.01651,0.02627,-0.00693,0.02872,-0.01238,0.02519,-0.0154,0.03621,-0.01274,0.03241,-0.01441,0.03168,-0.01349,0.02413,-0.01046,0.02542,-0.00836,0.02709,-0.0136,0.03274,-0.00559,0.02697,-0.00737,0.02278,-0.00534,0.02853,-0.00355,0.03425
191,0.01669,0.01887,0.02806,0.01785,0.02852,0.0135,0.02727,0.00985,0.02293,0.0082,0.02856,0.00785,0.02773,0.01182,0.02915,0.01647,0.02984,0.01374,0.03155,0.01327,0.03289,0.01125,0.02981,0.01882,0.03616,0.01532,0.03664,0.01841,0.03637,0.01809
192,0.02126,0.01315,0.01436,0.01483,0.01427,0.01537,0.01826,0.01138,0.01594,0.01127,0.01977,0.01157,0.01594,0.00536,0.01861,0.00669,0.01685,0.00609,0.01668,0.00497,0.01804,0.00348,0.01763,0.00354,0.01917,0.00878,0.01727,0.00412,0.01779,0.00029
193,0.03353,0.00643,0.03223,0.01338,0.03302,0.01475,0.0325,0.01405,0.0348,0.01931,0.03443,0.02053,0.03236,0.02113,0.03261,0.0222,0.03308,0.0246,0.03097,0.02151,0.0318,0.02465,0.0338,0.028,0.03364,0.02846,0.03149,0.02907,0.03377,0.0201
194,0.01209,0.01,0.0155,0.03039,0.0242,0.0257,0.0288,0.02438,0.02416,0.02375,0.02624,0.01968,0.02725,0.01902,0.02515,0.02035,0.02445,0.02355,0.02613,0.02147,0.02694,0.01461,0.02685,0.01852,0.02637,0.02127,0.02448,0.0224,0.02714,0.01753
195,0.02795,0.01911,0.02849,0.01725,0.02727,0.01344,0.02586,0.01255,0.02436,0.01271,0.02621,0.0116,0.0265,0.01256,0.02951,0.0118,0.02816,0.02119,0.0282,0.01342,0.0321,0.01601,0.03563,0.0134,0.03396,0.0154,0.03666,0.0166,0.03458,0.01822
196,0.02291,0.02024,0.02547,0.01896,0.02414,0.02383,0.02581,0.02653,0.02404,0.02093,0.02244,0.021,0.02381,0.02362,0.02427,0.02732,0.02399,0.02696,0.02714,0.02633,0.03051,0.02999,0.02505,0.02546,0.02899,0.02746,0.02843,0.03065,0.02681,0.0293
197,0.02304,0.005,0.01718,0.00176,0.02178,0.0006,0.02363,0.00652,0.02208,0.00734,0.0221,0.00632,0.01881,0.00272,0.02278,0.00545,0.0235,0.00741,0.01966,0.0071,0.01904,0.0066,0.0193,0.01046,0.0182,0.00694,0.01762,0.00575,0.01724,0.00625
198,0.02014,0.03557,0.02706,0.03055,0.02652,0.03485,0.02504,0.03738,0.02472,0.03269,0.02606,0.02823,0.02354,0.03002,0.02746,0.03556,0.02528,0.03742,0.02521,0.03262,0.02647,0.0361,0.02356,0.03204,0.02086,0.03803,0.02344,0.03762,0.02222,0.04077
199,0.0111,0.00747,0.01174,0.01225,0.01118,0.01081,0.01928,0.00678,0.01837,0.01221,0.01733,0.00535,0.0196,0.00859,0.01741,0.00606,0.0219,0.01152,0.01861,0.00971,0.01948,0.01587,0.01623,0.00995,0.01966,0.01153,0.01739,0.0068,0.02043,0.01031
200,0.01403,0.01568,0.00915,0.01371,0.01669,0.00695,0.01527,0.00058,0.01572,-0.00552,0.01779,0.00183,0.0145,0.00682,0.01496,0.00536,0.01696,0.00469,0.01783,0.0008,0.01537,0.00087,0.01606,-0.0007,0.02098,-0.00353,0.01766,-0.00701,0.01904,-0.00683
201,0.01293,0.01625,0.01221,0.02302,0.01348,0.01683,0.01801,0.01034,0.01799,0.01172,0.02136,0.01758,0.02323,0.01133,0.02258,0.01414,0.01787,0.01283,0.01528,0.01298,0.01903,0.02089,0.02236,0.01577,0.02405,0.0197,0.02012,0.02184,0.01898,0.01754
202,0.0318,0.01754,0.03456,0.00954,0.03425,0.00553,0.03139,-0.00343,0.02929,-0.0033,0.02886,-0.00042,0.03182,0.0067,0.03135,0.0013,0.03299,0.00451,0.03347,0.00024,0.03409,0.00424,0.03396,0.0065,0.03307,0.00581,0.03558,0.00839,0.03206,0.00535
203,0.02431,0.03231,0.02715,0.02479,0.02668,0.02872,0.02973,0.02909,0.03178,0.03363,0.02575,0.0286,0.02615,0.02791,0.02749,0.03109,0.02727,0.03441,0.02668,0.03157,0.02545,0.03364,0.02183,0.03293,0.02533,0.03233,0.02071,0.03447,0.023,0.03402
204,0.03156,0.02056,0.03224,0.01646,0.02787,0.01752,0.03249,0.01736,0.03134,0.01886,0.03207,0.0176,0.02998,0.01587,0.03046,0.01754,0.03044,0.01613,0.03109,0.01907,0.03117,0.01933,0.0317,0.02288,0.03377,0.0192,0.03138,0.01999,0.03226,0.01837
205,0.03292,0.01782,0.03577,0.01368,0.03553,0.01612,0.03412,0.01313,0.03628,0.0208,0.03471,0.01489,0.03367,0.02003,0.03265,0.02154,0.03246,0.02245,0.03264,0.02004,0.03462,0.02197,0.032,0.01709,0.03245,0.01745,0.03376,0.01976,0.03146,0.02954
206,0.03352,0.01518,0.03366,0.01376,0.03369,0.01635,0.03147,0.01445,0.03235,0.01257,0.03101,0.01297,0.02953,0.01237,0.0314,0.01242,0.02604,0.00942,0.03028,0.01518,0.02862,0.01545,0.03031,0.01281,0.03062,0.01368,0.03103,0.01177,0.03063,0.01323
207,0.0216,0.02515,0.02449,0.02645,0.02483,0.02189,0.02328,0.01992,0.02173,0.02205,0.02685,0.02351,0.0263,0.02193,0.02609,0.02114,0.02527,0.02383,0.02343,0.02262,0.02496,0.0215,0.02826,0.01695,0.02858,0.02585,0.02692,0.02303,0.02275,0.01891
208,0.03228,0.01913,0.03283,0.02051,0.03361,0.02476,0.0314,0.02182,0.0349,0.02564,0.03498,0.02173,0.03355,0.02727,0.03514,0.02455,0.03497,0.02386,0.035,0.02438,0.03323,0.0232,0.03594,0.02904,0.0351,0.02543,0.0348,0.02697,0.03434,0.02603
209,0.02108,0.0223,0.02753,0.03462,0.02951,0.03082,0.03436,0.03335,0.03085,0.03096,0.03059,0.02869,0.03051,0.02831,0.03538,0.02806,0.03181,0.03456,0.0294,0.02793,0.02666,0.0303,0.02761,0.03388,0.0305,0.0405,0.03048,0.03615,0.02936,0.03447
210,0.0078,0.01824,0.02266,0.02213,0.0172,0.00969,0.02259,0.01423,0.024,0.00973,0.03223,0.00762,0.03077,0.00928,0.02962,0.00936,0.0334,0.00457,0.03423,0.00425,0.0348,0.00273,0.0327,0.00457,0.03112,-0.0009,0.02987,0.00512,0.033,0.00435
211,0.02371,0.02939,0.02826,0.02122,0.02438,0.02948,0.02624,0.02688,0.02683,0.02795,0.02765,0.02369,0.02394,0.02226,0.02474,0.0208,0.02872,0.02276,0.02945,0.02205,0.02907,0.02125,0.02474,0.02176,0.02961,0.0248,0.02976,0.02199,0.0311,0.02596
