-0.0124404,-0.0141888,-0.0133733,-0.016487,-0.0084945,-0.0080392,-0.0060157,-0.0061071,-0.0111354,-0.013503,-0.0002518,-0.0031553,-0.0133947,-0.0130346,-0.0008672,-0.0013006,-0.0072872,-0.0069932,-0.00864,-0.0066768,-0.009014,-0.0080294,-0.0067074,-0.0068481,-0.0018191,-0.0117418,0.0008565,-0.0034861,-0.0037983,-0.0206024,-0.0220555,-0.017719,-0.0137156,-0.0128169,-0.0096408,-0.0189356,-0.0187353,-0.0164051,-0.0167672,-0.021543,-0.0184943,-0.0182494,-0.0202746,-0.0117807,-0.0125398,0.007183,0.00305,-0.0099893,-0.0114637,-0.0147461,-0.0080348,-0.007034,-0.0085663,-0.0180433,-0.0177736,-0.0170044,-0.0128411,-0.0108433,-0.0134641,-0.0093935,-0.011369,-0.0064648,-0.0089266,-0.015988,-0.0141225,-0.0180586,-0.0139177,-0.0128534,-0.013614,-0.0115709,-0.0067864,-0.0106979,-0.0066873,-0.0078801,0.0102019,-0.0050331,0.0155582,-0.0071361,0.0051164,-0.0037009,target_O1,target_O2,target_O3,target_O4
0.442613,0.447312,0.430205,0.423989,0.48799,0.499898,0.487165,0.498251,0.454785,0.448189,0.541679,0.533308,0.445872,0.455418,0.533016,0.55053,0.481807,0.500182,0.487707,0.50765,0.491921,0.510235,0.513826,0.490954,0.495807,0.473767,0.550514,0.53024,0.522641,0.42254,0.422367,0.437177,0.472067,0.500105,0.49647,0.418719,0.414606,0.420378,0.426353,0.402851,0.406768,0.405985,0.404144,0.442749,0.430722,0.482192,0.486582,0.452005,0.444279,0.441324,0.467244,0.467627,0.479262,0.400748,0.399264,0.43189,0.477301,0.474413,0.472993,0.472521,0.436329,0.473023,0.475881,0.442659,0.452246,0.420849,0.461564,0.444577,0.451189,0.435134,0.488654,0.464292,0.421956,0.412935,0.559761,0.460818,0.568442,0.464344,0.468588,0.479731,-0.00979,-0.01378,-0.01197,-0.01276
0.303765,0.306053,0.2945,0.286293,0.339983,0.346957,0.336945,0.344515,0.310593,0.305977,0.383464,0.373057,0.306565,0.316276,0.372427,0.384167,0.334604,0.346783,0.339644,0.352385,0.337385,0.35046,0.355641,0.339769,0.348608,0.326861,0.381916,0.368141,0.361259,0.287342,0.286059,0.296739,0.328343,0.345968,0.34672,0.286703,0.282412,0.286612,0.290418,0.2702,0.275098,0.276641,0.274877,0.304321,0.293445,0.336669,0.33955,0.311822,0.303199,0.303411,0.324001,0.325364,0.333358,0.270703,0.268947,0.294183,0.324346,0.328343,0.326748,0.326889,0.296353,0.327185,0.328452,0.3002,0.310309,0.283694,0.313983,0.300359,0.311299,0.299394,0.332527,0.31267,0.291047,0.282466,0.402329,0.323577,0.411169,0.326932,0.332848,0.337498,0.0779,0.07868,0.07891,0.07901
0.028403,0.02665,0.025287,0.021371,0.037341,0.038181,0.038979,0.039502,0.030131,0.027167,0.051609,0.046488,0.027845,0.030708,0.049294,0.049811,0.037795,0.039559,0.038303,0.040814,0.036963,0.038754,0.040051,0.038504,0.044105,0.033474,0.051079,0.04593,0.045223,0.018984,0.017242,0.023764,0.031822,0.034159,0.038352,0.019827,0.019404,0.022266,0.022097,0.014117,0.017029,0.01853,0.016287,0.02668,0.025187,0.04477,0.041676,0.031626,0.029053,0.026001,0.034304,0.03547,0.035094,0.017571,0.018009,0.022198,0.029606,0.033004,0.030503,0.034066,0.028087,0.037066,0.034673,0.024462,0.027815,0.020678,0.026584,0.02633,0.027448,0.0282,0.032773,0.026955,0.028403,0.02669,0.063284,0.037538,0.067103,0.037516,0.045989,0.042302,0.03233,0.03108,0.03107,0.03103
0.337349,0.339502,0.325092,0.316807,0.373976,0.382679,0.370582,0.378239,0.341503,0.338009,0.419911,0.408938,0.339853,0.349344,0.408793,0.420654,0.367103,0.380048,0.372762,0.386961,0.37075,0.384883,0.390168,0.373905,0.3816,0.359266,0.418337,0.404553,0.39669,0.319376,0.317616,0.330147,0.362341,0.381753,0.382145,0.318504,0.31399,0.317596,0.321774,0.30046,0.305327,0.306414,0.305288,0.335906,0.323841,0.37051,0.373406,0.342126,0.333763,0.334332,0.356342,0.35781,0.365771,0.29846,0.296842,0.32772,0.35953,0.362173,0.360544,0.359995,0.327425,0.35996,0.361956,0.333135,0.343804,0.315181,0.345622,0.33046,0.346374,0.332609,0.365687,0.345538,0.322769,0.312189,0.436455,0.355992,0.446976,0.359466,0.363942,0.370963,0.03567,0.03375,0.03498,0.03446
0.652554,0.660029,0.631886,0.628231,0.697353,0.716364,0.70003,0.709098,0.659683,0.654948,0.759544,0.759403,0.661997,0.669634,0.753946,0.776855,0.688054,0.708004,0.692318,0.723404,0.704663,0.725676,0.732243,0.705634,0.703017,0.680375,0.774659,0.754983,0.739815,0.629311,0.627749,0.644828,0.683225,0.717559,0.713078,0.623724,0.616938,0.625029,0.633564,0.606659,0.609068,0.603065,0.605029,0.648078,0.632839,0.691014,0.69939,0.65054,0.645374,0.644149,0.675222,0.675348,0.688236,0.595571,0.593683,0.645478,0.701312,0.686116,0.688803,0.68748,0.639429,0.676824,0.682713,0.655063,0.660552,0.62402,0.668643,0.645831,0.666007,0.64595,0.707982,0.677881,0.622828,0.610621,0.764419,0.660523,0.773376,0.666393,0.6665,0.680123,0.00922,0.00584,0.00765,0.00677
0.275715,0.276922,0.265032,0.25755,0.310736,0.317007,0.307215,0.315848,0.28304,0.276515,0.354609,0.343294,0.277285,0.287711,0.343259,0.353664,0.30571,0.317133,0.311019,0.322375,0.308732,0.321006,0.326169,0.311458,0.31883,0.298167,0.35392,0.339408,0.333636,0.257791,0.257568,0.27187,0.298606,0.315892,0.317825,0.257714,0.254592,0.258975,0.262465,0.24219,0.246382,0.249082,0.245557,0.27462,0.265865,0.307577,0.308631,0.283774,0.275712,0.274681,0.293465,0.295876,0.303927,0.24408,0.242113,0.264735,0.29561,0.299793,0.296711,0.29726,0.269111,0.298892,0.299444,0.272049,0.28187,0.255237,0.284223,0.274556,0.281941,0.27203,0.302098,0.284127,0.26209,0.256498,0.376336,0.297933,0.383757,0.300397,0.30561,0.312221,0.01228,0.01043,0.01077,0.01083
0.229604,0.229994,0.221007,0.213413,0.260286,0.265321,0.257407,0.264624,0.235965,0.230065,0.299447,0.288298,0.230465,0.240356,0.289601,0.297791,0.257107,0.266228,0.261616,0.270942,0.258585,0.268957,0.272506,0.260242,0.268572,0.249703,0.296568,0.283544,0.280872,0.213565,0.213095,0.224967,0.249664,0.263105,0.266807,0.213346,0.210925,0.215127,0.217989,0.200043,0.203835,0.206974,0.203247,0.228379,0.221269,0.258345,0.258675,0.237707,0.230446,0.228759,0.245813,0.248033,0.254749,0.202291,0.20073,0.21915,0.244766,0.249944,0.247016,0.24823,0.223441,0.250612,0.250566,0.22474,0.233839,0.211001,0.236576,0.229331,0.233933,0.226092,0.250889,0.234801,0.218327,0.213816,0.322022,0.251862,0.328027,0.253001,0.259329,0.264036,0.02778,0.02579,0.02682,0.02639
0.051516,0.049831,0.048001,0.043242,0.062576,0.063633,0.063787,0.064422,0.052868,0.049876,0.079086,0.07415,0.051257,0.055387,0.076259,0.077926,0.062657,0.065434,0.063843,0.067155,0.061869,0.064204,0.066347,0.063536,0.069962,0.05821,0.077522,0.071898,0.071138,0.04193,0.04029,0.045564,0.057331,0.059455,0.064568,0.042585,0.041589,0.044996,0.044813,0.035524,0.038767,0.040614,0.038244,0.04926,0.046739,0.066397,0.064503,0.055085,0.051679,0.049105,0.058983,0.059957,0.060254,0.038803,0.038956,0.044991,0.0532,0.057737,0.055492,0.058838,0.04989,0.061162,0.058925,0.046831,0.051215,0.042026,0.049969,0.048048,0.051045,0.050591,0.056814,0.049538,0.049755,0.047088,0.091586,0.061362,0.095783,0.062348,0.070254,0.066799,0.12686,0.12962,0.12874,0.12889
0.479093,0.484444,0.461001,0.454483,0.521471,0.535198,0.519214,0.529744,0.484243,0.480027,0.576867,0.567727,0.481101,0.49014,0.568704,0.585918,0.511885,0.528366,0.518726,0.540374,0.522433,0.540035,0.543712,0.52179,0.524947,0.503488,0.582863,0.564196,0.555137,0.45452,0.455631,0.471843,0.507604,0.540672,0.532232,0.45279,0.449265,0.450008,0.457592,0.434033,0.436691,0.435757,0.43597,0.471811,0.456743,0.512092,0.51705,0.477237,0.470195,0.470085,0.494741,0.496743,0.506951,0.420493,0.4192,0.464609,0.507663,0.505106,0.502247,0.498318,0.460672,0.501166,0.504073,0.471366,0.482581,0.450288,0.486305,0.466088,0.48587,0.468264,0.513563,0.488675,0.452806,0.439992,0.583836,0.487949,0.594611,0.490503,0.492582,0.504222,0.01683,0.01494,0.01559,0.01551
0.511877,0.517283,0.497222,0.491274,0.555883,0.569819,0.555184,0.564599,0.519654,0.515921,0.611959,0.606078,0.519475,0.527738,0.602897,0.621725,0.547956,0.566175,0.553172,0.576913,0.558215,0.577013,0.58486,0.561419,0.564682,0.540039,0.620265,0.601887,0.590003,0.493303,0.490911,0.505701,0.541933,0.570486,0.566841,0.489195,0.483234,0.489814,0.496354,0.472191,0.476536,0.474117,0.474541,0.512879,0.49891,0.552677,0.559028,0.517308,0.510174,0.509284,0.536926,0.53787,0.548822,0.467201,0.465673,0.505191,0.550617,0.545073,0.545489,0.54468,0.502604,0.538965,0.543205,0.513361,0.521623,0.487192,0.530947,0.509706,0.525298,0.506488,0.561646,0.53583,0.492596,0.480621,0.625433,0.527896,0.635123,0.533293,0.536117,0.546584,0.00652,0.00422,0.00497,0.00481
0.64176,0.649082,0.621263,0.617367,0.686719,0.705294,0.689182,0.698623,0.649188,0.644377,0.748605,0.748254,0.650908,0.658716,0.742986,0.765895,0.677551,0.697399,0.681714,0.712536,0.693803,0.714282,0.721338,0.695085,0.692861,0.669666,0.764393,0.744107,0.729068,0.61822,0.616957,0.633898,0.672398,0.70682,0.702097,0.612895,0.606436,0.614242,0.622452,0.596139,0.598529,0.592811,0.594537,0.637428,0.622107,0.680395,0.688419,0.640172,0.634608,0.633522,0.664426,0.664513,0.677442,0.58516,0.583395,0.634126,0.690001,0.675486,0.677683,0.676487,0.628909,0.666524,0.672372,0.643975,0.649877,0.613387,0.657589,0.634959,0.654965,0.634897,0.696406,0.667103,0.612032,0.600398,0.753809,0.649731,0.763295,0.655565,0.655729,0.669547,0.008,0.00465,0.00641,0.00557
0.263958,0.264958,0.253465,0.246066,0.298067,0.304242,0.294651,0.30301,0.271148,0.264522,0.341091,0.329523,0.265039,0.275506,0.330014,0.33985,0.293347,0.304372,0.2986,0.309425,0.296242,0.308048,0.312753,0.29859,0.305901,0.285726,0.340013,0.325729,0.320644,0.246306,0.245961,0.260094,0.286138,0.302746,0.305069,0.246076,0.243306,0.247537,0.250884,0.230999,0.235092,0.238078,0.234269,0.262684,0.254334,0.295227,0.295875,0.271971,0.264129,0.262926,0.281154,0.283594,0.291511,0.23302,0.230989,0.252987,0.282856,0.287111,0.283968,0.284732,0.257371,0.286809,0.287194,0.259933,0.26968,0.243816,0.27214,0.263376,0.269741,0.260513,0.289038,0.271644,0.250628,0.245449,0.36364,0.286608,0.370533,0.288566,0.293941,0.300609,0.00608,0.00375,0.0043,0.00425
0.542292,0.548626,0.523698,0.518573,0.59006,0.605421,0.590508,0.601566,0.553504,0.545643,0.650978,0.645712,0.549184,0.558336,0.644365,0.665027,0.581144,0.601051,0.586305,0.612556,0.595513,0.615634,0.620592,0.595996,0.595473,0.572379,0.665725,0.643726,0.630303,0.517084,0.517265,0.536599,0.572447,0.606291,0.601346,0.512742,0.508318,0.514472,0.522297,0.496141,0.498589,0.496323,0.494574,0.537863,0.523858,0.581063,0.586323,0.545765,0.539126,0.536286,0.564395,0.565069,0.578028,0.489515,0.488238,0.531708,0.586335,0.576569,0.576007,0.574567,0.532874,0.571759,0.575686,0.543355,0.551783,0.515039,0.55575,0.537305,0.55133,0.534014,0.592796,0.56518,0.513636,0.503961,0.659037,0.555192,0.669409,0.558641,0.56066,0.574336,0.00281,-0.00071,0.00106,0.00027
0.507419,0.512769,0.487893,0.481694,0.549426,0.564878,0.547067,0.556698,0.51075,0.507774,0.605658,0.596646,0.510194,0.518817,0.597735,0.614879,0.539246,0.55581,0.545988,0.568251,0.550327,0.568655,0.572307,0.550056,0.55248,0.531003,0.611141,0.593093,0.583644,0.484332,0.483761,0.500551,0.536406,0.569322,0.561501,0.481217,0.477348,0.477609,0.484988,0.461777,0.464833,0.463488,0.46422,0.500222,0.484483,0.541005,0.546169,0.503475,0.497165,0.498019,0.523538,0.525124,0.535495,0.447333,0.445916,0.49574,0.538592,0.533974,0.531873,0.528084,0.488425,0.52931,0.532863,0.500854,0.511496,0.478786,0.514819,0.493751,0.515998,0.497486,0.542268,0.516544,0.48151,0.467391,0.610826,0.516608,0.622351,0.518421,0.51999,0.533037,0.02984,0.02776,0.02898,0.02857
0.665974,0.673571,0.645032,0.64163,0.710396,0.729886,0.713312,0.722337,0.672655,0.668337,0.772965,0.772696,0.675486,0.683591,0.767583,0.790644,0.7011,0.720866,0.705166,0.737066,0.718099,0.738757,0.745457,0.719268,0.716509,0.69295,0.788098,0.76883,0.753463,0.643077,0.641197,0.658229,0.696542,0.730821,0.72655,0.637103,0.630328,0.638409,0.647338,0.620272,0.622562,0.616291,0.618352,0.661838,0.645938,0.704422,0.713336,0.663021,0.658015,0.657554,0.688627,0.688606,0.701701,0.608386,0.606364,0.6595,0.715225,0.699458,0.702566,0.701221,0.652556,0.689522,0.695914,0.668975,0.673575,0.637202,0.682118,0.659221,0.680133,0.659664,0.721676,0.692096,0.636335,0.6239,0.777135,0.673769,0.786327,0.679425,0.679273,0.693391,0.01095,0.00761,0.00951,0.00859
0.292983,0.294939,0.283933,0.275669,0.328225,0.334645,0.325083,0.332457,0.299485,0.294845,0.371018,0.361023,0.295949,0.305586,0.359711,0.371271,0.323132,0.334747,0.327732,0.340321,0.325265,0.337921,0.343893,0.328317,0.337351,0.315377,0.369188,0.355541,0.348858,0.276832,0.275577,0.285956,0.316934,0.333529,0.334757,0.276392,0.27222,0.27668,0.280301,0.260441,0.265503,0.267191,0.265275,0.29384,0.283399,0.325674,0.328478,0.30141,0.292843,0.292871,0.313113,0.314425,0.3224,0.261693,0.259983,0.283596,0.312901,0.317455,0.31576,0.316041,0.285841,0.315975,0.31707,0.289542,0.299321,0.272902,0.303194,0.290009,0.300484,0.288895,0.321443,0.301882,0.281,0.272888,0.390545,0.31316,0.39915,0.316535,0.322784,0.326713,0.02592,0.02442,0.02472,0.02472
0.534539,0.540571,0.516027,0.510961,0.582115,0.597649,0.582792,0.594026,0.546151,0.538101,0.643422,0.637469,0.541355,0.550589,0.636695,0.657019,0.573696,0.593477,0.578815,0.604717,0.587916,0.607921,0.612878,0.588532,0.588042,0.564623,0.658264,0.635806,0.623136,0.50917,0.509272,0.529044,0.5644,0.597923,0.593538,0.504586,0.500401,0.506724,0.514292,0.488297,0.49061,0.488693,0.486563,0.530104,0.516315,0.573431,0.578272,0.538512,0.531612,0.52884,0.556379,0.557222,0.570316,0.482367,0.481001,0.523806,0.578275,0.568779,0.567937,0.566708,0.525371,0.564362,0.568159,0.535745,0.544219,0.507496,0.547848,0.529884,0.543314,0.526212,0.584311,0.557548,0.505797,0.496733,0.651617,0.548238,0.662122,0.551164,0.553199,0.567237,0.00202,-0.00148,0.00026,-0.00053
0.30499,0.307279,0.295672,0.287494,0.341308,0.348337,0.338276,0.345878,0.311822,0.307225,0.384883,0.374411,0.307746,0.317487,0.37385,0.385568,0.335914,0.348115,0.341024,0.353752,0.338756,0.351859,0.356923,0.341038,0.349852,0.328204,0.3833,0.369574,0.36269,0.288521,0.287229,0.298005,0.329599,0.347347,0.348085,0.287855,0.283582,0.287741,0.291538,0.271298,0.276188,0.277712,0.275975,0.305468,0.294576,0.337938,0.340776,0.313012,0.304403,0.304537,0.325212,0.326578,0.334564,0.271735,0.269974,0.295345,0.325606,0.329589,0.327977,0.328091,0.297532,0.328464,0.329762,0.301393,0.311573,0.28492,0.315213,0.301545,0.312561,0.300529,0.333753,0.313902,0.292173,0.283533,0.403693,0.324741,0.412524,0.328107,0.333965,0.338742,0.07601,0.07661,0.07704,0.07701
0.072128,0.07058,0.067528,0.062125,0.08531,0.086722,0.085826,0.087062,0.0731,0.069956,0.104595,0.098791,0.071461,0.076715,0.100826,0.103241,0.084804,0.088134,0.086852,0.090478,0.084208,0.087226,0.089208,0.085541,0.092514,0.080221,0.10219,0.095787,0.095096,0.061508,0.060304,0.065901,0.080196,0.083339,0.088532,0.06234,0.061013,0.064265,0.064269,0.053904,0.057224,0.059392,0.056866,0.068997,0.065679,0.087238,0.085791,0.075439,0.071328,0.069157,0.080005,0.081173,0.081896,0.056136,0.056222,0.064655,0.074279,0.079477,0.076919,0.079771,0.06886,0.082462,0.080399,0.066371,0.071906,0.060973,0.070359,0.067454,0.071834,0.0704,0.07723,0.068887,0.068388,0.065007,0.117181,0.082577,0.121962,0.083839,0.09115,0.088668,0.04211,0.04261,0.04132,0.04208
0.242607,0.243521,0.234147,0.226093,0.274045,0.278999,0.270917,0.277873,0.248451,0.243148,0.313367,0.303296,0.244212,0.253902,0.30289,0.312318,0.270009,0.279721,0.274364,0.284794,0.271264,0.281965,0.287111,0.273865,0.282838,0.262707,0.310539,0.297704,0.293381,0.226731,0.226239,0.23642,0.263769,0.277562,0.280419,0.226912,0.223741,0.228163,0.231101,0.212693,0.2172,0.219795,0.21681,0.242209,0.233873,0.27212,0.273541,0.250678,0.242724,0.241939,0.259939,0.261821,0.268722,0.214642,0.213052,0.232456,0.258345,0.263879,0.261333,0.262203,0.235797,0.263452,0.26362,0.237836,0.247143,0.223434,0.250067,0.240467,0.247881,0.238897,0.265509,0.248287,0.231553,0.225652,0.334533,0.263453,0.341598,0.265728,0.272342,0.275592,0.03803,0.03603,0.0374,0.03674
0.405243,0.409608,0.390386,0.383444,0.44742,0.458237,0.444237,0.455489,0.413282,0.406992,0.499788,0.489045,0.405979,0.415878,0.490578,0.506182,0.439447,0.455277,0.4462,0.464489,0.448037,0.464591,0.467581,0.447204,0.452286,0.431171,0.504792,0.485918,0.479038,0.382355,0.384235,0.399146,0.432927,0.462197,0.456345,0.380956,0.378109,0.379851,0.38634,0.363475,0.366526,0.367323,0.365547,0.400068,0.387326,0.438784,0.442066,0.408655,0.40079,0.399557,0.42265,0.424437,0.434592,0.355337,0.353952,0.39031,0.430991,0.431749,0.427924,0.425331,0.391499,0.429805,0.431655,0.398109,0.409817,0.379624,0.414088,0.397837,0.410516,0.39553,0.43836,0.415424,0.382295,0.372363,0.513442,0.419535,0.52285,0.421678,0.42523,0.435488,0.02971,0.02891,0.02899,0.02922
0.550515,0.55715,0.531833,0.526866,0.597992,0.61365,0.598746,0.609666,0.561455,0.553951,0.658891,0.654415,0.557714,0.566902,0.652319,0.673552,0.589132,0.608981,0.594139,0.62084,0.603697,0.623794,0.62906,0.604492,0.603994,0.580233,0.67423,0.652183,0.638687,0.525394,0.5257,0.544591,0.580793,0.615046,0.609736,0.521242,0.516586,0.52285,0.530796,0.504513,0.506973,0.504363,0.503092,0.546258,0.53202,0.589197,0.595132,0.553633,0.546933,0.544625,0.572873,0.57347,0.586497,0.497394,0.496251,0.540203,0.594947,0.584975,0.584561,0.583184,0.540755,0.579614,0.583596,0.551795,0.559893,0.523222,0.564269,0.545084,0.560111,0.542477,0.601486,0.573849,0.521988,0.511899,0.666495,0.562842,0.677105,0.566597,0.568531,0.582074,0.00328,-0.0002,0.00154,0.00074
0.462469,0.467389,0.448385,0.442705,0.508996,0.522741,0.50815,0.519472,0.474823,0.467465,0.565846,0.556497,0.467097,0.477035,0.558522,0.575253,0.502583,0.521436,0.508329,0.529421,0.513817,0.533354,0.535733,0.512659,0.515917,0.493424,0.576349,0.55459,0.547068,0.44179,0.440752,0.458503,0.49219,0.521223,0.518368,0.436289,0.43307,0.438885,0.445308,0.421455,0.423947,0.423593,0.420653,0.461145,0.449251,0.502046,0.505374,0.470735,0.46388,0.460231,0.486476,0.487091,0.499544,0.418486,0.417278,0.452919,0.501052,0.495514,0.494552,0.494192,0.456341,0.493896,0.496923,0.462962,0.472666,0.439531,0.479868,0.464602,0.471053,0.455374,0.509121,0.484712,0.440313,0.431926,0.582791,0.483547,0.591961,0.484717,0.488493,0.502263,-0.00606,-0.00999,-0.00813,-0.00897
0.055645,0.054005,0.051832,0.047062,0.067278,0.06844,0.068393,0.06911,0.057165,0.054027,0.084636,0.07934,0.055582,0.059954,0.081374,0.08311,0.067197,0.070129,0.068486,0.071857,0.066459,0.068938,0.071249,0.068265,0.074557,0.062579,0.08283,0.07711,0.076071,0.045826,0.044047,0.049869,0.061824,0.064119,0.069389,0.046403,0.045362,0.048855,0.048761,0.039092,0.042395,0.044311,0.041868,0.053469,0.050851,0.071216,0.069322,0.059386,0.05585,0.053313,0.063289,0.064363,0.064845,0.04257,0.04263,0.049185,0.05787,0.062315,0.060147,0.063485,0.054042,0.06565,0.063491,0.051184,0.055608,0.045865,0.054111,0.052212,0.055445,0.054959,0.061102,0.05359,0.053468,0.050881,0.097356,0.066137,0.101567,0.067176,0.074827,0.071951,0.12303,0.12537,0.12519,0.12503
0.315559,0.317609,0.305508,0.297445,0.352117,0.359487,0.349342,0.356849,0.321664,0.317738,0.396653,0.38566,0.317919,0.327561,0.38538,0.396911,0.346494,0.358726,0.352229,0.36499,0.349818,0.363021,0.367577,0.352067,0.360383,0.338826,0.394832,0.381419,0.374459,0.298422,0.296878,0.308962,0.340154,0.358518,0.35905,0.297728,0.293357,0.297573,0.301225,0.280609,0.285422,0.286733,0.28539,0.315295,0.304351,0.348463,0.351461,0.322808,0.3145,0.314512,0.335357,0.336703,0.34473,0.280654,0.278876,0.305596,0.336249,0.339976,0.338415,0.33831,0.307545,0.338863,0.340424,0.311919,0.322386,0.294999,0.325748,0.311502,0.323639,0.310909,0.344193,0.324813,0.302228,0.292921,0.415104,0.334786,0.423951,0.33854,0.343659,0.349407,0.03531,0.03363,0.03457,0.03419
0.268081,0.268202,0.256591,0.249899,0.302919,0.308464,0.29983,0.309245,0.276577,0.269045,0.346962,0.33499,0.269445,0.280197,0.335969,0.345404,0.298409,0.308848,0.303879,0.314207,0.301919,0.31354,0.317579,0.3042,0.310551,0.290921,0.346813,0.332322,0.326549,0.247773,0.247967,0.266367,0.288882,0.306559,0.309362,0.248066,0.245945,0.250358,0.253708,0.233106,0.236674,0.240161,0.235568,0.265125,0.258108,0.298332,0.298388,0.276536,0.268972,0.266759,0.283824,0.286734,0.294897,0.236563,0.234606,0.255868,0.287749,0.291728,0.288163,0.289065,0.262925,0.29139,0.291424,0.265095,0.274402,0.24789,0.273982,0.266862,0.272468,0.264015,0.293222,0.27658,0.252818,0.249623,0.368981,0.290635,0.375454,0.292534,0.296931,0.304986,0.01121,0.0088,0.00962,0.00938
-0.003105,-0.004912,-0.004627,-0.007862,0.001976,0.002514,0.004234,0.004275,-0.001695,-0.004198,0.01162,0.007922,-0.004136,-0.003179,0.010722,0.010396,0.003182,0.003659,0.002219,0.004268,0.001674,0.0028,0.003819,0.003426,0.008601,-0.001184,0.012219,0.00778,0.007629,-0.011362,-0.012978,-0.008077,-0.003337,-0.001964,0.001344,-0.010116,-0.00993,-0.007613,-0.007888,-0.01344,-0.010549,-0.009906,-0.011932,-0.003474,-0.00432,0.014418,0.010432,-0.000667,-0.002242,-0.00548,0.001473,0.0025,0.001215,-0.010126,-0.009677,-0.008212,-0.0034,-0.001072,-0.003638,0.000299,-0.002435,0.003591,0.001094,-0.006789,-0.004685,-0.009032,-0.004765,-0.003943,-0.004409,-0.002601,0.00192,-0.002323,0.001126,-0.000144,0.022336,0.004607,0.027094,0.002911,0.014129,0.006789,0.03656,0.03541,0.03554,0.03547
0.513391,0.518685,0.49848,0.492474,0.557044,0.570967,0.556365,0.565666,0.520548,0.517035,0.61321,0.607394,0.52105,0.529371,0.60422,0.622846,0.548974,0.56707,0.554142,0.578371,0.559436,0.578059,0.586128,0.562811,0.565894,0.540996,0.621254,0.603063,0.591113,0.494548,0.492073,0.50693,0.543141,0.571541,0.567924,0.490518,0.48443,0.491023,0.497549,0.473234,0.477675,0.475326,0.475863,0.513831,0.499857,0.553781,0.560196,0.518428,0.511277,0.510293,0.538014,0.538911,0.549887,0.467996,0.466325,0.506715,0.551848,0.546653,0.547195,0.546408,0.503988,0.540226,0.544582,0.514778,0.523103,0.48839,0.53173,0.510356,0.526962,0.508034,0.562567,0.53705,0.493841,0.481673,0.626461,0.529013,0.636326,0.53468,0.537295,0.547788,0.00897,0.00672,0.00748,0.00733
0.069878,0.068307,0.065264,0.060418,0.083444,0.084771,0.084302,0.08563,0.072162,0.068561,0.103311,0.097231,0.070218,0.075352,0.098835,0.100917,0.082978,0.086482,0.084747,0.088236,0.082623,0.085524,0.088081,0.084519,0.09076,0.078223,0.101282,0.095146,0.093385,0.05906,0.057287,0.06503,0.077277,0.080502,0.086006,0.059684,0.058488,0.062242,0.062393,0.051563,0.054857,0.057177,0.054365,0.067644,0.065033,0.086793,0.084861,0.074296,0.07031,0.067845,0.078071,0.079503,0.080548,0.055707,0.055559,0.062999,0.073647,0.077938,0.075842,0.079169,0.068428,0.081125,0.079049,0.066017,0.070631,0.059415,0.068479,0.066624,0.070198,0.069387,0.076114,0.067906,0.066353,0.064233,0.117048,0.081907,0.121108,0.083372,0.09028,0.089095,0.08167,0.08281,0.08229,0.08248
0.125693,0.124636,0.119469,0.112843,0.145286,0.147818,0.1445,0.147502,0.128167,0.124039,0.171814,0.163813,0.125175,0.132679,0.165029,0.169354,0.143691,0.148956,0.147323,0.151794,0.143742,0.148985,0.151091,0.144691,0.152663,0.138302,0.168096,0.15972,0.158227,0.112623,0.111668,0.119894,0.138419,0.14437,0.150075,0.113336,0.111247,0.11512,0.115823,0.102271,0.106267,0.109053,0.106001,0.122895,0.118162,0.145083,0.144431,0.130764,0.125088,0.123487,0.136624,0.138204,0.140649,0.105063,0.104502,0.117003,0.131945,0.137373,0.135078,0.137401,0.121342,0.139797,0.138412,0.119953,0.127142,0.111843,0.125935,0.121464,0.126984,0.123381,0.134489,0.123302,0.118502,0.114648,0.187933,0.140481,0.193199,0.142357,0.148664,0.149342,0.01639,0.01528,0.01474,0.0152
0.298144,0.30023,0.288958,0.280693,0.333727,0.340354,0.33064,0.338028,0.304707,0.300125,0.3769,0.366825,0.301165,0.310794,0.365626,0.377326,0.328514,0.340324,0.333181,0.345974,0.330832,0.343676,0.349564,0.333844,0.342788,0.320737,0.375186,0.361533,0.35464,0.281903,0.280603,0.291043,0.322363,0.33929,0.340327,0.28143,0.277162,0.281571,0.285279,0.265203,0.270287,0.271863,0.270072,0.299003,0.288332,0.331027,0.333921,0.306406,0.297799,0.297992,0.318408,0.31974,0.327739,0.266222,0.26453,0.288835,0.318429,0.322775,0.321165,0.321397,0.290895,0.321313,0.322499,0.29477,0.304634,0.277995,0.308493,0.29497,0.305833,0.294059,0.326978,0.307205,0.286001,0.27763,0.396137,0.318197,0.404892,0.321666,0.327858,0.331918,0.02776,0.02663,0.02664,0.02679
0.512595,0.517952,0.497858,0.491931,0.556519,0.570483,0.555859,0.565233,0.520252,0.516545,0.612673,0.606782,0.520193,0.52843,0.603576,0.62243,0.548587,0.566789,0.553765,0.577599,0.558862,0.577604,0.585542,0.562123,0.565369,0.540627,0.620949,0.602561,0.590652,0.494013,0.491605,0.506344,0.542555,0.571131,0.567473,0.489881,0.4839,0.490492,0.497069,0.472868,0.477251,0.474776,0.475258,0.51354,0.499557,0.553403,0.559753,0.517935,0.510793,0.509845,0.537611,0.538529,0.549507,0.46782,0.466251,0.505912,0.551312,0.545784,0.546206,0.545396,0.503305,0.539632,0.543912,0.514074,0.522383,0.487878,0.531585,0.510294,0.526139,0.507201,0.562235,0.536543,0.493242,0.481281,0.626061,0.528528,0.635824,0.534002,0.536758,0.547279,0.00618,0.00388,0.00461,0.00446
0.27956,0.280417,0.26822,0.261162,0.315113,0.321203,0.311778,0.320982,0.287595,0.280546,0.359855,0.34836,0.281319,0.291926,0.348345,0.358709,0.31007,0.321382,0.315609,0.326857,0.313583,0.32577,0.33075,0.316225,0.323067,0.302612,0.359651,0.344983,0.338708,0.260247,0.260363,0.276789,0.301945,0.319915,0.321985,0.260439,0.257596,0.262061,0.265625,0.24487,0.248849,0.251823,0.247885,0.277586,0.269355,0.311074,0.311924,0.287862,0.279891,0.278354,0.296659,0.299313,0.307582,0.247349,0.245357,0.267875,0.300087,0.304081,0.300743,0.301272,0.273529,0.303023,0.303427,0.276394,0.286101,0.258861,0.287019,0.27802,0.285122,0.275521,0.306139,0.288467,0.264847,0.260114,0.381284,0.30164,0.388403,0.304197,0.30884,0.316257,0.0264,0.02489,0.02536,0.02532
0.047188,0.045482,0.043721,0.039071,0.057603,0.05858,0.058835,0.059459,0.048238,0.045401,0.073404,0.068688,0.046718,0.05064,0.070922,0.07245,0.057731,0.060256,0.058804,0.062057,0.056889,0.059058,0.061089,0.058503,0.064901,0.053383,0.07204,0.066535,0.065924,0.037644,0.036212,0.04123,0.052606,0.054667,0.05951,0.038451,0.037569,0.040744,0.040545,0.031602,0.034729,0.036558,0.034247,0.044623,0.042233,0.061211,0.059194,0.050299,0.047059,0.044556,0.054108,0.055075,0.055181,0.034462,0.034755,0.040483,0.048267,0.052831,0.050398,0.05365,0.045338,0.056237,0.053914,0.042203,0.046532,0.037802,0.045186,0.043368,0.046356,0.04604,0.051975,0.044992,0.045691,0.04301,0.085272,0.056292,0.08955,0.057166,0.065196,0.061377,0.05677,0.05781,0.05644,0.05715
0.459233,0.463698,0.444661,0.438447,0.503173,0.515651,0.501832,0.512419,0.467929,0.462804,0.55808,0.549588,0.463182,0.4722,0.549207,0.56623,0.495646,0.513161,0.501983,0.523165,0.506052,0.523764,0.528572,0.506721,0.510444,0.487801,0.565375,0.546447,0.537447,0.438204,0.437397,0.453182,0.487682,0.516502,0.512796,0.434881,0.430344,0.435649,0.441849,0.41754,0.421357,0.420513,0.419496,0.457062,0.444158,0.49722,0.501784,0.465155,0.45761,0.455374,0.481402,0.482389,0.493381,0.412601,0.411103,0.448541,0.4926,0.490193,0.48886,0.488055,0.449997,0.487158,0.490365,0.457639,0.467863,0.435186,0.474492,0.456286,0.468927,0.451835,0.502579,0.478714,0.437866,0.427203,0.573589,0.475523,0.582784,0.479944,0.482721,0.494128,0.01521,0.01357,0.01391,0.01399
0.270861,0.272364,0.262053,0.253766,0.30445,0.310165,0.301245,0.308446,0.27701,0.272093,0.345719,0.335755,0.273239,0.282942,0.334708,0.34539,0.299754,0.310559,0.304206,0.315908,0.301417,0.313252,0.319018,0.304395,0.313461,0.292175,0.343425,0.330126,0.324399,0.254738,0.25383,0.264089,0.293602,0.30899,0.310894,0.254613,0.250861,0.25535,0.258705,0.239389,0.244245,0.246347,0.243959,0.271128,0.26157,0.302116,0.304385,0.279107,0.270768,0.270456,0.289742,0.291311,0.298865,0.240944,0.239261,0.261047,0.288884,0.293967,0.291886,0.292404,0.263747,0.292836,0.293528,0.266731,0.276309,0.250962,0.279787,0.268063,0.277384,0.266893,0.296905,0.278293,0.25922,0.252055,0.366028,0.291323,0.374021,0.294225,0.30075,0.304208,0.03424,0.03188,0.03345,0.03267
0.42656,0.431256,0.414631,0.408147,0.471687,0.483475,0.470478,0.481663,0.439094,0.432015,0.524553,0.515695,0.429323,0.43915,0.515929,0.533054,0.465807,0.483979,0.471669,0.490819,0.475292,0.493395,0.496807,0.474135,0.479388,0.457505,0.533465,0.512887,0.506005,0.406792,0.406795,0.421354,0.456066,0.483244,0.479881,0.403036,0.399239,0.404817,0.410701,0.387583,0.39131,0.390967,0.388722,0.426918,0.415218,0.46606,0.470011,0.436419,0.428529,0.42577,0.451059,0.451516,0.463156,0.385759,0.384352,0.415632,0.460365,0.458061,0.456367,0.455902,0.420462,0.457207,0.459707,0.426126,0.435976,0.40528,0.445335,0.429242,0.434784,0.419164,0.471346,0.447427,0.406412,0.397895,0.544012,0.446015,0.552328,0.448882,0.453356,0.464565,-0.00965,-0.01368,-0.01183,-0.01263
0.47488,0.480206,0.456986,0.450435,0.517312,0.530867,0.514974,0.525623,0.480249,0.475861,0.572554,0.563306,0.476762,0.485901,0.564343,0.581482,0.507803,0.52429,0.514682,0.536125,0.518246,0.535788,0.53943,0.517549,0.520844,0.499411,0.578559,0.559813,0.550891,0.450372,0.451563,0.467693,0.503369,0.536287,0.527943,0.44868,0.445189,0.445961,0.453505,0.429977,0.432627,0.431804,0.431894,0.467694,0.452732,0.507907,0.512759,0.473356,0.46624,0.466032,0.490622,0.492581,0.50283,0.416688,0.415399,0.460273,0.503232,0.500919,0.49796,0.494091,0.456703,0.497129,0.499963,0.46712,0.478411,0.446252,0.482183,0.462124,0.481522,0.464025,0.509267,0.48447,0.448711,0.436066,0.579848,0.483952,0.590598,0.486491,0.488682,0.500249,0.01847,0.01668,0.01731,0.01724
0.038995,0.037284,0.035395,0.031281,0.049217,0.050196,0.05064,0.051423,0.040935,0.037761,0.065088,0.059504,0.038634,0.042129,0.062209,0.063033,0.049417,0.051611,0.050358,0.053,0.048807,0.050829,0.052317,0.050323,0.056057,0.045029,0.064154,0.058757,0.057808,0.029079,0.027347,0.034572,0.043524,0.046265,0.050698,0.029863,0.029287,0.032305,0.032239,0.023478,0.026385,0.028153,0.025765,0.036979,0.035284,0.055401,0.052518,0.042492,0.039578,0.036617,0.045326,0.046608,0.046586,0.027035,0.027382,0.032491,0.040849,0.044481,0.04202,0.045472,0.038427,0.048349,0.046014,0.035061,0.038749,0.030617,0.037171,0.036655,0.038267,0.038653,0.04348,0.037141,0.037819,0.036095,0.077256,0.048852,0.080939,0.049223,0.057048,0.054397,0.0288,0.0275,0.02743,0.02743
0.236655,0.237492,0.226775,0.219524,0.268627,0.274373,0.265225,0.272921,0.243552,0.236608,0.30925,0.297623,0.236724,0.247135,0.298846,0.307666,0.264351,0.274325,0.269315,0.279013,0.266764,0.277423,0.28135,0.268381,0.275746,0.256704,0.307192,0.293373,0.29005,0.219683,0.219597,0.232482,0.257346,0.272741,0.275269,0.219349,0.217383,0.220897,0.223905,0.205368,0.209342,0.212827,0.208651,0.235057,0.227442,0.266314,0.266171,0.244263,0.236934,0.235356,0.252342,0.254848,0.262187,0.20686,0.20477,0.225446,0.252658,0.257482,0.253873,0.254745,0.229561,0.258233,0.258025,0.231287,0.24082,0.217153,0.2438,0.236774,0.24078,0.233044,0.25834,0.24185,0.223697,0.219325,0.332079,0.258845,0.338199,0.259805,0.265619,0.271821,0.01106,0.00826,0.00946,0.00901
0.331572,0.333861,0.320436,0.312338,0.368505,0.376716,0.365473,0.373188,0.336818,0.333202,0.414069,0.403073,0.334141,0.343709,0.402905,0.414789,0.362281,0.375022,0.367953,0.381642,0.365782,0.379593,0.384556,0.368463,0.376481,0.354409,0.412507,0.398744,0.391238,0.313905,0.312336,0.324682,0.356594,0.375826,0.37597,0.313148,0.308575,0.312576,0.316541,0.295487,0.300227,0.301358,0.300232,0.330782,0.319106,0.364963,0.367991,0.33768,0.329326,0.32958,0.351205,0.352617,0.360759,0.294375,0.292743,0.321787,0.353408,0.356559,0.354929,0.354546,0.322588,0.354799,0.356678,0.327789,0.338372,0.310175,0.341167,0.326202,0.34034,0.326875,0.360714,0.340744,0.317716,0.307554,0.431673,0.350586,0.441251,0.354196,0.358924,0.365355,0.0263,0.02441,0.02528,0.025
0.685353,0.693037,0.663988,0.660627,0.728745,0.749203,0.73252,0.74031,0.690952,0.687215,0.791742,0.792248,0.69548,0.703063,0.786681,0.809742,0.719452,0.739377,0.72329,0.755738,0.736429,0.757473,0.764261,0.737465,0.734565,0.711339,0.806686,0.787485,0.772597,0.662823,0.660478,0.677154,0.71585,0.74988,0.746225,0.656727,0.649868,0.657496,0.666918,0.639967,0.641831,0.635211,0.63789,0.681212,0.665092,0.723924,0.733135,0.681397,0.676848,0.676272,0.707527,0.708138,0.72128,0.626372,0.624797,0.679501,0.735414,0.718399,0.722062,0.720632,0.671231,0.70743,0.715055,0.688158,0.692653,0.655971,0.701709,0.678616,0.700027,0.679331,0.741634,0.711437,0.655495,0.643461,0.796431,0.692934,0.805532,0.698526,0.698175,0.713109,0.01568,0.01252,0.01432,0.01344
0.334712,0.336783,0.322365,0.314062,0.371115,0.379771,0.367652,0.375252,0.338705,0.335184,0.416879,0.405931,0.337108,0.346597,0.405758,0.417515,0.364219,0.377077,0.369855,0.383981,0.367847,0.381966,0.387181,0.371044,0.378712,0.356408,0.415247,0.401516,0.393714,0.316758,0.314988,0.327474,0.359586,0.378785,0.379331,0.3159,0.311386,0.314931,0.319106,0.297801,0.302706,0.303854,0.302655,0.333104,0.321096,0.367621,0.370453,0.339335,0.331024,0.331603,0.353549,0.355023,0.362905,0.295822,0.294203,0.325096,0.356706,0.359439,0.357779,0.357307,0.324814,0.357215,0.359204,0.330439,0.341116,0.312581,0.342654,0.327611,0.343653,0.329993,0.362611,0.342496,0.32011,0.309536,0.43332,0.353364,0.443911,0.356764,0.36128,0.368249,0.02184,0.01942,0.0206,0.02011
0.268985,0.269034,0.257257,0.250677,0.303928,0.309554,0.300898,0.310383,0.277586,0.269923,0.348343,0.336208,0.270402,0.281236,0.337312,0.346668,0.299417,0.309871,0.30497,0.315253,0.30307,0.314724,0.318615,0.305301,0.311461,0.291877,0.348273,0.333707,0.327906,0.248431,0.248615,0.267523,0.289678,0.307535,0.310395,0.248669,0.246674,0.251059,0.254421,0.233719,0.237184,0.240784,0.236064,0.265821,0.25888,0.299185,0.299106,0.277388,0.269883,0.267574,0.284523,0.287492,0.295753,0.237215,0.235222,0.256739,0.288921,0.29269,0.289122,0.290013,0.263853,0.292348,0.292376,0.266029,0.27536,0.248658,0.274611,0.267728,0.273328,0.264955,0.294044,0.277539,0.253473,0.250445,0.370365,0.291738,0.376767,0.293478,0.297765,0.306138,0.01137,0.00897,0.00979,0.00955
0.505394,0.51079,0.489948,0.484754,0.552656,0.566796,0.552733,0.563815,0.51742,0.510675,0.611315,0.604139,0.51154,0.520737,0.603573,0.622301,0.545543,0.564758,0.550965,0.57415,0.558186,0.577661,0.581665,0.557607,0.559835,0.537034,0.62334,0.601974,0.59168,0.483273,0.482321,0.500984,0.535453,0.566196,0.562633,0.478254,0.473869,0.480753,0.487478,0.462455,0.465578,0.463652,0.461984,0.503602,0.491008,0.545433,0.550172,0.512537,0.505719,0.502139,0.529679,0.530316,0.542715,0.458911,0.457746,0.496083,0.546908,0.539601,0.539209,0.538622,0.49889,0.536326,0.540013,0.507432,0.516372,0.481476,0.523169,0.505395,0.515106,0.498117,0.555575,0.530023,0.481169,0.471819,0.623807,0.522599,0.633366,0.525557,0.528097,0.54183,-0.00493,-0.00885,-0.00695,-0.00782
0.458475,0.463603,0.441363,0.434638,0.50105,0.513979,0.498589,0.509438,0.464597,0.45977,0.555673,0.545948,0.459795,0.469155,0.547261,0.564136,0.491829,0.508305,0.49885,0.519505,0.502058,0.519495,0.522634,0.500926,0.50474,0.483608,0.561519,0.542645,0.53419,0.434174,0.435652,0.451454,0.486816,0.519131,0.51117,0.432481,0.429221,0.430199,0.437506,0.414057,0.416757,0.416359,0.415996,0.451596,0.43717,0.491536,0.496002,0.458148,0.450826,0.450263,0.474665,0.476496,0.486695,0.401912,0.400612,0.443461,0.486127,0.484512,0.48131,0.477705,0.44124,0.481384,0.483968,0.450688,0.462221,0.430564,0.466201,0.446911,0.464556,0.447578,0.492603,0.46808,0.432826,0.420703,0.56447,0.468519,0.574808,0.471047,0.473541,0.484812,0.03434,0.03343,0.03378,0.03385
0.256692,0.257622,0.246439,0.239063,0.290276,0.296334,0.286905,0.295092,0.263834,0.257138,0.332665,0.321081,0.257536,0.268008,0.321718,0.331304,0.285738,0.296506,0.290912,0.301378,0.288433,0.299998,0.304444,0.290603,0.297962,0.278099,0.331281,0.317132,0.312475,0.239214,0.238853,0.252745,0.278377,0.294622,0.297109,0.238928,0.236337,0.240464,0.243685,0.224128,0.228258,0.231435,0.227499,0.25543,0.247343,0.287669,0.288059,0.264771,0.257078,0.25568,0.273624,0.276097,0.28389,0.226301,0.224251,0.245759,0.274982,0.279345,0.276119,0.276979,0.250145,0.279312,0.279615,0.252493,0.26213,0.236788,0.264725,0.256484,0.262105,0.253259,0.28105,0.263843,0.243572,0.238652,0.355508,0.279368,0.362156,0.281139,0.286612,0.293199,0.00331,0.0007,0.00143,0.00126
0.323894,0.326007,0.313269,0.305207,0.360692,0.368332,0.357837,0.365375,0.329486,0.325862,0.40581,0.39473,0.326293,0.335836,0.394479,0.406113,0.354817,0.367233,0.360667,0.373707,0.358243,0.371705,0.376284,0.360597,0.368713,0.347139,0.403929,0.390486,0.383329,0.306408,0.304856,0.317381,0.348623,0.367487,0.367714,0.305722,0.301276,0.305454,0.309153,0.288264,0.292978,0.294215,0.292971,0.323196,0.31203,0.357045,0.360019,0.330643,0.322393,0.322356,0.343582,0.345018,0.353092,0.287828,0.286135,0.31404,0.34514,0.348597,0.347027,0.346729,0.315456,0.347212,0.34895,0.320332,0.330886,0.303014,0.333992,0.319304,0.332433,0.319311,0.352853,0.333193,0.310418,0.300607,0.424061,0.343129,0.433081,0.34688,0.351757,0.357881,0.03415,0.03241,0.03354,0.03311
0.301583,0.303821,0.292332,0.284093,0.337559,0.344419,0.334494,0.341945,0.308297,0.303707,0.380899,0.370613,0.304493,0.31417,0.369791,0.381553,0.332235,0.344303,0.337108,0.349912,0.334864,0.347815,0.35328,0.337454,0.346385,0.324422,0.379317,0.365549,0.358694,0.285259,0.283988,0.29447,0.326027,0.343409,0.344265,0.284656,0.280396,0.284623,0.288425,0.268264,0.273214,0.274787,0.273022,0.302261,0.291431,0.33447,0.337347,0.309685,0.301006,0.301278,0.321865,0.323198,0.331188,0.268942,0.267179,0.292119,0.32207,0.326159,0.324585,0.324731,0.294167,0.324917,0.326135,0.298069,0.308051,0.281441,0.311838,0.298222,0.3092,0.297365,0.330285,0.310495,0.289052,0.280532,0.399854,0.321528,0.408705,0.324881,0.330895,0.335329,0.05768,0.05773,0.05776,0.05791
0.474905,0.479861,0.456141,0.449671,0.516758,0.531454,0.513744,0.523512,0.478812,0.475124,0.571833,0.561846,0.476993,0.486026,0.563507,0.57989,0.506958,0.523384,0.513572,0.534445,0.517047,0.534938,0.538389,0.516799,0.520304,0.498648,0.576957,0.558567,0.550083,0.452595,0.452118,0.468394,0.503867,0.535377,0.528336,0.449628,0.44618,0.446202,0.453119,0.430435,0.433622,0.433078,0.432977,0.468304,0.453085,0.508658,0.512846,0.472497,0.465788,0.466429,0.491371,0.492832,0.503239,0.41756,0.416047,0.463113,0.504757,0.501533,0.498875,0.495458,0.457118,0.497747,0.500783,0.468225,0.479277,0.447321,0.482421,0.462689,0.483008,0.465352,0.508117,0.483216,0.450244,0.436934,0.57919,0.486347,0.590824,0.48756,0.489865,0.502553,0.01457,0.01184,0.01318,0.01269
0.513918,0.519272,0.499029,0.493084,0.557636,0.571634,0.557,0.56633,0.521246,0.51769,0.613867,0.608022,0.521586,0.529809,0.604799,0.623551,0.549679,0.567816,0.5548,0.578934,0.560022,0.578553,0.586796,0.563405,0.566546,0.541649,0.622063,0.603746,0.591776,0.495244,0.492769,0.507499,0.543733,0.572191,0.568624,0.491133,0.485056,0.491706,0.498224,0.474011,0.478437,0.47595,0.476487,0.514655,0.500566,0.554549,0.560885,0.519107,0.511779,0.510954,0.538709,0.539602,0.550578,0.468812,0.467157,0.507297,0.552531,0.547088,0.547649,0.54686,0.504519,0.540778,0.545086,0.515357,0.523642,0.488994,0.532565,0.511153,0.527562,0.508609,0.563312,0.537762,0.494453,0.482402,0.627098,0.529593,0.636944,0.535238,0.537875,0.548444,0.00534,0.00288,0.00371,0.00351
0.274462,0.275649,0.263792,0.256326,0.309382,0.315643,0.305866,0.314466,0.28177,0.275223,0.353154,0.341815,0.275967,0.286392,0.341847,0.352195,0.304377,0.31576,0.309681,0.321005,0.307394,0.319627,0.324742,0.310081,0.317429,0.296841,0.352408,0.337927,0.332236,0.256575,0.256311,0.270616,0.297291,0.314493,0.316467,0.256474,0.253402,0.257753,0.26123,0.240997,0.245181,0.247914,0.244367,0.273336,0.26464,0.306256,0.307266,0.282502,0.274477,0.273429,0.292151,0.294562,0.302605,0.242899,0.240922,0.263474,0.294251,0.298436,0.295336,0.295939,0.267857,0.297604,0.29813,0.270746,0.280571,0.254013,0.282947,0.273373,0.280639,0.270811,0.300712,0.282777,0.260885,0.255313,0.374998,0.296747,0.382356,0.299121,0.304385,0.310998,0.0123,0.01041,0.01079,0.01082
-0.010145,-0.011914,-0.0113,-0.014383,-0.005933,-0.00547,-0.003578,-0.003621,-0.008844,-0.011231,0.002627,-0.000567,-0.011206,-0.010671,0.002008,0.001561,-0.004728,-0.004447,-0.005992,-0.004045,-0.006384,-0.005368,-0.004194,-0.004403,0.000659,-0.009133,0.00354,-0.000788,-0.000995,-0.018295,-0.019792,-0.015288,-0.0112,-0.010085,-0.006977,-0.016766,-0.016516,-0.014279,-0.014579,-0.019542,-0.016604,-0.016203,-0.018206,-0.009994,-0.010759,0.008253,0.004103,-0.007884,-0.00929,-0.012505,-0.005812,-0.004777,-0.006254,-0.01623,-0.015871,-0.014927,-0.01068,-0.008584,-0.011194,-0.007199,-0.009288,-0.003986,-0.00651,-0.013752,-0.011921,-0.015828,-0.011803,-0.010818,-0.011428,-0.009408,-0.004707,-0.008698,-0.004762,-0.005971,0.013089,-0.002727,0.018321,-0.004773,0.007288,-0.001196,0.02753,0.02628,0.02627,0.02636
0.239338,0.240106,0.229617,0.222321,0.271618,0.277276,0.26833,0.276048,0.246432,0.239529,0.31246,0.300861,0.239704,0.250118,0.301857,0.310731,0.267357,0.277428,0.272292,0.282029,0.269714,0.280567,0.284651,0.271561,0.278924,0.259619,0.310332,0.296566,0.292841,0.222204,0.221923,0.235173,0.259938,0.275178,0.278006,0.221945,0.219741,0.223642,0.22658,0.20784,0.212061,0.215497,0.211368,0.238066,0.230541,0.269469,0.269395,0.247341,0.239953,0.238361,0.255491,0.257951,0.265382,0.210084,0.208006,0.228301,0.255873,0.260575,0.257172,0.258198,0.232691,0.261136,0.26103,0.234434,0.243898,0.219811,0.246812,0.239636,0.243794,0.235839,0.261743,0.245183,0.226573,0.222188,0.335459,0.261785,0.341496,0.263065,0.268831,0.275049,0.02011,0.01726,0.01887,0.01817
0.29341,0.294735,0.281557,0.273101,0.327364,0.33493,0.323533,0.330628,0.296841,0.292769,0.370453,0.359208,0.294603,0.304196,0.359315,0.369716,0.321117,0.332622,0.326797,0.338614,0.324038,0.33674,0.340916,0.32656,0.334624,0.313822,0.367858,0.354662,0.34841,0.276078,0.27474,0.28661,0.316842,0.333634,0.335542,0.275479,0.271515,0.27452,0.278088,0.25792,0.262896,0.264813,0.262801,0.290933,0.279883,0.323789,0.325696,0.297993,0.289765,0.290234,0.31067,0.312178,0.319285,0.256546,0.255007,0.283743,0.312438,0.316304,0.314161,0.314124,0.284104,0.314903,0.316268,0.288268,0.298845,0.27259,0.299016,0.28605,0.300662,0.288893,0.316209,0.297389,0.279221,0.269887,0.386946,0.31228,0.397298,0.314784,0.319782,0.326066,0.0053,0.00267,0.00332,0.00315
0.234301,0.235016,0.225863,0.217961,0.265089,0.26989,0.261993,0.268916,0.240099,0.234628,0.303954,0.293676,0.235681,0.2454,0.293677,0.302597,0.261303,0.27067,0.265615,0.275596,0.262454,0.272902,0.277712,0.264908,0.273696,0.254035,0.300941,0.2882,0.284428,0.218496,0.218064,0.228549,0.25492,0.268271,0.271454,0.218671,0.21574,0.22009,0.222936,0.204798,0.20911,0.211931,0.208689,0.233657,0.22578,0.263301,0.264381,0.242296,0.234592,0.233532,0.251097,0.2531,0.259801,0.206878,0.205299,0.224106,0.249449,0.255045,0.252287,0.253297,0.227663,0.254864,0.254896,0.229389,0.238574,0.215374,0.241333,0.232548,0.239165,0.230757,0.256257,0.239486,0.223409,0.217973,0.325389,0.255418,0.332093,0.257365,0.263983,0.267369,0.02828,0.02652,0.02722,0.02699
0.057596,0.055961,0.053668,0.048887,0.069519,0.070724,0.0706,0.071399,0.059233,0.056027,0.087237,0.081793,0.057569,0.06205,0.083804,0.085577,0.069384,0.072396,0.070747,0.074111,0.068711,0.071249,0.073551,0.070477,0.076766,0.064744,0.085385,0.079591,0.078489,0.047641,0.045842,0.051959,0.063926,0.06637,0.071683,0.0482,0.047148,0.050676,0.050623,0.040779,0.044098,0.046061,0.043563,0.055417,0.052812,0.073403,0.071485,0.061454,0.057852,0.055304,0.065329,0.066451,0.067011,0.044355,0.044389,0.051098,0.060066,0.064438,0.06231,0.065664,0.056041,0.067806,0.065675,0.053226,0.057682,0.047763,0.056116,0.054264,0.057499,0.056959,0.063148,0.055543,0.055205,0.052713,0.100182,0.068373,0.104349,0.069437,0.076969,0.074389,0.1017,0.10335,0.10308,0.10305
0.066308,0.064717,0.061909,0.057072,0.0794,0.080706,0.08034,0.081486,0.068405,0.064921,0.098641,0.092727,0.066527,0.071468,0.094471,0.096465,0.079041,0.082409,0.080691,0.084142,0.07858,0.081377,0.083857,0.080439,0.086695,0.0743,0.096654,0.090602,0.089057,0.055771,0.053971,0.061196,0.073398,0.076389,0.081864,0.056358,0.055199,0.058893,0.058965,0.048436,0.051731,0.053942,0.051226,0.064102,0.061474,0.082916,0.080998,0.07055,0.066662,0.064191,0.074373,0.075712,0.076616,0.052401,0.052297,0.059547,0.069688,0.073991,0.071897,0.075253,0.064813,0.07726,0.075175,0.062271,0.066856,0.056032,0.064915,0.063048,0.066511,0.065775,0.072325,0.064307,0.063113,0.060863,0.11217,0.077988,0.116265,0.079336,0.086407,0.084841,0.0854,0.0868,0.08613,0.08639
0.229034,0.229455,0.220444,0.212797,0.259578,0.264555,0.256627,0.26377,0.235225,0.229389,0.298577,0.287573,0.230002,0.239859,0.288678,0.296918,0.256298,0.265389,0.260717,0.270133,0.25764,0.267942,0.271772,0.259516,0.267888,0.248879,0.295613,0.282669,0.279868,0.213042,0.212577,0.224243,0.249096,0.262397,0.266068,0.21292,0.210452,0.214635,0.217474,0.199609,0.203457,0.206546,0.202901,0.227881,0.220656,0.257722,0.258147,0.237034,0.229738,0.228159,0.245191,0.247412,0.254099,0.201802,0.200228,0.218659,0.244074,0.249355,0.246422,0.247585,0.222754,0.249843,0.249795,0.224127,0.233197,0.210318,0.23586,0.228437,0.233408,0.225551,0.250209,0.234107,0.21786,0.213247,0.320888,0.2511,0.32703,0.252324,0.258702,0.263172,0.02389,0.02189,0.02276,0.02243
0.370113,0.37374,0.354864,0.347422,0.409787,0.420611,0.405283,0.415036,0.37578,0.370155,0.459524,0.447726,0.370499,0.380545,0.449696,0.46333,0.401652,0.416179,0.407987,0.423835,0.408332,0.424089,0.427078,0.40819,0.414495,0.393454,0.4619,0.444337,0.438278,0.349827,0.350234,0.364437,0.397402,0.423343,0.419236,0.348252,0.34559,0.345958,0.351404,0.330219,0.333906,0.335534,0.333393,0.365482,0.352686,0.402651,0.404739,0.372396,0.364662,0.36489,0.386803,0.388523,0.398151,0.322799,0.321056,0.357571,0.394066,0.395312,0.391464,0.389381,0.356141,0.393736,0.395219,0.362943,0.374519,0.345737,0.377298,0.3623,0.376053,0.362289,0.39813,0.375755,0.349808,0.339707,0.47368,0.386856,0.484132,0.387351,0.391746,0.401698,0.00775,0.00492,0.00607,0.00569
0.420548,0.425191,0.405058,0.398113,0.462939,0.474438,0.460015,0.471334,0.428129,0.422202,0.515999,0.505461,0.421199,0.431011,0.507091,0.523123,0.45462,0.470658,0.461574,0.480401,0.463784,0.480501,0.483429,0.462591,0.467416,0.446412,0.521368,0.502306,0.495148,0.397074,0.398973,0.414084,0.448501,0.478911,0.472166,0.395622,0.392691,0.394025,0.400821,0.377814,0.380693,0.381162,0.379806,0.41471,0.401419,0.453833,0.457433,0.422816,0.41503,0.413958,0.437447,0.439227,0.449447,0.368296,0.366962,0.405203,0.446669,0.4467,0.442966,0.43994,0.405569,0.444649,0.446642,0.412931,0.424769,0.394204,0.428914,0.411756,0.425829,0.410138,0.453759,0.430342,0.396496,0.385928,0.528102,0.433236,0.537894,0.435446,0.438666,0.449342,0.01817,0.01677,0.01696,0.01713
0.44745,0.452167,0.43488,0.428744,0.492833,0.504873,0.492111,0.503199,0.45948,0.453064,0.546743,0.538498,0.450858,0.460322,0.538003,0.55572,0.486563,0.505043,0.492453,0.512618,0.496817,0.515006,0.518848,0.495967,0.500789,0.478577,0.555765,0.535441,0.527742,0.427304,0.427064,0.441907,0.476921,0.505124,0.501472,0.423523,0.419293,0.425099,0.431156,0.407519,0.411468,0.410513,0.408785,0.447552,0.435389,0.487114,0.491649,0.456628,0.448885,0.446006,0.472014,0.472413,0.484084,0.405246,0.403777,0.436778,0.482381,0.479302,0.477953,0.47744,0.440998,0.477735,0.480651,0.447574,0.457092,0.425504,0.466395,0.449183,0.456181,0.439913,0.493736,0.469427,0.426611,0.417494,0.564513,0.465291,0.573258,0.468962,0.473063,0.484287,-0.00976,-0.01376,-0.01196,-0.01273
0.238081,0.238856,0.228368,0.221092,0.270275,0.275902,0.266971,0.274668,0.245164,0.238249,0.310991,0.299398,0.238427,0.248833,0.300444,0.30927,0.26603,0.276063,0.270969,0.280652,0.268384,0.279163,0.283247,0.270214,0.277554,0.258304,0.308878,0.29514,0.291498,0.221025,0.220742,0.233967,0.258649,0.273826,0.276672,0.220769,0.218598,0.222464,0.225391,0.206717,0.210849,0.214293,0.210149,0.236758,0.229259,0.268088,0.267993,0.24604,0.238668,0.237071,0.254139,0.256599,0.264013,0.208864,0.206777,0.227025,0.254485,0.259205,0.25578,0.256804,0.231403,0.259813,0.259678,0.233102,0.242549,0.218579,0.245476,0.238395,0.242447,0.234588,0.260317,0.243826,0.225349,0.220995,0.333994,0.260503,0.339987,0.261747,0.267528,0.273729,0.02369,0.02089,0.0226,0.02183
0.06553,0.063944,0.06137,0.056567,0.079133,0.080373,0.080223,0.081548,0.06835,0.06464,0.098517,0.09216,0.065436,0.070331,0.094381,0.096258,0.07889,0.082239,0.080884,0.083871,0.078808,0.081584,0.083299,0.080009,0.086328,0.074418,0.096908,0.09078,0.089427,0.054745,0.052985,0.06092,0.072798,0.076423,0.08156,0.055255,0.054136,0.057908,0.057958,0.047372,0.050514,0.052649,0.050029,0.063406,0.061032,0.082977,0.080835,0.070281,0.066351,0.063709,0.073694,0.075097,0.075996,0.051452,0.051386,0.058333,0.069082,0.073217,0.071129,0.074427,0.06452,0.07697,0.07484,0.061618,0.066302,0.055829,0.064886,0.063337,0.065534,0.064856,0.071695,0.063805,0.062273,0.060235,0.112817,0.077343,0.116219,0.07869,0.085633,0.084507,0.04113,0.04017,0.04029,0.0402
0.296481,0.29851,0.287352,0.279076,0.331942,0.338485,0.328845,0.336233,0.303009,0.298426,0.374988,0.364952,0.299469,0.309107,0.363707,0.375374,0.326777,0.33852,0.33143,0.344173,0.329051,0.341833,0.347759,0.332064,0.341059,0.319011,0.373244,0.359625,0.352777,0.280253,0.278954,0.289413,0.320611,0.337421,0.338511,0.27979,0.275559,0.280004,0.283677,0.263691,0.268756,0.270385,0.268524,0.297367,0.286756,0.329322,0.332185,0.304808,0.296205,0.296372,0.316705,0.318021,0.326042,0.264815,0.263105,0.28714,0.316644,0.321076,0.319433,0.319674,0.289282,0.319613,0.320759,0.2931,0.302922,0.27635,0.306802,0.293394,0.304129,0.292392,0.325203,0.30553,0.284401,0.276099,0.394355,0.316573,0.403028,0.320029,0.326227,0.330239,0.03011,0.0292,0.0291,0.02933
0.15715,0.156498,0.149326,0.142141,0.180024,0.183421,0.178232,0.182397,0.159895,0.155359,0.210578,0.201304,0.156326,0.164767,0.202347,0.207852,0.177368,0.183774,0.181865,0.187245,0.178042,0.184628,0.186659,0.178722,0.187031,0.171637,0.206621,0.197014,0.194961,0.142568,0.142011,0.151478,0.172548,0.18099,0.185933,0.143328,0.140961,0.144317,0.145626,0.130499,0.134672,0.137619,0.134479,0.15375,0.147729,0.178289,0.178046,0.161929,0.155455,0.154525,0.168873,0.170634,0.174092,0.132202,0.131282,0.14745,0.165367,0.170817,0.168287,0.169941,0.151144,0.172717,0.171729,0.150757,0.159032,0.141473,0.157585,0.151742,0.159066,0.154112,0.167348,0.154539,0.147629,0.142958,0.226921,0.173141,0.233244,0.174908,0.180755,0.183016,0.01078,0.00911,0.00895,0.00922
0.645481,0.652804,0.624851,0.621081,0.690446,0.709158,0.693015,0.702281,0.652829,0.647955,0.752293,0.75211,0.6547,0.662465,0.746794,0.769697,0.681162,0.700977,0.685389,0.716288,0.697533,0.718052,0.724977,0.698593,0.696398,0.673513,0.767862,0.747867,0.732658,0.621929,0.620593,0.63763,0.675971,0.710498,0.705932,0.616639,0.609939,0.617799,0.626263,0.599786,0.602173,0.59635,0.598133,0.641044,0.625807,0.683916,0.692203,0.643649,0.638285,0.636995,0.66817,0.668204,0.681076,0.588745,0.586891,0.638005,0.693846,0.679015,0.681407,0.68021,0.632514,0.670084,0.675819,0.647709,0.65347,0.616902,0.661309,0.638709,0.658805,0.638648,0.700389,0.670633,0.615591,0.603814,0.757493,0.653353,0.766902,0.659211,0.659413,0.673254,0.00838,0.00504,0.0068,0.00595
0.533461,0.539362,0.515106,0.510154,0.58124,0.596533,0.581943,0.593067,0.545065,0.537133,0.642501,0.636478,0.540323,0.54961,0.635566,0.655679,0.57281,0.592545,0.578174,0.603599,0.586941,0.606995,0.611791,0.587244,0.58709,0.56412,0.65693,0.634849,0.622146,0.508368,0.508148,0.528193,0.563371,0.596766,0.592275,0.503687,0.499567,0.505891,0.513309,0.487379,0.489805,0.487939,0.485787,0.529348,0.515556,0.572676,0.577325,0.538036,0.531258,0.527993,0.555684,0.556447,0.569548,0.481893,0.480665,0.52308,0.5775,0.567929,0.567311,0.566166,0.524888,0.563618,0.567457,0.535016,0.543524,0.506821,0.547292,0.529488,0.542449,0.525209,0.583485,0.55672,0.505039,0.496018,0.651333,0.547699,0.661847,0.55067,0.552415,0.567103,0.00143,-0.00213,-0.00037,-0.00116
0.300343,0.302513,0.29106,0.282836,0.336155,0.342934,0.333078,0.340464,0.306965,0.30236,0.379429,0.369258,0.30331,0.312965,0.368242,0.380002,0.330853,0.342819,0.33561,0.348425,0.333308,0.346228,0.351923,0.336103,0.345082,0.323061,0.377763,0.364055,0.357182,0.284082,0.282769,0.293185,0.324707,0.341876,0.342803,0.283502,0.279246,0.283532,0.287316,0.267203,0.272205,0.273753,0.271953,0.301087,0.290292,0.333269,0.336122,0.308476,0.29982,0.300047,0.320602,0.321948,0.329952,0.267957,0.266236,0.290984,0.32077,0.32492,0.323349,0.323533,0.292938,0.323587,0.324792,0.296883,0.30679,0.280184,0.310613,0.297005,0.30804,0.296215,0.329093,0.309268,0.287975,0.2795,0.39848,0.320334,0.407351,0.323741,0.329823,0.334118,0.05228,0.05226,0.05211,0.05237
0.229114,0.229553,0.220505,0.212831,0.259607,0.264562,0.256638,0.263742,0.23522,0.229422,0.29856,0.287641,0.230121,0.239972,0.288634,0.296918,0.256271,0.265375,0.260666,0.270145,0.257567,0.267867,0.271832,0.259566,0.267957,0.248856,0.295568,0.282662,0.279763,0.213123,0.212669,0.224232,0.249194,0.262452,0.266082,0.213047,0.210554,0.214745,0.217564,0.19972,0.203602,0.20665,0.203065,0.227995,0.220708,0.257783,0.258262,0.237074,0.229756,0.228224,0.245278,0.247508,0.254167,0.201901,0.200304,0.218763,0.244101,0.249444,0.246508,0.247657,0.222784,0.249841,0.249787,0.224184,0.233241,0.210337,0.235879,0.228343,0.233523,0.225638,0.250282,0.234152,0.217997,0.213299,0.320747,0.251068,0.326942,0.252357,0.258754,0.263098,0.02306,0.02105,0.0219,0.02158
