X15005_Education_Administrators,X32905_Medical_and_Clinical_Laboratory_Technicians,X91502_Numerical_Control_Machine_Tool_Operators_and_Tenders__Metal_and_Plastic,X56011_Computer_Operators__Except_Peripheral_Equipment,X25108_Computer_Programmer_Aides,X27308_Human_Services_Workers,X85314_Mobile_Heavy_Equipment_Mechanics__Except_Engines,X43021_Travel_Agents,X97117_Driver.Sales_Workers,X87899_All_Other_Construction_Trades_Workers,X49002_Sales_Engineers,X21108_Loan_Officers_and_Counselors,X21302_Wholesale_and_Retail_Buyers__Except_Farm_Products,X93956_Assemblers_and_Fabricators__Except_Machine__Electrical__Electronic__and_Precision,X31505_Technical_Assistants__Library,X15011_Property_and_Real_Estate_Managers_and_Administrators,X49023_Cashiers,X97956_Operating_Engineers,X98312_Helpers__Carpenters_and_Related_Workers,X28305_Paralegal_Personnel,X55314_Personnel_Clerks__Except_Payroll_and_Timekeeping,X31521_Teacher_Aides__Paraprofessional,X34008_Public_Relations_Specialists_and_Publicity_Writers,X32999_All_Other_Health_Professionals__Paraprofessionals__and_Technicians,X31517_Instructional_Coordinators,X32517_Pharmacists,X55344_Billing__Cost__and_Rate_Clerks,X65005_Bartenders,X27307_Residential_Counselors,X25105_Computer_Programmers,X55328_Statistical_Clerks,X32308_Physical_Therapists,X55347_General_Office_Clerks,X34035_Artists_and_Related_Workers,X79999_All_Other_Agricultural__Forestry__Fishing__and_Related_Workers,X22126_Electrical_and_Electronic_Engineers,X65041_Combined_Food_Preparation_and_Service_Workers,X34023_Photographers,X65026_Cooks__Restaurant,X15023_Communications__Transportation__and_Utilities_Operations_Managers,X65002_Hosts_and_Hostesses__Restaurant__Lounge__or_Coffee_Shop,X43008_Sales_Agents__Real_Estate,X21908_Construction_and_Building_Inspectors,X31311_Teachers__Special_Education,X89132_Sheet_Metal_Workers,X65028_Cooks__Institution_or_Cafeteria,X43099_All_Other_Sales_Representatives_and_Salespersons__Services,X98799_All_Other_Freight__Stock__and_Material_Movers__Hand,X95099_All_Other_Plant_and_System_Operators,X68005_Hairdressers__Hairstylists__and_Cosmetologists,X98313_Helpers__Electricians_and_Power.Line_Transmission_Installers,X98905_Vehicle_Washers_and_Equipment_Cleaners,X22311_Surveyors_and_Mapping_Scientists,X34002_Writers_and_Editors,X32514_Opticians__Dispensing_and_Measuring,X31399_All_Other_Teachers_and_Instructors,X89102_Tool_and_Die_Makers,X24599_All_Other_Physical_and_Life_Science_Technicians_and_Technologists,X43017_Sales_Agents__Selected_Business_Services,X49999_All_Other_Sales_and_Related_Workers,X15026_Food_Service_and_Lodging_Managers,X57311_Messengers,X67099_All_Other_Cleaning_and_Building_Service_Workers,X57102_Switchboard_Operators,X85902_Heating__Air_Conditioning__and_Refrigeration_Mechanics_and_Installers,X22505_Electrical_and_Electronic_Engineering_Technicians_and_Technologists,X53102_Tellers,X69999_All_Other_Service_Workers,X87508_Pipelayers,X65014_Dining_Room_and_Cafeteria_Attendants_and_Bartender_Helpers,X79806_Veterinary_Assistants,X22502_Civil_Engineering_Technicians_and_Technologists,X92997_All_Other_Machine_Setters_and_Set.Up_Operators,X21511_Personnel__Training__and_Labor_Relations_Specialists,X81011_First.Line_Supervisors_and_Managers.Supervisors_._Transportation_and_Material.Moving_Machine_and_Vehicle_Operators,X65021_Bakers__Bread_and_Pastry,X92512_Offset_Lithographic_Press_Setters_and_Set.Up_Operators,X98311_Helpers__Brick_and_Stonemasons_and_Hard_Tile_Setters,X87502_Plumbers__Pipefitters__and_Steamfitters,X56002_Billing__Posting__and_Calculating_Machine_Operators,X32102_Physicians_and_Surgeons,X85953_Tire_Repairers_and_Changers,X97102_Truck_Drivers__Heavy_or_Tractor.Trailer,X92717_Sewing_Machine_Operators__Garment,X97899_All_Other_Transportation_and_Related_Workers,X53902_Library_Assistants_and_Bookmobile_Drivers,X49011_Salespersons__Retail,X43014_Sales_Agents__Securities__Commodities__and_Financial_Services,X68038_Child_Care_Workers,X22128_Industrial_Engineers__Except_Safety,X63014_Police_Patrol_Officers,X22514_Drafters,X97108_Bus_Drivers,X13005_Personnel__Training__and_Labor_Relations_Managers,X81002_First.Line_Supervisors_and_Managers.Supervisors_._Mechanics__Installers__and_Repairers,X58008_Production__Planning__and_Expediting_Clerks,X34038_Designers__Except_Interior_Designers,X24505_Chemical_Technicians_and_Technologists__Except_Health,X22511_Mechanical_Engineering_Technicians_and_Technologists,X72002_First.Line_Supervisors_and_Managers.Supervisors_._Agricultural__Forestry__Fishing__and_Related_Workers,X97923_Excavating_and_Loading_Machine_Operators,X55321_File_Clerks,X31304_Teachers__Kindergarten,X92726_Laundry_and_Dry.Cleaning_Machine_Operators_and_Tenders__Except_Pressing,X79017_Animal_Caretakers__Except_Farm,X87708_Paving__Surfacing__and_Tamping_Equipment_Operators,X22135_Mechanical_Engineers,X25102_Systems_Analysts__Electronic_Data_Processing,X49005_Sales_Representatives__Scientific_and_Related_Products_and_Services__Except_Retail,X32911_Medical_Records_Technicians,X65008_Waiters_and_Waitresses,X53808_Hotel_Desk_Clerks,X32919_Radiologic_Technologists,X21902_Cost_Estimators,X87202_Electricians,X63047_Guards_and_Watch_Guards,X61008_Housekeeping_Supervisors,X27302_Social_Workers__Medical_and_Psychiatric,X22121_Civil_Engineers__Including_Traffic,X98102_Helpers__Mechanics_and_Repairers,X19005_General_Managers_and_Top_Executives,X58026_Order_Fillers__Wholesale_and_Retail_Sales,X32105_Dentists,X93999_All_Other_Hand_Workers,X27305_Social_Workers__Except_Medical_and_Psychiatric,X61005_Police_and_Detective_Supervisors,X58002_Dispatchers__Police__Fire__and_Ambulance,X22521_Surveying_and_Mapping_Technicians,X66011_Home_Health_Aides,X31321_Instructors_and_Coaches__Sports_and_Physical_Training,X81099_All_Other_First.Line_Supervisors_and_Managers.Supervisors_._Production__Construction__Maintenance__and_Related_Workers,X55335_Customer_Service_Representatives__Utilities,X53302_Insurance_Adjusters__Examiners__and_Investigators,X22199_All_Other_Engineers,X89311_Cabinetmakers_and_Bench_Carpenters,X22127_Computer_Engineers,X57302_Mail_Clerks__Except_Mail_Machine_Operators_and_Postal_Service,X92728_Pressing_Machine_Operators_and_Tenders__Textile__Garment__and_Related_Materials,X13017_Engineering__Mathematical__and_Natural_Sciences_Managers,X58014_Meter_Readers__Utilities,X31308_Teachers__Secondary_School,X31317_Instructors__Nonvocational_Education,X34017_Announcers__Radio_and_Television,X83005_Production_Inspectors__Testers__Graders__Sorters__Samplers__and_Weighers,X87808_Roofers,X13014_Administrative_Services_Managers,X66008_Nursing_Aides__Orderlies__and_Attendants,X97805_Service_Station_Attendants,X97947_Industrial_Truck_and_Tractor_Operators,X98315_Helpers__Plumbers__Pipefitters__and_Steamfitters,X15008_Medicine_and_Health_Services_Managers,X85999_All_Other_Mechanics__Installers__and_Repairers,X93914_Welders_and_Cutters,X21117_Budget_Analysts,X55338_Bookkeeping__Accounting__and_Auditing_Clerks,X98999_All_Other_Helpers__Laborers__and_Material_Movers__Hand,X79041_Laborers__Landscaping_and_Groundskeeping,X85128_Machinery_Maintenance_Workers,X21308_Purchasing_Agents__Except_Wholesale__Retail__and_Farm_Products,X55108_Secretaries__Except_Legal_and_Medical,X25103_Data_Base_Administrators,X58005_Dispatchers__Except_Police__Fire__and_Ambulance,X68035_Personal_and_Home_Care_Aides,X32951_Veterinary_Technicians_and_Technologists,X98319_Helpers__All_Other_Construction_Trades_Workers,X19999_All_Other_Managers_and_Administrators,X56017_Data_Entry_Keyers__Except_Composing,X81008_First.Line_Supervisors_and_Managers.Supervisors_._Production_and_Operating_Workers,X67002_Maids_and_Housekeeping_Cleaners,X87311_Concrete_and_Terrazzo_Finishers,X32908_Dental_Hygienists,X49014_Salespersons__Parts,X66005_Medical_Assistants,X49026_Telemarketers__Door.To.Door_Sales_Workers__News_and_Street_Vendors__and_Other_Related_Workers,X65023_Butchers_and_Meat_Cutters,X97938_Grader__Bulldozer__and_Scraper_Operators,X87302_Brickmasons,X28108_Lawyers,X55332_Interviewing_Clerks__Except_Personnel_and_Social_Welfare,X97111_Bus_Drivers__School,X49008_Sales_Representatives__Except_Retail_and_Scientific_and_Related_Products_and_Services,X66017_Physical_and_Corrective_Therapy_Assistants_and_Aides,X87102_Carpenters,X65017_Counter_Attendants_._Lunchroom__Coffee_Shop__or_Cafeteria,X67005_Janitors_and_Cleaners__Except_Maids_and_Housekeeping_Cleaners,X65099_All_Other_Food_Service_Workers,X93953_Grinding_and_Polishing_Workers__Hand,X87711_Highway_Maintenance_Workers,X43002_Sales_Agents_and_Placers__Insurance,X97989_All_Other_Material.Moving_Equipment_Operators,X92974_Packaging_and_Filling_Machine_Operators_and_Tenders,X22599_All_Other_Engineering_and_Related_Technicians_and_Technologists,X24105_Chemists__Except_Biochemists,X31314_Teachers_and_Instructors__Vocational_Education_and_Training,X53314_Insurance_Policy_Processing_Clerks,X32521_Dietitians_and_Nutritionists,X55105_Medical_Secretaries,X39999_All_Other_Professional__Paraprofessional__and_Technical_Workers,X55102_Legal_Secretaries,X55305_Receptionists_and_Information_Clerks,X85302_Automotive_Mechanics,X91705_Welding_Machine_Operators_and_Tenders,X66002_Dental_Assistants,X95002_Water_and_Liquid_Waste_Treatment_Plant_and_System_Operators,X58099_All_Other_Material_Recording__Scheduling__and_Distributing_Workers,X53508_Bill_and_Account_Collectors,X21911_Compliance_Officers_and_Enforcement_Inspectors__Except_Construction,X85132_Maintenance_Repairers__General_Utility,X51002_First.Line_Supervisors_and_Managers.Supervisors_._Clerical_and_Administrative_Support_Workers,X32305_Occupational_Therapists,X21199_All_Other_Financial_Specialists,X43023_Sales_Agents__Advertising,X66099_All_Other_Health_Service_Workers,X87402_Painters_and_Paperhangers__Construction_and_Maintenance,X31303_Teachers__Preschool,X55307_Typists__Including_Word_Processing,X25104_Computer_Support_Specialists,X83002_Precision_Inspectors__Testers__and_Graders,X32505_Licensed_Practical_Nurses,X31305_Teachers__Elementary_School,X83099_All_Other_Inspectors__Testers__and_Related_Workers,X53121_Loan_and_Credit_Clerks,X13002_Financial_Managers,X61099_All_Other_Supervisors_and_Managers.Supervisors_._Service_Workers,X92953_Coating__Painting__and_Spraying_Machine_Operators_and_Tenders,X41002_First.Line_Supervisors_and_Managers.Supervisors_._Sales_and_Related_Workers,X65035_Cooks__Short_Order,X13011_Marketing__Advertising__and_Public_Relations_Managers,X55323_Order_Clerks__Materials__Merchandise__and_Service,X81005_First.Line_Supervisors_and_Managers.Supervisors_._Construction_Trades_and_Extractive_Workers,X31502_Librarians__Professional,X85702_Telephone_and_Cable_Television_Line_Installers_and_Repairers,X53123_Adjustment_Clerks,X92721_Sewing_Machine_Operators__Nongarment,X87999_All_Other_Construction_and_Extractive_Workers__Except_Helpers,X58023_Stock_Clerks_._Stockroom__Warehouse_or_Storage_Yard,X49017_Counter_and_Rental_Clerks,X21999_All_Other_Management_Support_Workers,X53311_Insurance_Claims_Clerks,X65038_Food_Preparation_Workers,X89108_Machinists,X68014_Amusement_and_Recreation_Attendants,X32519_Pharmacy_Technicians_and_Aides,X89999_All_Other_Precision_Workers,X85311_Bus_and_Truck_Mechanics_and_Diesel_Engine_Specialists,X97105_Truck_Drivers__Light__Include_Delivery_and_Route_Workers,X92543_Printing_Press_Machine_Operators_and_Tenders,X31514_Vocational_and_Educational_Counselors,X63099_All_Other_Protective_Service_Workers,X81017_First.Line_Supervisors_and_Managers.Supervisors_._Helpers__Laborers__and_Material_Movers__Hand,X32502_Registered_Nurses,X55326_Procurement_Clerks,X92944_Cutting_and_Slicing_Machine_Operators_and_Tenders,X59999_All_Other_Clerical_and_Administrative_Support_Workers,X55302_Stenographers_and.or_Court_Reporters,X32902_Medical_and_Clinical_Laboratory_Technologists,X85328_Small_Engine_Specialists,X49021_Stock_Clerks__Sales_Floor,X55341_Payroll_and_Timekeeping_Clerks,X32114_Veterinarians_and_Veterinary_Inspectors,X53105_New_Accounts_Clerks,X85305_Automotive_Body_and_Related_Repairers,X91321_Machine_Forming_Operators_and_Tenders__Metal_and_Plastic,target_X58028_Shipping__Receiving__and_Traffic_Clerks,target_X15014_Industrial_Production_Managers,target_X32511_Physician_Assistants,target_X15017_Construction_Managers,target_X98502_Machine_Feeders_and_Offbearers,target_X92965_Crushing__Grinding__Mixing__and_Blending_Machine_Operators_and_Tenders,target_X32314_Speech.Language_Pathologists_and_Audiologists,target_X13008_Purchasing_Managers,target_X21114_Accountants_and_Auditors,target_X85110_Machinery_Maintenance_Mechanics,target_X27311_Recreation_Workers,target_X98902_Hand_Packers_and_Packagers,target_X65032_Cooks__Fast_Food,target_X92998_All_Other_Machine_Operators_and_Tenders,target_X27108_Psychologists,target_X53905_Teacher_Aides_and_Educational_Assistants__Clerical
660.0,170.0,428.421053,150.0,292.807018,686.02459,190.0,150.0,400.0,388.503937,70.0,260.0,50.0,560.0,30,260.0,4090,50.0,469.372822,170.0,120.0,1520.0,30.0,1404.503817,100.0,250.0,400.0,420.0,300.0,110.0,50.0,340.0,4060.0,40.0,80.0,110.0,3010.0,40.0,1240.0,210.0,200.0,403.283582,30.0,300.0,538.915663,580.0,570.13986,460.0,360.0,640.0,352.515723,610.0,50.0,496.226415,264.807692,330.0,513.830846,140.0,200.0,410.0,710.0,90.0,260.0,340.0,300.0,170.0,750.0,300.0,210.923077,690.0,70.0,70.0,290.0,210.0,180.0,140.0,80.0,291.126761,690.0,130.0,490.0,130.0,2070.0,1555.205479,610.921986,437.586207,4410.0,845.783133,360.0,406.010101,1362.660099,380.0,40.0,180.0,980.0,686.575342,120.0,354.685315,250.0,60,236.774194,260.0,240.0,390.0,100.0,130.0,110.0,380.0,240.0,170.0,2260.0,240.0,200.0,180.0,970.0,1090.0,90.0,220.0,110.0,610.0,4280.0,140.0,70.0,180.0,971.975309,30.0,80.0,60.0,1466.056338,220.0,280.0,230.0,100.0,240.0,343.64532,70.0,60.0,100.0,240.0,191.848739,3180.0,80.0,60.0,400.0,378.110599,370.0,1460.0,100.0,220.0,270.0,180.0,770.0,510.0,30.0,1950,2270.0,800.0,40.0,170.0,2300.0,363.817204,110.0,986.0625,138.04878,210.0,870.0,260.0,930.0,1840.0,180.0,120.0,370.0,530.0,1577.244898,100.0,236.206897,381.694915,390.0,645.448276,290.0,1010.0,190.0,1020.0,140.0,1630,590.0,298.961039,430.509554,210.0,170.0,1157.304348,370.0,365.341615,140,110.0,158.877551,330.0,820.0,490.0,1720.0,910.0,311.145038,330.0,280.0,190.0,190.0,180.0,1810.0,1580.0,50.0,150.0,90.0,410.0,760.0,789.900662,240.0,150.0,130.0,1080.0,2530.0,280.0,210.0,580.0,810.0,30.0,1710.0,290.0,330.0,180.0,910.0,300.0,693.01676,660.0,70.0,445.972222,990.0,520.0,860.0,150.0,1340.0,430.0,340.0,180.0,50.0,140.0,1360,451.534884,360.0,676.976744,70.0,3060.0,110.0,277.819549,880.0,130.0,200.0,110.37037,1630.0,200.0,30.0,120.0,270.0,798.968254,0.00742,0.00629,0.03896,0.01114,0.00377,0.03542,0.03338,0.00747,0.00723,0.01641,0.00843,0.00198,0.03361,0.0306,0.03342,0.0083
120.0,110.0,428.421053,30.0,292.807018,110.0,289.590164,467.824074,60.0,388.503937,355.953757,70.0,305.639098,150.0,256,478.227848,1190,381.021505,40.0,529.581395,364.722222,550.0,352.66055,80.0,336.01227,50.0,110.0,50.0,100.0,1646.007326,253.5,362.116183,1060.0,501.402715,272.839506,1175.982143,750.0,257.209302,270.0,528.093525,676.633987,403.283582,245.11236,1243.214286,230.0,120.0,570.13986,270.0,485.248619,80.0,352.515723,665.769231,187.007874,496.226415,70.0,1124.333333,513.830846,377.421384,804.401544,50.0,120.0,388.75,70.0,40.0,30.0,942.753623,210.0,110.0,210.923077,1077.901639,168.461538,289.944751,490.25641,90.0,30.0,80.0,292.733333,291.126761,907.922078,40.0,160.0,245.227273,480.0,150.0,610.921986,437.586207,1290.0,845.783133,962.191781,406.010101,80.0,656.778523,860.298507,70.0,150.0,130.0,30.0,354.685315,344.675325,180,236.774194,90.0,532.666667,394.80427,287.131148,251.097561,50.0,1817.816092,40.0,70.0,600.0,368.317152,120.0,30.0,1466.58147,200.0,224.964789,100.0,587.42616,100.0,820.0,50.0,219.534884,1620.214592,110.0,60.0,100.0,238.505747,300.0,791.528926,50.0,747.209302,30.0,1377.87234,343.64532,1308.012821,457.794118,264.83871,899.665552,191.848739,4105.806452,451.073446,40.0,230.0,30.0,70.0,570.0,384.588235,140.0,304.581281,90.0,60.0,210.0,284.451613,520,1290.0,240.0,30.0,50.0,490.0,363.817204,40.0,110.0,138.04878,350.555556,190.0,1113.986928,240.0,220.0,384.804688,50.0,110.0,50.0,1577.244898,60.0,236.206897,381.694915,80.0,50.0,1236.811594,240.0,252.077922,140.0,140.0,730,904.259928,298.961039,170.0,110.0,210.0,280.0,40.0,365.341615,110,40.0,158.877551,30.0,80.0,40.0,3216.636364,160.0,311.145038,70.0,292.674419,511.074766,40.0,484.921466,400.0,280.0,241.105263,721.890909,40.0,150.0,40.0,789.900662,30.0,1216.907216,491.643192,290.0,4572.384937,365.534591,482.926829,120.0,350.0,295.849057,460.0,464.369369,50.0,973.993399,100.0,60.0,693.01676,30.0,510.857143,445.972222,180.0,110.0,70.0,493.029046,330.0,170.0,982.882096,50.0,380.47619,570.46875,370,451.534884,90.0,676.976744,50.0,1000.0,214.591837,277.819549,50.0,60.0,564.293194,110.37037,440.0,50.0,118.159204,50.0,494.901961,90.0,0.00267,0.00315,0.03896,0.00265,0.03858,0.00795,0.03338,0.00287,0.00122,0.0041,0.00355,0.00245,0.00765,0.00278,0.03342,0.03184
800.0,550.0,428.421053,640.0,100.0,1190.0,330.0,170.0,520.0,130.0,355.953757,420.0,150.0,3270.0,190,220.0,8720,240.0,190.0,370.0,230.0,670.0,250.0,1320.0,320.0,570.0,820.0,410.0,320.0,870.0,253.5,400.0,8710.0,280.0,260.0,350.0,6090.0,180.0,2120.0,470.0,690.0,90.0,70.0,840.0,1420.0,800.0,570.13986,1860.0,510.0,450.0,190.0,670.0,170.0,330.0,80.0,940.0,220.0,90.0,470.0,1050.0,540.0,520.0,540.0,562.222222,650.0,280.0,1820.0,550.0,60.0,840.0,120.0,30.0,490.25641,1240.0,570.0,180.0,60.0,291.126761,1110.0,280.0,2740.0,260.0,6780.0,1555.205479,390.0,437.586207,9730.0,550.0,1210.0,110.0,780.0,370.0,350.0,430.0,1320.0,500.0,330.0,110.0,80.0,180,320.0,460.0,470.0,200.0,300.0,210.0,240.0,1140.0,610.0,200.0,4510.0,450.0,400.0,440.0,1460.0,3780.0,180.0,440.0,300.0,340.0,8330.0,380.0,140.0,1410.0,640.0,270.0,150.0,100.0,990.0,570.0,710.0,740.0,250.0,410.0,170.0,260.0,250.0,290.0,620.0,80.0,2340.0,460.0,80.0,740.0,120.0,610.0,3590.0,200.0,1340.0,140.0,670.0,900.0,1260.0,80.0,3540,8310.0,1930.0,330.0,580.0,6090.0,550.0,330.0,160.0,138.04878,120.0,1700.0,1150.0,1430.0,2090.0,340.0,240.0,770.0,320.0,620.0,220.0,250.0,381.694915,1010.0,450.0,1160.0,3010.0,230.0,1230.0,810.0,4310,410.0,298.961039,180.0,670.0,690.0,1150.0,370.0,220.0,1090,580.471698,120.0,360.0,1390.0,490.0,2580.0,1530.0,60.0,530.0,240.0,300.0,700.0,470.0,2810.0,3820.0,250.0,500.0,380.0,760.0,690.0,840.0,520.0,760.0,491.643192,3070.0,2470.0,730.0,400.0,1330.0,2090.0,220.0,4480.0,160.0,860.0,610.0,940.0,290.0,530.0,1000.0,270.0,410.0,1820.0,1190.0,3460.0,670.0,3050.0,1010.0,450.0,380.0,220.0,830.0,2940,410.0,440.0,676.976744,350.0,7810.0,100.0,100.0,1360.0,200.0,940.0,110.37037,2980.0,370.0,90.0,90.0,510.0,410.0,0.02216,0.01678,0.02919,0.02706,0.01886,0.03179,0.04143,0.01897,0.01781,0.02325,0.01509,0.01689,0.0237,0.03013,0.02239,0.03184
760.0,180.0,50.0,290.0,292.807018,490.0,250.0,220.0,610.0,300.0,30.0,500.0,220.0,1230.0,190,290.0,4170,320.0,240.0,300.0,260.0,2140.0,110.0,870.0,240.0,390.0,590.0,900.0,596.666667,250.0,253.5,190.0,5010.0,160.0,272.839506,150.0,5690.0,257.209302,1640.0,290.0,600.0,80.0,130.0,940.0,290.0,860.0,60.0,1110.0,200.0,1030.0,80.0,430.0,120.0,50.0,264.807692,220.0,130.0,80.0,180.0,740.0,740.0,50.0,430.0,310.0,180.0,280.0,940.0,1014.418605,210.0,780.0,50.0,289.944751,140.0,430.0,350.0,230.0,150.0,291.126761,320.0,390.0,1180.0,245.227273,3770.0,850.0,90.0,150.0,7710.0,300.0,560.0,50.0,600.0,340.0,860.298507,586.17284,980.0,330.0,270.0,354.685315,70.0,30,260.0,300.0,370.0,210.0,210.0,120.0,140.0,440.0,250.0,210.0,3780.0,200.0,360.0,350.0,1110.0,410.0,150.0,620.0,330.0,520.0,5630.0,410.0,230.0,800.0,971.975309,130.0,268.502674,110.0,340.0,791.528926,420.0,160.0,740.920245,220.0,660.0,100.0,170.0,70.0,310.0,80.0,3710.0,320.0,164.740741,680.0,320.0,560.0,4460.0,250.0,730.0,240.0,390.0,560.0,400.0,284.451613,3470,2910.0,1990.0,140.0,250.0,3480.0,70.0,320.0,986.0625,130.0,90.0,1340.0,390.0,800.0,1760.0,230.0,300.0,610.0,430.0,420.0,260.0,110.0,381.694915,780.0,260.0,810.0,1860.0,230.0,2120.0,940.0,3250,1230.0,150.0,190.0,540.0,390.0,450.0,390.0,365.341615,890,580.471698,70.0,584.186851,1080.0,420.0,2820.0,1530.0,180.0,690.0,180.0,120.0,300.0,230.0,1900.0,2400.0,180.0,410.0,200.0,410.0,550.0,730.0,360.0,600.0,210.0,1950.0,3640.0,80.0,290.0,990.0,1290.0,70.0,3040.0,464.369369,500.0,520.0,400.0,260.0,310.0,270.0,60.0,445.972222,1470.0,900.0,740.0,270.0,2060.0,760.0,982.882096,410.0,220.0,550.0,2390,451.534884,430.0,676.976744,280.0,4510.0,190.0,150.0,950.0,110.0,210.0,30.0,2410.0,200.0,110.0,180.0,580.0,798.968254,0.01662,0.01678,0.02919,0.02016,0.04465,0.01943,0.0259,0.01955,0.01191,0.0155,0.04617,0.02178,0.03111,0.01111,0.02986,0.00983
590.0,451.497797,428.421053,250.0,40.0,460.0,250.0,230.0,270.0,180.0,110.0,590.0,270.0,820.0,100,478.227848,3600,260.0,340.0,330.0,150.0,1620.0,90.0,760.0,120.0,280.0,410.0,1300.0,400.0,480.0,70.0,290.0,4270.0,140.0,272.839506,230.0,2580.0,257.209302,1750.0,240.0,460.0,270.0,40.0,450.0,538.915663,660.0,100.0,900.0,485.248619,750.0,352.515723,480.0,187.007874,80.0,264.807692,180.0,100.0,90.0,190.0,1000.0,620.0,70.0,240.0,240.0,360.0,570.0,800.0,410.0,60.0,650.0,168.461538,170.0,50.0,270.0,240.0,260.0,292.733333,80.0,260.0,304.040816,800.0,210.0,2960.0,300.0,60.0,70.0,6120.0,330.0,610.0,50.0,190.0,450.0,860.298507,270.0,640.0,280.0,240.0,354.685315,60.0,180,170.0,290.0,220.0,250.0,80.0,251.097561,260.0,410.0,410.0,250.0,3550.0,180.0,340.0,230.0,1050.0,880.0,110.0,510.0,420.0,440.0,4440.0,420.0,150.0,280.0,971.975309,50.0,268.502674,40.0,1260.0,570.0,230.0,190.0,370.0,280.0,170.0,350.0,160.0,80.0,220.0,191.848739,2280.0,440.0,164.740741,220.0,340.0,300.0,1700.0,170.0,690.0,304.581281,310.0,490.0,510.0,80.0,3190,1550.0,1130.0,70.0,320.0,2720.0,120.0,330.0,520.0,138.04878,350.555556,1420.0,530.0,910.0,970.0,200.0,320.0,640.0,470.0,1577.244898,210.0,236.206897,120.0,770.0,645.448276,1236.811594,1630.0,210.0,1330.0,300.0,2990,820.0,100.0,430.509554,200.0,230.0,260.0,290.0,365.341615,430,390.0,190.0,240.0,1070.0,330.0,2190.0,850.0,311.145038,500.0,292.674419,110.0,540.0,230.0,1630.0,2300.0,60.0,400.0,170.0,340.0,470.0,370.0,510.0,540.0,100.0,970.0,2560.0,365.534591,240.0,820.0,1030.0,190.0,2350.0,270.0,530.0,850.0,320.0,160.0,270.0,270.0,130.0,445.972222,1230.0,940.0,780.0,300.0,1900.0,750.0,800.0,200.0,110.0,430.0,2020,100.0,320.0,676.976744,130.0,4460.0,120.0,40.0,740.0,293.048128,160.0,50.0,1540.0,150.0,60.0,160.0,320.0,798.968254,0.01662,0.01416,0.01459,0.02016,0.02201,0.01943,0.01813,0.01495,0.01089,0.01732,0.00977,0.01316,0.01284,0.00641,0.01244,0.01245
590.0,451.497797,428.421053,585.728814,292.807018,660.0,289.590164,467.824074,100.0,388.503937,355.953757,150.0,305.639098,290.0,256,50.0,2510,110.0,469.372822,529.581395,364.722222,1843.14433,50.0,430.0,336.01227,170.0,250.0,510.0,430.0,1646.007326,253.5,100.0,2060.0,30.0,60.0,1175.982143,3981.314985,257.209302,670.0,90.0,180.0,403.283582,30.0,510.0,30.0,200.0,570.13986,400.0,485.248619,420.0,352.515723,110.0,187.007874,100.0,30.0,150.0,50.0,377.421384,100.0,1358.690096,180.0,388.75,683.669065,50.0,310.0,120.0,690.0,180.0,210.923077,390.0,60.0,70.0,490.25641,190.0,70.0,170.0,292.733333,50.0,230.0,100.0,1111.41129,245.227273,510.0,1555.205479,610.921986,130.0,3350.0,40.0,230.0,406.010101,280.0,110.0,860.298507,110.0,1058.45679,60.0,90.0,354.685315,344.675325,50,70.0,190.0,532.666667,80.0,60.0,251.097561,30.0,420.0,210.0,60.0,2080.0,60.0,270.0,90.0,1466.58147,430.0,60.0,170.0,587.42616,140.0,7852.932099,30.0,219.534884,1620.214592,530.0,70.0,90.0,238.505747,360.0,240.0,110.0,747.209302,70.0,1377.87234,343.64532,1308.012821,40.0,80.0,899.665552,191.848739,4105.806452,451.073446,164.740741,140.0,80.0,130.0,1180.0,100.0,934.849498,100.0,160.0,230.0,790.318021,284.451613,1320,880.0,630.0,266.22449,598.344595,2110.0,363.817204,70.0,200.0,60.0,350.555556,2456.389776,170.0,240.0,770.0,40.0,190.0,170.0,50.0,1577.244898,100.0,40.0,381.694915,330.0,645.448276,1810.0,270.0,252.077922,410.0,210.0,1800,490.0,298.961039,290.0,60.0,507.990196,70.0,200.0,365.341615,570,150.0,158.877551,270.0,1340.0,190.0,1120.0,580.0,30.0,240.0,50.0,511.074766,170.0,80.0,600.0,1050.0,241.105263,721.890909,40.0,50.0,240.0,290.0,970.0,1216.907216,30.0,550.0,4572.384937,365.534591,40.0,470.0,620.0,295.849057,1500.0,70.0,140.0,140.0,220.0,120.0,693.01676,70.0,510.857143,445.972222,510.0,480.0,2144.075342,60.0,1180.0,170.0,220.0,60.0,380.47619,250.0,520,70.0,200.0,676.976744,40.0,2060.0,214.591837,277.819549,2058.4375,70.0,564.293194,110.37037,1220.0,90.0,118.159204,100.0,190.0,798.968254,0.00534,0.00629,0.00811,0.00796,0.03858,0.0053,0.03338,0.00575,0.00448,0.03049,0.01554,0.00105,0.03361,0.0306,0.02239,0.02555
190.0,451.497797,428.421053,50.0,292.807018,686.02459,289.590164,467.824074,130.0,388.503937,355.953757,563.3,40.0,1950.0,256,478.227848,2180,381.021505,160.0,529.581395,30.0,1843.14433,352.66055,200.0,336.01227,100.0,130.0,1032.534722,596.666667,70.0,253.5,362.116183,1300.0,30.0,272.839506,50.0,600.0,257.209302,290.0,50.0,676.633987,403.283582,245.11236,1243.214286,538.915663,60.0,570.13986,930.0,485.248619,917.129032,352.515723,90.0,187.007874,496.226415,60.0,330.0,30.0,377.421384,804.401544,280.0,70.0,120.0,683.669065,60.0,648.039216,942.753623,200.0,110.0,210.923077,1077.901639,168.461538,289.944751,370.0,170.0,40.0,100.0,292.733333,291.126761,120.0,304.040816,130.0,245.227273,570.0,1240.0,610.921986,437.586207,2500.0,845.783133,962.191781,120.0,1362.660099,100.0,860.298507,110.0,120.0,210.0,539.685315,130.0,344.675325,180,60.0,729.387097,532.666667,394.80427,287.131148,251.097561,30.0,70.0,90.0,60.0,340.0,368.317152,486.56,60.0,170.0,3042.896552,224.964789,60.0,30.0,130.0,590.0,804.401709,219.534884,860.0,150.0,349.59596,268.502674,238.505747,1466.056338,791.528926,100.0,747.209302,740.920245,80.0,343.64532,1308.012821,457.794118,264.83871,90.0,191.848739,1050.0,451.073446,164.740741,510.0,378.110599,70.0,3065.596026,220.0,120.0,304.581281,80.0,130.0,80.0,40.0,610,1260.0,280.0,150.0,170.0,1250.0,363.817204,399.029126,986.0625,138.04878,350.555556,430.0,100.0,470.0,180.0,384.804688,376.006601,200.0,737.605634,1577.244898,180.0,236.206897,381.694915,60.0,645.448276,1236.811594,290.0,252.077922,480.0,190.0,1710,904.259928,298.961039,430.509554,745.5,507.990196,1590.0,826.758893,360.0,330,580.471698,30.0,160.0,680.0,847.938144,260.0,310.0,311.145038,582.691131,292.674419,30.0,190.0,484.921466,550.0,560.0,241.105263,120.0,377.279412,688.1,741.085526,90.0,180.0,40.0,491.643192,700.0,4572.384937,50.0,80.0,240.0,430.0,295.849057,1340.0,464.369369,180.0,110.0,170.0,90.0,693.01676,90.0,510.857143,445.972222,470.0,180.0,340.0,493.029046,170.0,1112.857143,982.882096,220.0,50.0,40.0,610,451.534884,100.0,676.976744,70.0,5527.702703,214.591837,277.819549,390.0,293.048128,564.293194,110.37037,1130.0,70.0,118.159204,50.0,494.901961,110.0,0.00425,0.00944,0.03896,0.00265,0.00943,0.03886,0.03338,0.00402,0.0058,0.0114,0.00133,0.00582,0.03361,0.00513,0.03342,0.00415
620.0,350.0,210.0,410.0,400.0,1370.0,100.0,200.0,1420.0,80.0,140.0,380.0,310.0,3200.0,70,360.0,5360,220.0,450.0,240.0,270.0,1843.14433,350.0,1090.0,336.01227,440.0,420.0,1040.0,270.0,2430.0,60.0,190.0,8320.0,410.0,272.839506,400.0,2260.0,120.0,1840.0,180.0,460.0,60.0,110.0,1243.214286,1250.0,766.708861,120.0,1020.0,50.0,800.0,40.0,630.0,160.0,440.0,60.0,1124.333333,200.0,377.421384,260.0,680.0,950.0,260.0,590.0,520.0,320.0,660.0,760.0,520.0,50.0,900.0,60.0,220.0,40.0,1530.0,140.0,380.0,340.0,291.126761,1010.0,80.0,1111.41129,130.0,2290.0,1555.205479,610.921986,437.586207,8670.0,210.0,890.0,110.0,470.0,540.0,240.0,540.0,670.0,370.0,270.0,220.0,70.0,70,70.0,420.0,532.666667,270.0,140.0,60.0,270.0,2170.0,680.0,220.0,3910.0,370.0,390.0,360.0,1030.0,700.0,180.0,590.0,950.0,310.0,8020.0,980.0,180.0,820.0,900.0,130.0,140.0,200.0,950.0,730.0,340.0,320.0,770.0,420.0,200.0,330.0,340.0,130.0,900.0,191.848739,4105.806452,270.0,130.0,520.0,130.0,600.0,2870.0,130.0,560.0,90.0,590.0,350.0,420.0,284.451613,2840,1480.0,1410.0,80.0,420.0,5260.0,330.0,260.0,640.0,90.0,100.0,2540.0,690.0,880.0,1590.0,300.0,440.0,470.0,270.0,1350.0,450.0,70.0,381.694915,1200.0,360.0,1236.811594,2540.0,252.077922,1960.0,1000.0,4210,904.259928,298.961039,510.0,550.0,250.0,1020.0,350.0,250.0,500,600.0,110.0,584.186851,2364.857143,550.0,2930.0,1030.0,250.0,360.0,160.0,270.0,480.0,484.921466,2200.0,2760.0,190.0,1200.0,340.0,340.0,420.0,990.0,720.0,1700.0,170.0,1320.0,4572.384937,100.0,310.0,1480.0,1070.0,190.0,3180.0,170.0,960.0,1040.0,550.0,510.0,510.0,1760.0,70.0,445.972222,1450.0,760.0,2130.0,290.0,1800.0,550.0,260.0,610.0,130.0,610.0,2610,430.0,300.0,676.976744,230.0,4460.0,60.0,277.819549,1510.0,180.0,480.0,60.0,3230.0,280.0,160.0,130.0,240.0,798.968254,0.01791,0.01573,0.01297,0.03024,0.00566,0.01678,0.03338,0.02012,0.02789,0.02553,0.0253,0.01747,0.02198,0.01667,0.0311,0.03184
956.842105,70.0,40.0,585.728814,292.807018,260.0,80.0,467.824074,50.0,388.503937,355.953757,140.0,30.0,240.0,256,478.227848,2270,90.0,469.372822,30.0,60.0,1843.14433,352.66055,360.0,50.0,120.0,200.0,1032.534722,596.666667,40.0,253.5,50.0,1970.0,501.402715,272.839506,1175.982143,1170.0,30.0,310.0,130.0,90.0,403.283582,245.11236,1243.214286,538.915663,660.0,570.13986,350.0,410.0,917.129032,30.0,120.0,187.007874,496.226415,264.807692,1124.333333,513.830846,377.421384,110.0,260.0,170.0,388.75,160.0,140.0,130.0,120.0,410.0,50.0,140.0,60.0,168.461538,289.944751,50.0,50.0,100.0,190.0,292.733333,291.126761,520.0,304.040816,120.0,245.227273,820.0,1555.205479,610.921986,437.586207,1630.0,845.783133,160.0,406.010101,150.0,160.0,860.298507,70.0,330.0,80.0,539.685315,354.685315,40.0,180,236.774194,80.0,532.666667,110.0,287.131148,251.097561,50.0,1817.816092,100.0,30.0,960.0,40.0,60.0,70.0,470.0,170.0,50.0,100.0,587.42616,690.0,2300.0,804.401709,219.534884,2610.0,971.975309,349.59596,90.0,130.0,240.0,50.0,400.0,80.0,740.920245,1377.87234,343.64532,1308.012821,457.794118,264.83871,899.665552,191.848739,4105.806452,451.073446,164.740741,150.0,378.110599,150.0,770.0,384.588235,50.0,60.0,210.0,430.0,2590.0,284.451613,790,1440.0,290.0,40.0,110.0,1350.0,363.817204,220.0,986.0625,138.04878,130.0,380.0,90.0,170.0,380.0,384.804688,50.0,210.0,90.0,1577.244898,130.0,236.206897,381.694915,290.0,645.448276,1236.811594,450.0,252.077922,300.0,959.116466,820,470.0,298.961039,430.509554,220.0,507.990196,1157.304348,30.0,365.341615,230,60.0,158.877551,110.0,310.0,170.0,530.0,310.0,311.145038,90.0,130.0,80.0,60.0,484.921466,930.0,810.0,241.105263,50.0,377.279412,100.0,330.0,50.0,90.0,40.0,30.0,500.0,4572.384937,70.0,70.0,260.0,420.0,295.849057,960.0,90.0,100.0,110.0,640.0,80.0,120.0,120.0,510.857143,445.972222,480.0,340.0,200.0,493.029046,770.0,470.0,982.882096,60.0,380.47619,280.0,690,451.534884,90.0,90.0,100.0,1370.0,30.0,277.819549,310.0,30.0,80.0,110.37037,1010.0,70.0,118.159204,60.0,70.0,798.968254,0.00317,0.00315,0.03896,0.00371,0.03858,0.03542,0.00777,0.00747,0.00336,0.01504,0.02787,0.00268,0.00864,0.01111,0.03342,0.03184
300.0,110.0,428.421053,140.0,292.807018,686.02459,140.0,467.824074,130.0,388.503937,30.0,260.0,50.0,3179.395018,30,478.227848,2160,381.021505,90.0,100.0,70.0,1843.14433,352.66055,240.0,60.0,120.0,240.0,1032.534722,596.666667,50.0,253.5,40.0,1660.0,40.0,272.839506,80.0,670.0,257.209302,440.0,80.0,150.0,403.283582,245.11236,1243.214286,40.0,766.708861,570.13986,200.0,70.0,50.0,352.515723,665.769231,187.007874,496.226415,264.807692,290.0,30.0,377.421384,804.401544,310.0,130.0,60.0,120.0,80.0,60.0,190.0,710.0,500.0,210.923077,210.0,168.461538,289.944751,50.0,60.0,40.0,110.0,292.733333,291.126761,160.0,130.0,240.0,245.227273,940.0,1555.205479,610.921986,437.586207,2280.0,50.0,180.0,406.010101,270.0,260.0,50.0,80.0,280.0,40.0,50.0,354.685315,60.0,180,236.774194,120.0,532.666667,30.0,287.131148,251.097561,80.0,80.0,110.0,50.0,1040.0,80.0,100.0,40.0,380.0,170.0,40.0,110.0,60.0,120.0,1710.0,100.0,219.534884,1620.214592,971.975309,70.0,268.502674,100.0,490.0,200.0,250.0,747.209302,80.0,50.0,343.64532,1308.012821,457.794118,264.83871,80.0,191.848739,4105.806452,451.073446,30.0,210.0,50.0,250.0,840.0,384.588235,320.0,304.581281,150.0,200.0,180.0,284.451613,690,1530.0,300.0,50.0,60.0,1330.0,30.0,60.0,350.0,138.04878,100.0,380.0,130.0,250.0,450.0,384.804688,60.0,160.0,140.0,70.0,120.0,236.206897,381.694915,150.0,80.0,1236.811594,510.0,252.077922,250.0,959.116466,1480,170.0,298.961039,30.0,210.0,507.990196,1157.304348,60.0,365.341615,815,100.0,158.877551,140.0,160.0,170.0,800.0,320.0,311.145038,582.691131,292.674419,511.074766,190.0,484.921466,540.0,810.0,241.105263,30.0,40.0,688.1,200.0,60.0,160.0,70.0,491.643192,910.0,4572.384937,90.0,170.0,350.0,390.0,295.849057,910.0,464.369369,140.0,130.0,210.0,90.0,693.01676,1443.786765,510.857143,445.972222,500.0,170.0,490.0,100.0,690.0,120.0,982.882096,60.0,40.0,100.0,640,451.534884,120.0,190.0,100.0,1470.0,214.591837,277.819549,2058.4375,293.048128,160.0,110.37037,460.0,50.0,118.159204,316.153846,150.0,798.968254,0.00396,0.00629,0.00973,0.00477,0.03858,0.03542,0.00906,0.0069,0.00458,0.00456,0.02787,0.00233,0.00519,0.00919,0.03342,0.03184
1480.0,530.0,220.0,900.0,410.0,686.02459,480.0,467.824074,870.0,560.0,240.0,970.0,320.0,3340.0,200,350.0,9400,470.0,430.0,180.0,410.0,1700.0,260.0,2160.0,250.0,680.0,1430.0,1850.0,720.0,3070.0,260.0,362.116183,7230.0,510.0,160.0,990.0,5110.0,210.0,2600.0,528.093525,1040.0,330.0,120.0,1000.0,470.0,1080.0,1030.0,2430.0,430.0,1270.0,110.0,900.0,60.0,380.0,300.0,530.0,220.0,190.0,2170.0,2010.0,1340.0,200.0,470.0,660.0,390.0,480.0,930.0,3920.0,210.923077,1130.0,140.0,230.0,130.0,1660.0,300.0,390.0,340.0,340.0,880.0,490.0,1900.0,270.0,3179.818731,80.0,560.0,250.0,13050.0,845.783133,1510.0,80.0,480.0,760.0,180.0,740.0,1080.0,740.0,510.0,80.0,120.0,130,150.0,810.0,260.0,400.0,200.0,140.0,280.0,2430.0,1370.0,190.0,6910.0,590.0,540.0,520.0,1810.0,2470.0,170.0,610.0,520.0,560.0,12580.0,1200.0,310.0,1670.0,1020.0,220.0,220.0,80.0,580.0,400.0,760.0,420.0,1130.0,1720.0,500.0,1308.012821,370.0,220.0,1190.0,191.848739,3950.0,290.0,210.0,500.0,190.0,1190.0,3280.0,460.0,1000.0,140.0,770.0,1260.0,950.0,150.0,6040,3800.0,2010.0,80.0,360.0,6570.0,500.0,500.0,986.0625,60.0,110.0,3560.0,1530.0,1470.0,1860.0,590.0,280.0,1160.0,880.0,11130.0,420.0,140.0,540.0,1310.0,310.0,1040.0,4380.0,170.0,2120.0,610.0,6110,740.0,90.0,210.0,700.0,190.0,680.0,360.0,160.0,250,870.0,150.0,690.0,2460.0,810.0,3600.0,1600.0,380.0,660.0,292.674419,350.0,940.0,440.0,3450.0,5390.0,120.0,1030.0,770.0,370.0,1340.0,900.0,860.0,2110.0,210.0,1830.0,3710.0,80.0,360.0,1950.0,1720.0,110.0,6400.0,480.0,1930.0,910.0,890.0,270.0,430.0,2820.0,170.0,370.0,2360.0,1420.0,2150.0,860.0,3230.0,500.0,720.0,410.0,260.0,910.0,3810,1010.0,460.0,340.0,440.0,7070.0,210.0,110.0,3910.0,370.0,490.0,110.37037,2700.0,390.0,130.0,370.0,1090.0,330.0,0.03126,0.02413,0.03896,0.03661,0.02075,0.01148,0.02331,0.02645,0.03023,0.04285,0.01598,0.03086,0.01951,0.01517,0.01493,0.03184
956.842105,451.497797,428.421053,585.728814,50.0,90.0,289.590164,467.824074,310.0,388.503937,355.953757,110.0,60.0,2630.0,120,60.0,1820,381.021505,80.0,40.0,80.0,560.0,30.0,100.0,336.01227,80.0,170.0,300.0,596.666667,240.0,253.5,362.116183,1380.0,80.0,272.839506,120.0,920.0,70.0,400.0,30.0,190.0,40.0,245.11236,1243.214286,60.0,150.0,570.13986,500.0,485.248619,200.0,30.0,90.0,187.007874,496.226415,264.807692,70.0,60.0,377.421384,80.0,1358.690096,330.0,388.75,683.669065,130.0,70.0,30.0,290.0,1014.418605,210.923077,300.0,40.0,289.944751,490.25641,360.0,362.689655,70.0,292.733333,291.126761,240.0,304.040816,390.0,245.227273,850.0,1555.205479,70.0,437.586207,2130.0,845.783133,300.0,406.010101,210.0,40.0,860.298507,230.0,220.0,150.0,60.0,354.685315,344.675325,180,60.0,170.0,40.0,30.0,50.0,251.097561,40.0,1817.816092,1087.687296,254.224806,1500.0,110.0,486.56,70.0,420.0,180.0,50.0,620.639098,40.0,130.0,1720.0,50.0,40.0,90.0,360.0,90.0,268.502674,238.505747,1466.056338,320.0,130.0,747.209302,740.920245,90.0,343.64532,1308.012821,150.0,264.83871,899.665552,191.848739,4105.806452,451.073446,164.740741,370.0,110.0,310.0,490.0,80.0,934.849498,304.581281,80.0,846.450512,100.0,284.451613,960,410.0,810.0,266.22449,598.344595,1280.0,363.817204,30.0,986.0625,138.04878,350.555556,600.0,1113.986928,230.0,800.0,90.0,120.0,210.0,90.0,100.0,110.0,236.206897,381.694915,130.0,645.448276,310.0,310.0,40.0,290.0,50.0,990,250.0,298.961039,430.509554,745.5,30.0,1157.304348,60.0,365.341615,120,580.471698,40.0,584.186851,710.0,847.938144,550.0,380.0,311.145038,130.0,292.674419,511.074766,330.0,80.0,550.0,1150.0,241.105263,150.0,377.279412,80.0,130.0,240.0,230.0,1216.907216,30.0,370.0,4572.384937,365.534591,80.0,330.0,290.0,295.849057,850.0,464.369369,260.0,80.0,90.0,40.0,40.0,100.0,510.857143,445.972222,440.0,200.0,440.0,500.0,520.0,30.0,982.882096,80.0,380.47619,100.0,430,451.534884,120.0,676.976744,30.0,5527.702703,214.591837,277.819549,860.0,293.048128,564.293194,110.37037,860.0,50.0,118.159204,70.0,110.0,798.968254,0.00435,0.00262,0.00649,0.00584,0.03858,0.00265,0.03338,0.00632,0.00794,0.03049,0.00355,0.00571,0.01605,0.0306,0.03342,0.0024
2110.0,700.0,660.0,1430.0,700.0,1180.0,580.0,650.0,2300.0,650.0,940.0,1710.0,820.0,5950.0,250,770.0,19310,680.0,1420.0,730.0,860.0,1410.0,480.0,2160.0,360.0,1170.0,2460.0,2130.0,760.0,4420.0,390.0,520.0,20160.0,1260.0,770.0,1540.0,14310.0,610.0,4740.0,1180.0,1570.0,320.0,360.0,2880.0,1840.0,2200.0,440.0,5810.0,470.0,2460.0,400.0,1830.0,240.0,1140.0,560.0,2100.0,760.0,330.0,1880.0,3820.0,3290.0,388.75,2630.0,2110.0,2300.0,2010.0,3410.0,1430.0,240.0,3480.0,300.0,790.0,980.0,940.673401,910.0,870.0,570.0,510.0,1950.0,680.0,1111.41129,620.0,8070.0,660.0,610.921986,560.0,25270.0,845.783133,2890.0,790.0,2140.0,656.778523,860.298507,1670.0,2700.0,2470.0,1510.0,1000.0,1020.0,260,660.0,1610.0,1010.0,950.0,480.0,480.0,3860.0,2410.0,4460.0,520.0,13190.0,890.0,1350.0,1020.0,3940.0,7220.0,560.0,1040.0,1120.0,1090.0,23740.0,1890.0,219.534884,2750.0,1840.0,620.0,560.0,90.0,3640.0,1850.0,2070.0,1000.0,800.0,1580.0,380.0,830.0,1270.0,580.0,1960.0,240.0,7770.0,451.073446,164.740741,2810.0,670.0,2790.0,7380.0,770.0,2520.0,400.0,1080.0,1620.0,2080.0,380.0,11270,11590.0,5730.0,760.0,1550.0,14940.0,380.0,1100.0,1560.0,160.0,380.0,6060.0,3510.0,4850.0,5240.0,840.0,1010.0,1380.0,2350.0,2390.0,1080.0,530.0,720.0,1750.0,1770.0,2620.0,9150.0,550.0,4680.0,1570.0,13750,1800.0,450.0,730.0,1560.0,1860.0,4180.0,2120.0,930.0,1530,830.0,270.0,1310.0,3640.0,1520.0,8650.0,3960.0,920.0,1140.0,540.0,910.0,3050.0,1340.0,8480.0,10390.0,280.0,1660.0,377.279412,840.0,1620.0,1710.0,2430.0,2110.0,1060.0,5150.0,8820.0,950.0,1280.0,4820.0,3830.0,850.0,11530.0,464.369369,4050.0,3810.0,1830.0,760.0,730.0,6100.0,980.0,240.0,5380.0,3550.0,4520.0,820.0,11320.0,3470.0,1990.0,1040.0,420.0,2000.0,9440,1410.0,790.0,2840.0,940.0,13360.0,460.0,510.0,5160.0,380.0,1090.0,140.0,9470.0,1170.0,118.159204,620.0,1600.0,850.0,0.07578,0.08339,0.02919,0.07268,0.11633,0.12011,0.09582,0.06497,0.06391,0.09162,0.11808,0.12904,0.07679,0.0306,0.07216,0.07162
2040.0,940.0,428.421053,1600.0,330.0,730.0,670.0,950.0,2800.0,170.0,330.0,1370.0,420.0,4990.0,490,1380.0,20880,160.0,690.0,890.0,1000.0,1843.14433,970.0,1930.0,530.0,1150.0,1540.0,2410.0,260.0,3160.0,290.0,670.0,20760.0,1720.0,180.0,2950.0,18280.0,260.0,7670.0,1740.0,7360.0,1300.0,440.0,1243.214286,960.0,1180.0,2050.0,3960.0,500.0,2280.0,990.0,2220.0,400.0,480.0,310.0,910.0,160.0,377.421384,1520.0,5040.0,4370.0,570.0,2040.0,3600.0,2080.0,2270.0,1170.0,1910.0,920.0,4500.0,490.0,1220.0,300.0,2340.0,1000.0,810.0,280.0,960.0,2640.0,530.0,3560.0,390.0,6560.0,110.0,1060.0,600.0,29240.0,1000.0,1520.0,406.010101,2240.0,1460.0,1810.0,1200.0,2210.0,1100.0,1100.0,190.0,570.0,560,610.0,1820.0,880.0,1000.0,1190.0,260.0,1260.0,2600.0,1350.0,410.0,18640.0,1650.0,700.0,1490.0,3940.0,7180.0,870.0,940.0,1800.0,950.0,18790.0,1110.0,360.0,1620.214592,1960.0,490.0,830.0,780.0,1880.0,1250.0,1090.0,2170.0,1410.0,1880.0,660.0,1308.012821,700.0,270.0,1350.0,191.848739,6180.0,940.0,190.0,1310.0,790.0,2130.0,5120.0,540.0,1510.0,1030.0,1000.0,2510.0,1310.0,370.0,12220,15100.0,7090.0,170.0,1060.0,15120.0,440.0,1470.0,986.0625,310.0,510.0,6820.0,2350.0,2230.0,11880.0,1050.0,760.0,1370.0,1480.0,1577.244898,930.0,570.0,830.0,2470.0,800.0,1900.0,7490.0,530.0,3960.0,1220.0,10980,2640.0,170.0,570.0,1200.0,720.0,880.0,1070.0,110.0,2030,900.0,220.0,1190.0,6020.0,1940.0,9190.0,3450.0,140.0,990.0,690.0,400.0,1810.0,890.0,7100.0,9800.0,460.0,1130.0,660.0,900.0,2150.0,2220.0,2120.0,3660.0,491.643192,4050.0,7070.0,620.0,850.0,3510.0,6280.0,80.0,10930.0,940.0,2890.0,1470.0,3090.0,940.0,300.0,2420.0,310.0,870.0,5340.0,3830.0,4530.0,1060.0,9310.0,510.0,982.882096,640.0,250.0,1550.0,13430,510.0,970.0,676.976744,670.0,10790.0,350.0,100.0,3610.0,440.0,1220.0,170.0,7190.0,640.0,220.0,390.0,1650.0,798.968254,0.05867,0.0278,0.0908,0.10505,0.02327,0.03542,0.11006,0.0506,0.04651,0.03328,0.02787,0.06417,0.09161,0.0306,0.04479,0.06944
250.0,90.0,428.421053,230.0,30.0,686.02459,50.0,70.0,70.0,388.503937,355.953757,220.0,30.0,3179.395018,80,100.0,1570,50.0,160.0,90.0,364.722222,1843.14433,352.66055,1404.503817,40.0,120.0,200.0,550.0,596.666667,170.0,253.5,362.116183,7362.272727,50.0,272.839506,1175.982143,1200.0,257.209302,480.0,50.0,190.0,403.283582,40.0,330.0,50.0,140.0,40.0,190.0,485.248619,270.0,352.515723,90.0,187.007874,496.226415,264.807692,1124.333333,513.830846,377.421384,50.0,270.0,280.0,388.75,683.669065,100.0,648.039216,230.0,390.0,90.0,210.923077,340.0,168.461538,289.944751,60.0,940.673401,90.0,130.0,292.733333,291.126761,90.0,40.0,420.0,70.0,650.0,1555.205479,70.0,437.586207,2280.0,50.0,90.0,406.010101,440.0,60.0,460.0,130.0,150.0,130.0,70.0,354.685315,344.675325,180,40.0,170.0,160.0,394.80427,60.0,251.097561,609.76,1817.816092,40.0,254.224806,1230.0,50.0,80.0,140.0,280.0,3042.896552,40.0,220.0,587.42616,60.0,1720.0,804.401709,80.0,1620.214592,971.975309,100.0,268.502674,40.0,1466.056338,140.0,130.0,130.0,740.920245,1377.87234,343.64532,30.0,50.0,264.83871,120.0,191.848739,4105.806452,451.073446,164.740741,60.0,378.110599,170.0,670.0,90.0,270.0,304.581281,80.0,120.0,90.0,284.451613,1310,470.0,470.0,266.22449,598.344595,1410.0,40.0,90.0,130.0,40.0,40.0,2456.389776,200.0,160.0,480.0,50.0,90.0,70.0,110.0,1577.244898,120.0,40.0,381.694915,1160.068966,645.448276,1236.811594,450.0,40.0,800.0,260.0,1180,110.0,298.961039,70.0,80.0,507.990196,1157.304348,80.0,40.0,815,580.471698,158.877551,130.0,2364.857143,100.0,910.0,460.0,311.145038,260.0,292.674419,60.0,50.0,484.921466,550.0,1050.0,241.105263,721.890909,30.0,688.1,240.0,110.0,270.0,1216.907216,491.643192,330.0,1320.0,365.534591,110.0,300.0,290.0,295.849057,840.0,100.0,200.0,50.0,140.0,170.0,693.01676,60.0,510.857143,50.0,330.0,420.0,2144.075342,493.029046,740.0,110.0,260.0,130.0,40.0,130.0,810,30.0,180.0,676.976744,30.0,1050.0,214.591837,40.0,2058.4375,293.048128,564.293194,110.37037,500.0,60.0,40.0,50.0,130.0,798.968254,0.00406,0.00262,0.03896,0.00477,0.03858,0.03542,0.03338,0.01092,0.02438,0.03049,0.00444,0.00477,0.00321,0.00214,0.00995,0.03184
956.842105,290.0,428.421053,350.0,292.807018,230.0,410.0,60.0,670.0,190.0,40.0,350.0,60.0,3179.395018,256,160.0,3920,50.0,390.0,570.0,70.0,1843.14433,90.0,500.0,336.01227,426.392405,440.0,170.0,120.0,490.0,30.0,110.0,4070.0,30.0,272.839506,300.0,2170.0,70.0,580.0,280.0,120.0,403.283582,30.0,1243.214286,90.0,560.0,40.0,520.0,110.0,330.0,352.515723,180.0,90.0,496.226415,50.0,1124.333333,513.830846,130.0,510.0,340.0,480.0,140.0,390.0,100.0,510.0,400.0,900.0,190.0,210.923077,170.0,60.0,420.0,490.25641,460.0,170.0,60.0,292.733333,50.0,250.0,220.0,530.0,210.0,1460.0,1555.205479,240.0,437.586207,4520.0,120.0,270.0,406.010101,290.0,280.0,860.298507,190.0,730.0,300.0,190.0,354.685315,90.0,50,130.0,120.0,532.666667,120.0,140.0,90.0,609.76,250.0,570.0,60.0,1340.0,260.0,250.0,130.0,550.0,790.0,150.0,80.0,640.0,230.0,3900.0,100.0,60.0,110.0,580.0,349.59596,80.0,90.0,540.0,791.528926,180.0,930.0,470.0,190.0,40.0,1308.012821,380.0,60.0,230.0,150.0,4105.806452,90.0,164.740741,210.0,160.0,330.0,1370.0,90.0,450.0,100.0,240.0,250.0,310.0,50.0,1990,1070.0,820.0,220.0,190.0,2850.0,60.0,200.0,250.0,30.0,350.555556,1330.0,560.0,300.0,1130.0,80.0,140.0,300.0,380.0,1577.244898,120.0,320.0,80.0,870.0,645.448276,1236.811594,1050.0,30.0,970.0,50.0,1880,170.0,30.0,60.0,510.0,110.0,170.0,180.0,120.0,380,580.471698,50.0,340.0,960.0,260.0,1410.0,780.0,311.145038,210.0,170.0,70.0,260.0,270.0,1450.0,1940.0,50.0,290.0,130.0,688.1,360.0,70.0,380.0,310.0,491.643192,760.0,4572.384937,170.0,130.0,570.0,470.0,50.0,1530.0,150.0,470.0,210.0,390.0,130.0,340.0,480.0,510.857143,110.0,590.0,360.0,970.0,130.0,1080.0,150.0,100.0,180.0,380.47619,480.0,1580,40.0,90.0,100.0,120.0,3080.0,60.0,277.819549,560.0,90.0,240.0,110.37037,1270.0,140.0,30.0,170.0,190.0,798.968254,0.00772,0.00682,0.03896,0.01432,0.00629,0.0053,0.01554,0.00977,0.01262,0.00684,0.00888,0.00466,0.02025,0.0306,0.00373,0.03184
200.0,110.0,428.421053,210.0,292.807018,686.02459,140.0,467.824074,750.0,388.503937,90.0,190.0,90.0,540.0,256,478.227848,2970,140.0,150.0,130.0,120.0,1843.14433,30.0,1404.503817,336.01227,160.0,540.0,1060.0,596.666667,780.0,253.5,60.0,3130.0,130.0,272.839506,400.0,1020.0,50.0,790.0,390.0,260.0,50.0,60.0,410.0,250.0,250.0,570.13986,520.0,710.0,390.0,80.0,330.0,187.007874,70.0,140.0,1124.333333,30.0,30.0,330.0,340.0,310.0,388.75,180.0,230.0,120.0,270.0,580.0,500.0,40.0,390.0,168.461538,140.0,490.25641,510.0,150.0,470.0,200.0,90.0,750.0,110.0,260.0,245.227273,2890.0,1555.205479,90.0,437.586207,4230.0,845.783133,670.0,80.0,1362.660099,460.0,860.298507,250.0,350.0,200.0,580.0,354.685315,70.0,180,140.0,240.0,532.666667,180.0,40.0,120.0,310.0,300.0,420.0,110.0,2680.0,170.0,486.56,200.0,600.0,550.0,120.0,450.0,587.42616,370.0,3690.0,220.0,90.0,1110.0,220.0,349.59596,268.502674,238.505747,220.0,791.528926,300.0,747.209302,210.0,410.0,343.64532,100.0,50.0,40.0,360.0,191.848739,1470.0,451.073446,164.740741,300.0,378.110599,390.0,1120.0,60.0,1120.0,40.0,220.0,260.0,250.0,40.0,1880,1400.0,650.0,60.0,250.0,1830.0,60.0,399.029126,230.0,138.04878,80.0,1190.0,640.0,730.0,1250.0,220.0,120.0,390.0,230.0,1577.244898,150.0,70.0,220.0,200.0,330.0,1236.811594,1280.0,252.077922,830.0,460.0,1850,170.0,50.0,430.509554,280.0,507.990196,230.0,130.0,40.0,815,580.471698,70.0,160.0,990.0,110.0,980.0,650.0,90.0,230.0,292.674419,511.074766,230.0,484.921466,2160.0,1250.0,70.0,180.0,377.279412,688.1,300.0,210.0,370.0,360.0,210.0,480.0,540.0,60.0,170.0,730.0,500.0,295.849057,1660.0,260.0,420.0,470.0,170.0,380.035088,693.01676,1310.0,510.857143,60.0,870.0,430.0,590.0,240.0,1430.0,470.0,200.0,200.0,80.0,470.0,1180,250.0,160.0,676.976744,230.0,2230.0,50.0,277.819549,650.0,293.048128,140.0,40.0,1080.0,210.0,40.0,140.0,260.0,798.968254,0.00979,0.01311,0.03896,0.00849,0.01509,0.0053,0.0259,0.0138,0.00967,0.01185,0.02787,0.01398,0.01901,0.04574,0.00995,0.03184
2690.0,730.0,510.0,1570.0,630.0,1240.0,1060.0,920.0,1870.0,540.0,810.0,1930.0,1040.0,5970.0,540,1320.0,22420,1630.0,469.372822,640.0,1130.0,4970.0,470.0,2450.0,340.0,1340.0,2950.0,1730.0,1370.0,7470.0,700.0,890.0,24890.0,730.0,730.0,3480.0,10370.0,680.0,5680.0,1780.0,2430.0,410.0,600.0,1870.0,1710.0,1800.0,610.0,5820.0,1540.0,1700.0,560.0,1870.0,220.0,750.0,380.0,1590.0,300.0,377.421384,3080.0,4760.0,1990.0,370.0,1810.0,1190.0,1090.0,3810.0,4730.0,2080.0,110.0,2740.0,360.0,440.0,590.0,3490.0,1090.0,1370.0,230.0,610.0,1770.0,880.0,1111.41129,400.0,8990.0,1610.0,810.0,940.0,32230.0,1410.0,2320.0,420.0,5240.0,2530.0,1400.0,1850.0,3560.0,1790.0,1510.0,690.0,560.0,170,250.0,2460.0,1400.0,830.0,510.0,750.0,1330.0,4570.0,4140.0,320.0,12380.0,690.0,870.0,1580.0,4020.0,8260.0,390.0,1110.0,2550.0,1610.0,25010.0,2450.0,219.534884,3750.0,2480.0,940.0,660.0,360.0,1170.0,2850.0,2710.0,1820.0,1440.0,3160.0,430.0,2970.0,760.0,580.0,3410.0,230.0,9340.0,1060.0,164.740741,2710.0,1480.0,3080.0,5900.0,1040.0,2270.0,300.0,1430.0,2760.0,2070.0,440.0,14360,15170.0,9010.0,300.0,2380.0,16240.0,1130.0,1310.0,850.0,290.0,1250.0,9350.0,2790.0,3620.0,4660.0,1110.0,1500.0,2300.0,2330.0,3700.0,1110.0,190.0,260.0,2950.0,645.448276,880.0,7930.0,300.0,7360.0,959.116466,12860,1960.0,800.0,500.0,1090.0,1450.0,2120.0,2220.0,1170.0,4080,870.0,340.0,1010.0,7210.0,2030.0,10250.0,4870.0,430.0,2720.0,570.0,1080.0,1410.0,1850.0,7420.0,12790.0,320.0,2650.0,930.0,510.0,2520.0,3440.0,4070.0,6250.0,1010.0,3690.0,10270.0,630.0,1300.0,6520.0,4510.0,295.849057,13170.0,590.0,4610.0,4100.0,2110.0,660.0,2470.0,4460.0,420.0,1080.0,8090.0,3910.0,7230.0,1010.0,7050.0,3750.0,2310.0,1270.0,820.0,1160.0,11950,730.0,1160.0,1910.0,1270.0,13890.0,620.0,260.0,6020.0,180.0,1400.0,110.37037,8470.0,1420.0,220.0,900.0,1650.0,490.0,0.09814,0.08916,0.06324,0.09762,0.06288,0.1104,0.04402,0.10465,0.07419,0.07293,0.15403,0.0849,0.10272,0.0306,0.11073,0.06223
910.0,451.497797,428.421053,240.0,80.0,686.02459,60.0,110.0,230.0,388.503937,355.953757,220.0,110.0,3179.395018,100,90.0,3880,110.0,230.0,170.0,110.0,760.0,60.0,410.0,336.01227,220.0,320.0,720.0,110.0,370.0,253.5,80.0,2690.0,70.0,240.0,100.0,1960.0,60.0,1120.0,70.0,360.0,80.0,245.11236,1243.214286,290.0,350.0,70.0,1110.0,485.248619,540.0,352.515723,230.0,187.007874,40.0,130.0,110.0,500.0,30.0,110.0,460.0,420.0,388.75,130.0,200.0,648.039216,310.0,740.0,1014.418605,210.923077,320.0,60.0,289.944751,160.0,220.0,300.0,220.0,40.0,210.0,710.0,60.0,340.0,40.0,2510.0,1555.205479,610.921986,200.0,4160.0,140.0,250.0,180.0,430.0,170.0,860.298507,220.0,350.0,290.0,260.0,354.685315,40.0,50,50.0,170.0,140.0,140.0,90.0,251.097561,190.0,300.0,330.0,120.0,2060.0,150.0,220.0,200.0,500.0,770.0,90.0,170.0,40.0,120.0,3300.0,270.0,110.0,350.0,390.0,70.0,268.502674,40.0,1090.0,190.0,220.0,30.0,50.0,1377.87234,343.64532,110.0,457.794118,264.83871,180.0,191.848739,1340.0,451.073446,164.740741,620.0,330.0,260.0,1330.0,250.0,410.0,100.0,170.0,330.0,260.0,284.451613,1600,1330.0,760.0,100.0,190.0,2560.0,40.0,80.0,986.0625,138.04878,60.0,750.0,210.0,1030.0,610.0,160.0,190.0,370.0,250.0,230.0,160.0,236.206897,420.0,210.0,645.448276,360.0,1090.0,80.0,1100.0,840.0,3120,230.0,140.0,430.509554,745.5,110.0,290.0,150.0,365.341615,140,150.0,158.877551,220.0,2364.857143,180.0,1270.0,620.0,70.0,230.0,292.674419,230.0,240.0,110.0,1270.0,1250.0,40.0,110.0,70.0,688.1,340.0,220.0,330.0,270.0,70.0,880.0,1560.0,60.0,170.0,620.0,830.0,295.849057,1680.0,464.369369,260.0,380.0,200.0,250.0,693.01676,160.0,290.0,445.972222,630.0,550.0,630.0,130.0,1790.0,560.0,982.882096,210.0,120.0,230.0,1440,90.0,240.0,290.0,180.0,1910.0,50.0,40.0,470.0,293.048128,564.293194,40.0,2180.0,130.0,40.0,90.0,210.0,400.0,0.0096,0.01731,0.01135,0.0122,0.00943,0.00971,0.03338,0.0092,0.00865,0.01687,0.00621,0.00804,0.01259,0.01218,0.00995,0.03184
660.0,130.0,60.0,80.0,292.807018,190.0,289.590164,50.0,761.953642,40.0,130.0,120.0,305.639098,5110.0,130,100.0,1980,30.0,100.0,529.581395,90.0,210.0,40.0,1404.503817,336.01227,100.0,868.087774,350.0,60.0,80.0,253.5,60.0,3090.0,501.402715,30.0,110.0,960.0,30.0,760.0,40.0,220.0,403.283582,245.11236,1243.214286,538.915663,550.0,570.13986,570.0,485.248619,320.0,352.515723,90.0,187.007874,60.0,264.807692,1124.333333,70.0,377.421384,80.0,360.0,270.0,30.0,260.0,150.0,160.0,942.753623,480.0,1014.418605,210.923077,370.0,168.461538,289.944751,250.0,220.0,40.0,100.0,30.0,291.126761,260.0,304.040816,1111.41129,245.227273,800.0,1555.205479,610.921986,437.586207,2450.0,50.0,270.0,140.0,120.0,120.0,860.298507,140.0,280.0,220.0,539.685315,354.685315,80.0,180,236.774194,220.0,532.666667,100.0,40.0,40.0,210.0,210.0,140.0,90.0,2060.0,100.0,486.56,60.0,420.0,210.0,50.0,130.0,587.42616,150.0,1560.0,804.401709,219.534884,910.0,290.0,349.59596,268.502674,238.505747,1466.056338,150.0,140.0,40.0,740.920245,170.0,343.64532,1308.012821,60.0,264.83871,140.0,191.848739,4105.806452,451.073446,70.0,460.0,130.0,290.0,740.0,384.588235,250.0,304.581281,110.0,846.450512,790.318021,284.451613,930,840.0,300.0,40.0,190.0,6154.864048,363.817204,60.0,986.0625,138.04878,350.555556,430.0,210.0,720.0,480.0,90.0,100.0,140.0,737.605634,30.0,60.0,236.206897,381.694915,140.0,645.448276,1236.811594,500.0,30.0,510.0,959.116466,1600,190.0,298.961039,430.509554,90.0,507.990196,300.0,110.0,365.341615,815,140.0,30.0,100.0,1110.0,120.0,630.0,370.0,110.0,120.0,292.674419,100.0,80.0,40.0,520.0,730.0,241.105263,50.0,90.0,50.0,180.0,110.0,140.0,110.0,190.0,590.0,4572.384937,365.534591,110.0,330.0,280.0,295.849057,910.0,464.369369,180.0,973.993399,240.0,120.0,693.01676,90.0,510.857143,445.972222,530.0,350.0,690.0,493.029046,1000.0,230.0,982.882096,100.0,30.0,100.0,710,451.534884,459.429658,676.976744,110.0,1030.0,40.0,277.819549,410.0,293.048128,564.293194,110.37037,1250.0,70.0,118.159204,100.0,180.0,798.968254,0.00505,0.01154,0.03896,0.00584,0.00314,0.02208,0.00518,0.00632,0.00407,0.02598,0.00577,0.01386,0.01259,0.01496,0.03342,0.03184
80.0,40.0,130.0,585.728814,292.807018,120.0,289.590164,467.824074,60.0,388.503937,60.0,563.3,305.639098,300.0,256,478.227848,1310,381.021505,469.372822,529.581395,364.722222,1843.14433,352.66055,1404.503817,336.01227,80.0,150.0,160.0,40.0,40.0,253.5,50.0,650.0,501.402715,272.839506,60.0,670.0,257.209302,130.0,528.093525,40.0,403.283582,245.11236,1243.214286,190.0,80.0,570.13986,210.0,40.0,80.0,352.515723,60.0,187.007874,496.226415,264.807692,1124.333333,200.0,377.421384,804.401544,1358.690096,40.0,388.75,40.0,50.0,40.0,60.0,210.0,60.0,210.923077,80.0,168.461538,289.944751,50.0,50.0,362.689655,50.0,292.733333,291.126761,170.0,30.0,1111.41129,245.227273,470.0,1555.205479,610.921986,70.0,1960.0,845.783133,130.0,406.010101,60.0,90.0,860.298507,70.0,150.0,110.0,30.0,354.685315,344.675325,180,236.774194,30.0,532.666667,394.80427,287.131148,251.097561,190.0,1817.816092,60.0,254.224806,450.0,40.0,60.0,416.401274,130.0,140.0,224.964789,290.0,587.42616,110.0,860.0,804.401709,219.534884,1620.214592,320.0,349.59596,268.502674,238.505747,1466.056338,791.528926,90.0,747.209302,740.920245,40.0,343.64532,1308.012821,457.794118,264.83871,80.0,191.848739,4105.806452,451.073446,50.0,500.0,378.110599,50.0,540.0,384.588235,30.0,304.581281,50.0,846.450512,60.0,284.451613,480,280.0,270.0,266.22449,90.0,780.0,363.817204,30.0,220.0,138.04878,350.555556,150.0,1113.986928,150.0,310.0,384.804688,60.0,100.0,30.0,1577.244898,30.0,236.206897,381.694915,1160.068966,645.448276,1236.811594,350.0,70.0,320.0,959.116466,510,140.0,70.0,110.0,30.0,507.990196,1157.304348,30.0,365.341615,815,580.471698,30.0,130.0,150.0,80.0,350.0,230.0,311.145038,70.0,292.674419,511.074766,838.561404,484.921466,750.0,430.0,80.0,721.890909,377.279412,688.1,80.0,789.900662,160.0,1216.907216,70.0,350.0,4572.384937,365.534591,482.926829,130.0,350.0,295.849057,700.0,40.0,60.0,100.0,789.817073,40.0,693.01676,80.0,510.857143,445.972222,340.0,210.0,80.0,493.029046,440.0,170.0,50.0,50.0,380.47619,30.0,340,451.534884,459.429658,676.976744,402.934783,1020.0,214.591837,277.819549,2058.4375,30.0,564.293194,110.37037,440.0,30.0,118.159204,50.0,30.0,798.968254,0.00326,0.00262,0.03896,0.00212,0.03858,0.00618,0.03338,0.00345,0.00153,0.00456,0.0071,0.02788,0.0037,0.00321,0.00498,0.00808
150.0,40.0,428.421053,130.0,292.807018,70.0,289.590164,467.824074,130.0,388.503937,355.953757,150.0,305.639098,810.0,256,478.227848,1630,381.021505,70.0,100.0,364.722222,1843.14433,30.0,80.0,336.01227,60.0,110.0,90.0,596.666667,50.0,253.5,30.0,980.0,501.402715,272.839506,1175.982143,3981.314985,257.209302,280.0,528.093525,90.0,403.283582,70.0,1243.214286,538.915663,240.0,570.13986,430.0,485.248619,240.0,60.0,140.0,187.007874,496.226415,264.807692,1124.333333,513.830846,377.421384,40.0,120.0,130.0,388.75,70.0,50.0,120.0,30.0,320.0,1014.418605,210.923077,160.0,168.461538,289.944751,490.25641,70.0,50.0,50.0,292.733333,291.126761,270.0,40.0,170.0,245.227273,490.0,1555.205479,610.921986,40.0,2240.0,845.783133,360.0,40.0,1362.660099,60.0,100.0,80.0,160.0,110.0,60.0,354.685315,50.0,180,30.0,60.0,532.666667,394.80427,50.0,251.097561,50.0,60.0,50.0,30.0,920.0,150.0,60.0,40.0,170.0,790.0,40.0,50.0,30.0,60.0,1140.0,804.401709,30.0,1620.214592,180.0,40.0,70.0,238.505747,1466.056338,230.0,90.0,110.0,740.920245,30.0,80.0,1308.012821,30.0,50.0,110.0,40.0,4105.806452,50.0,30.0,240.0,50.0,80.0,570.0,50.0,140.0,50.0,80.0,60.0,90.0,284.451613,750,570.0,250.0,60.0,100.0,740.0,363.817204,40.0,986.0625,30.0,350.555556,230.0,40.0,280.0,330.0,40.0,80.0,150.0,120.0,1577.244898,90.0,70.0,60.0,90.0,645.448276,430.0,350.0,252.077922,280.0,959.116466,900,904.259928,298.961039,50.0,70.0,60.0,130.0,50.0,365.341615,600,580.471698,158.877551,110.0,130.0,50.0,320.0,440.0,311.145038,160.0,292.674419,511.074766,80.0,484.921466,440.0,540.0,241.105263,30.0,377.279412,688.1,110.0,130.0,40.0,50.0,491.643192,450.0,4572.384937,365.534591,70.0,270.0,330.0,295.849057,960.0,50.0,160.0,120.0,140.0,50.0,693.01676,50.0,510.857143,445.972222,410.0,290.0,110.0,40.0,560.0,100.0,982.882096,70.0,30.0,80.0,540,451.534884,100.0,676.976744,90.0,680.0,214.591837,277.819549,310.0,293.048128,30.0,110.37037,3146.07362,70.0,118.159204,40.0,100.0,798.968254,0.00317,0.00315,0.03896,0.00424,0.01195,0.01325,0.00388,0.00287,0.00254,0.00729,0.00133,0.00349,0.00346,0.00278,0.00622,0.00873
2170.0,900.0,670.0,1330.0,350.0,1550.0,990.0,1320.0,1830.0,1200.0,770.0,2550.0,1420.0,9620.0,450,3340.0,16050,920.0,1240.0,810.0,810.0,4540.0,770.0,1404.503817,570.0,1060.0,3170.0,3500.0,1620.0,3010.0,253.5,660.0,21540.0,1350.0,360.0,2490.0,18980.0,330.0,6880.0,1260.0,1870.0,403.283582,530.0,1243.214286,1640.0,766.708861,960.0,5380.0,485.248619,1960.0,352.515723,2160.0,370.0,910.0,440.0,1124.333333,840.0,400.0,1990.0,3840.0,2110.0,540.0,1140.0,1210.0,1430.0,2500.0,4760.0,1014.418605,390.0,2370.0,340.0,710.0,610.0,3310.0,1110.0,930.0,390.0,291.126761,3510.0,750.0,3210.0,1020.0,12730.0,1630.0,610.921986,1120.0,32960.0,1570.0,3310.0,1430.0,1362.660099,2590.0,860.298507,1650.0,2340.0,2240.0,1170.0,210.0,460.0,510,870.0,2060.0,1220.0,710.0,870.0,450.0,1900.0,3410.0,5080.0,720.0,13270.0,880.0,870.0,1920.0,6460.0,5400.0,420.0,2340.0,2100.0,1290.0,18740.0,3140.0,610.0,5370.0,4340.0,850.0,268.502674,530.0,1310.0,1280.0,1330.0,1020.0,1730.0,1280.0,1170.0,2670.0,1070.0,300.0,3140.0,191.848739,4105.806452,770.0,210.0,2790.0,1740.0,1800.0,6650.0,3520.0,3590.0,330.0,950.0,2430.0,4200.0,350.0,15240,12060.0,5300.0,310.0,1990.0,14070.0,380.0,1410.0,2240.0,310.0,310.0,5100.0,3090.0,5680.0,4710.0,1130.0,1460.0,3020.0,1960.0,1690.0,950.0,420.0,290.0,2930.0,1390.0,3140.0,9700.0,310.0,8140.0,1970.0,12850,904.259928,880.0,1070.0,1670.0,450.0,2280.0,3000.0,330.0,1560,1380.0,200.0,830.0,6810.0,2380.0,10550.0,4630.0,311.145038,2200.0,340.0,690.0,2050.0,1150.0,6620.0,11260.0,340.0,1560.0,980.0,960.0,1980.0,2330.0,1840.0,5660.0,1010.0,2650.0,4572.384937,270.0,2270.0,4650.0,6380.0,850.0,15110.0,464.369369,3990.0,3670.0,2470.0,1020.0,1100.0,3330.0,770.0,540.0,6840.0,4400.0,4960.0,1040.0,7680.0,3280.0,1610.0,990.0,380.47619,2360.0,10330,710.0,1160.0,780.0,810.0,12340.0,280.0,430.0,4770.0,500.0,564.293194,210.0,7200.0,1140.0,320.0,990.0,1070.0,1060.0,0.07855,0.13059,0.08918,0.13104,0.12639,0.068,0.08416,0.0667,0.05669,0.17595,0.05105,0.06545,0.05679,0.08335,0.0535,0.06245
500.0,110.0,180.0,190.0,40.0,140.0,100.0,150.0,680.0,60.0,190.0,130.0,250.0,3570.0,120,40.0,4620,381.021505,270.0,529.581395,150.0,230.0,70.0,1404.503817,336.01227,310.0,610.0,740.0,490.0,480.0,253.5,110.0,3840.0,170.0,40.0,180.0,1370.0,50.0,1230.0,160.0,590.0,220.0,80.0,280.0,210.0,390.0,80.0,2040.0,500.0,580.0,140.0,1100.0,187.007874,130.0,264.807692,200.0,230.0,377.421384,270.0,580.0,580.0,150.0,280.0,260.0,660.0,460.0,950.0,240.0,50.0,480.0,160.0,289.944751,490.25641,380.0,190.0,370.0,350.0,370.0,520.0,120.0,710.0,60.0,3430.0,980.0,280.0,140.0,7310.0,210.0,620.0,220.0,600.0,550.0,330.0,360.0,710.0,510.0,320.0,100.0,120.0,80,290.0,390.0,160.0,300.0,220.0,251.097561,230.0,330.0,540.0,30.0,3930.0,390.0,180.0,420.0,990.0,490.0,150.0,90.0,100.0,350.0,5790.0,500.0,120.0,1620.214592,240.0,100.0,60.0,238.505747,160.0,420.0,370.0,747.209302,70.0,1377.87234,340.0,80.0,120.0,200.0,370.0,191.848739,2740.0,451.073446,164.740741,1310.0,150.0,410.0,2850.0,150.0,870.0,140.0,280.0,290.0,1350.0,40.0,2590,2710.0,1370.0,220.0,340.0,3610.0,90.0,250.0,700.0,60.0,350.555556,1160.0,370.0,1840.0,1370.0,384.804688,320.0,560.0,320.0,480.0,420.0,190.0,530.0,1160.068966,40.0,490.0,1900.0,252.077922,2300.0,740.0,3960,430.0,190.0,180.0,320.0,130.0,1590.0,270.0,60.0,240,270.0,50.0,340.0,500.0,210.0,2020.0,1550.0,160.0,370.0,220.0,511.074766,330.0,120.0,1840.0,2170.0,60.0,380.0,150.0,150.0,430.0,280.0,710.0,420.0,230.0,1580.0,2580.0,80.0,140.0,1180.0,600.0,280.0,2810.0,610.0,630.0,620.0,780.0,220.0,210.0,460.0,290.0,80.0,1350.0,740.0,730.0,170.0,2590.0,870.0,540.0,260.0,130.0,830.0,2150,810.0,140.0,676.976744,320.0,2330.0,80.0,300.0,660.0,180.0,564.293194,60.0,4060.0,370.0,70.0,120.0,280.0,200.0,0.01781,0.02832,0.03896,0.02122,0.0327,0.03268,0.03338,0.023,0.0117,0.03692,0.02787,0.05078,0.02568,0.02971,0.00871,0.01572
220.0,90.0,30.0,70.0,70.0,290.0,140.0,467.824074,140.0,388.503937,30.0,320.0,60.0,280.0,60,140.0,4320,381.021505,320.0,110.0,60.0,1843.14433,352.66055,140.0,30.0,160.0,230.0,420.0,596.666667,150.0,30.0,70.0,2160.0,40.0,272.839506,90.0,840.0,257.209302,1090.0,100.0,270.0,150.0,40.0,1243.214286,538.915663,330.0,570.13986,240.0,410.0,190.0,90.0,260.0,187.007874,50.0,264.807692,1124.333333,50.0,80.0,210.0,250.0,430.0,40.0,170.0,110.0,390.0,420.0,450.0,240.0,210.923077,230.0,30.0,100.0,490.25641,120.0,130.0,230.0,292.733333,291.126761,450.0,70.0,260.0,90.0,1040.0,70.0,30.0,120.0,4040.0,845.783133,460.0,40.0,1362.660099,120.0,860.298507,140.0,440.0,70.0,160.0,150.0,344.675325,50,90.0,60.0,532.666667,90.0,80.0,251.097561,200.0,150.0,190.0,110.0,2280.0,250.0,486.56,110.0,480.0,1020.0,130.0,220.0,150.0,220.0,3500.0,80.0,40.0,1620.214592,250.0,80.0,30.0,250.0,790.0,150.0,150.0,80.0,740.920245,1377.87234,343.64532,140.0,40.0,50.0,210.0,30.0,4105.806452,451.073446,164.740741,130.0,160.0,150.0,1120.0,60.0,180.0,220.0,150.0,80.0,270.0,284.451613,1460,980.0,1050.0,266.22449,100.0,1500.0,50.0,150.0,986.0625,30.0,70.0,580.0,170.0,330.0,1330.0,140.0,160.0,340.0,320.0,1577.244898,120.0,60.0,381.694915,160.0,645.448276,1236.811594,630.0,60.0,930.0,480.0,1040,330.0,298.961039,430.509554,190.0,100.0,120.0,240.0,365.341615,250,120.0,30.0,190.0,280.0,110.0,970.0,570.0,311.145038,190.0,80.0,511.074766,140.0,90.0,1660.0,1000.0,30.0,80.0,120.0,100.0,380.0,310.0,120.0,250.0,491.643192,660.0,4572.384937,110.0,90.0,450.0,290.0,295.849057,1720.0,464.369369,310.0,200.0,430.0,100.0,693.01676,60.0,70.0,445.972222,460.0,440.0,200.0,180.0,1130.0,1112.857143,440.0,200.0,380.47619,160.0,1090,110.0,120.0,30.0,60.0,1990.0,30.0,277.819549,180.0,293.048128,564.293194,50.0,1190.0,90.0,50.0,70.0,130.0,798.968254,0.00653,0.01049,0.01297,0.01751,0.03858,0.03542,0.03338,0.01207,0.00489,0.0114,0.00666,0.00536,0.01803,0.0306,0.00622,0.03184
470.0,130.0,30.0,50.0,80.0,420.0,289.590164,110.0,130.0,110.0,160.0,110.0,305.639098,330.0,100,90.0,2550,381.021505,469.372822,529.581395,70.0,1150.0,50.0,440.0,60.0,90.0,260.0,700.0,596.666667,600.0,253.5,120.0,1530.0,150.0,272.839506,180.0,1220.0,257.209302,1160.0,150.0,320.0,403.283582,245.11236,380.0,220.0,270.0,570.13986,560.0,30.0,530.0,352.515723,160.0,187.007874,496.226415,264.807692,200.0,513.830846,377.421384,100.0,220.0,440.0,388.75,300.0,260.0,150.0,410.0,500.0,520.0,210.923077,290.0,40.0,289.944751,60.0,270.0,50.0,230.0,50.0,291.126761,907.922078,60.0,370.0,130.0,880.0,1555.205479,130.0,90.0,5290.0,845.783133,400.0,230.0,250.0,200.0,70.0,200.0,310.0,410.0,190.0,50.0,130.0,180,150.0,180.0,120.0,100.0,120.0,60.0,340.0,1817.816092,700.0,60.0,2910.0,180.0,140.0,90.0,360.0,580.0,80.0,120.0,50.0,170.0,2810.0,804.401709,30.0,120.0,140.0,70.0,80.0,238.505747,480.0,230.0,150.0,60.0,740.920245,340.0,90.0,200.0,120.0,110.0,270.0,30.0,1090.0,50.0,164.740741,490.0,378.110599,380.0,1420.0,310.0,140.0,40.0,190.0,140.0,150.0,284.451613,1670,420.0,640.0,266.22449,230.0,2300.0,363.817204,140.0,150.0,90.0,350.555556,700.0,190.0,560.0,750.0,384.804688,170.0,210.0,737.605634,290.0,120.0,40.0,381.694915,470.0,80.0,450.0,810.0,40.0,480.0,959.116466,1700,904.259928,298.961039,170.0,745.5,150.0,1157.304348,180.0,100.0,120,580.471698,50.0,230.0,390.0,270.0,1010.0,670.0,311.145038,210.0,70.0,130.0,838.561404,484.921466,910.0,1560.0,80.0,310.0,90.0,270.0,250.0,370.0,450.0,420.0,180.0,530.0,1860.0,365.534591,30.0,630.0,380.0,295.849057,1830.0,340.0,430.0,520.0,160.0,110.0,250.0,250.0,510.857143,70.0,690.0,400.0,560.0,493.029046,1230.0,180.0,280.0,60.0,380.47619,100.0,800,451.534884,160.0,100.0,50.0,2190.0,130.0,120.0,660.0,70.0,564.293194,50.0,1340.0,80.0,50.0,70.0,230.0,798.968254,0.0093,0.00892,0.00649,0.0069,0.03858,0.01148,0.01424,0.01782,0.00906,0.03049,0.004,0.0106,0.0037,0.01111,0.00746,0.00699
210.0,160.0,140.0,140.0,292.807018,90.0,280.0,50.0,330.0,140.0,90.0,150.0,50.0,840.0,256,478.227848,2580,381.021505,469.372822,529.581395,50.0,550.0,352.66055,1404.503817,30.0,180.0,200.0,1032.534722,120.0,70.0,60.0,200.0,1940.0,501.402715,70.0,1175.982143,1390.0,30.0,1801.75,70.0,140.0,403.283582,245.11236,130.0,320.0,400.0,570.13986,430.0,70.0,130.0,70.0,110.0,187.007874,496.226415,264.807692,470.0,40.0,377.421384,140.0,220.0,310.0,388.75,70.0,170.0,170.0,150.0,420.0,150.0,210.923077,220.0,40.0,289.944751,490.25641,80.0,130.0,70.0,40.0,291.126761,70.0,120.0,170.0,245.227273,1560.0,1555.205479,90.0,437.586207,3160.0,60.0,220.0,50.0,120.0,140.0,860.298507,140.0,380.0,240.0,90.0,354.685315,344.675325,180,236.774194,160.0,110.0,90.0,70.0,120.0,130.0,100.0,250.0,254.224806,1440.0,170.0,140.0,100.0,220.0,480.0,50.0,620.639098,587.42616,190.0,2820.0,804.401709,40.0,290.0,971.975309,349.59596,268.502674,238.505747,400.0,100.0,140.0,270.0,100.0,80.0,343.64532,1308.012821,30.0,264.83871,120.0,50.0,1610.0,451.073446,50.0,300.0,378.110599,310.0,1510.0,170.0,360.0,304.581281,250.0,340.0,920.0,284.451613,1050,1300.0,550.0,40.0,120.0,1600.0,363.817204,100.0,986.0625,138.04878,130.0,480.0,120.0,680.0,770.0,110.0,120.0,210.0,240.0,70.0,130.0,460.0,381.694915,120.0,645.448276,410.0,810.0,60.0,120.0,340.0,960,140.0,90.0,90.0,130.0,507.990196,80.0,826.758893,365.341615,60,160.0,158.877551,180.0,190.0,160.0,810.0,500.0,311.145038,200.0,70.0,40.0,90.0,484.921466,820.0,990.0,40.0,90.0,377.279412,120.0,120.0,180.0,130.0,130.0,150.0,1030.0,1390.0,50.0,100.0,410.0,460.0,120.0,1110.0,464.369369,160.0,100.0,430.0,90.0,693.01676,110.0,510.857143,445.972222,400.0,340.0,220.0,60.0,860.0,590.0,982.882096,170.0,380.47619,160.0,840,30.0,100.0,676.976744,110.0,2070.0,60.0,277.819549,250.0,293.048128,564.293194,110.37037,850.0,130.0,118.159204,316.153846,180.0,330.0,0.00574,0.00787,0.03896,0.0069,0.03858,0.0053,0.01295,0.00747,0.00387,0.01413,0.00222,0.00582,0.0158,0.00171,0.03342,0.00655
3920.0,980.0,940.0,3060.0,1300.0,1350.0,850.0,1930.0,2540.0,660.0,2530.0,3960.0,1370.0,18290.0,110,3630.0,40160,880.0,1900.0,2960.0,2560.0,7620.0,1620.0,8440.0,1370.0,1630.0,4530.0,3630.0,670.0,10790.0,910.0,1700.0,47260.0,2440.0,580.0,11820.0,24240.0,700.0,10600.0,2840.0,3540.0,1770.0,370.0,3980.0,2880.0,4180.0,3500.0,13510.0,1490.0,3840.0,2080.0,3530.0,380.0,1690.0,380.0,8420.0,860.0,1780.0,7340.0,12150.0,6310.0,1710.0,3370.0,3910.0,4180.0,8240.0,9050.0,3820.0,520.0,6830.0,490.0,1170.0,870.0,5920.0,1880.0,1580.0,1050.0,291.126761,4280.0,1450.0,1111.41129,1020.0,23500.0,3090.0,760.0,740.0,47150.0,3420.0,4850.0,2710.0,5460.0,4670.0,1760.0,3830.0,5540.0,5680.0,2180.0,960.0,1360.0,440,750.0,4530.0,1570.0,1790.0,880.0,1010.0,3680.0,12900.0,9650.0,720.0,24920.0,1660.0,1500.0,2440.0,7170.0,19920.0,1180.0,2390.0,2230.0,3040.0,54510.0,5010.0,1160.0,11460.0,971.975309,710.0,670.0,680.0,4150.0,2840.0,3770.0,7170.0,5210.0,8940.0,1370.0,7150.0,2170.0,1740.0,5980.0,470.0,12420.0,1230.0,360.0,5720.0,970.0,6800.0,12640.0,1410.0,5450.0,2950.0,1820.0,6970.0,3560.0,880.0,25610,22540.0,11200.0,1070.0,3800.0,32380.0,2790.0,2310.0,1660.0,460.0,2010.0,15660.0,6720.0,7610.0,12140.0,2930.0,376.006601,3670.0,3260.0,7930.0,1260.0,700.0,490.0,7120.0,1590.0,2290.0,23280.0,1520.0,4730.0,1790.0,24160,3690.0,720.0,1230.0,3110.0,1520.0,4620.0,4510.0,600.0,3150,3630.0,400.0,1990.0,14800.0,3740.0,18710.0,7100.0,330.0,2850.0,430.0,2570.0,7980.0,2010.0,14960.0,26040.0,1140.0,4500.0,1750.0,4160.0,3120.0,4070.0,4440.0,11040.0,2520.0,6390.0,24720.0,980.0,3400.0,11840.0,9410.0,1240.0,23650.0,1190.0,9690.0,7660.0,5320.0,1330.0,3230.0,13660.0,1250.0,1940.0,13540.0,10460.0,17600.0,2910.0,13480.0,5100.0,2240.0,1780.0,1540.0,3670.0,15930,1650.0,2080.0,1380.0,3090.0,19040.0,1210.0,790.0,13790.0,850.0,1850.0,360.0,11600.0,2460.0,520.0,1820.0,2200.0,1840.0,0.16206,0.13321,0.12972,0.19948,0.14085,0.16957,0.16444,0.14375,0.1841,0.14176,0.02841,0.26529,0.18766,0.10494,0.08958,0.13014
170.0,200.0,428.421053,170.0,292.807018,686.02459,130.0,467.824074,220.0,388.503937,355.953757,430.0,160.0,540.0,256,478.227848,2060,80.0,120.0,100.0,50.0,1843.14433,30.0,280.0,336.01227,190.0,190.0,570.0,160.0,1646.007326,253.5,362.116183,1790.0,120.0,60.0,110.0,1760.0,257.209302,680.0,80.0,250.0,403.283582,245.11236,1243.214286,100.0,280.0,50.0,490.0,50.0,460.0,50.0,330.0,187.007874,60.0,40.0,1124.333333,513.830846,377.421384,230.0,360.0,290.0,140.0,120.0,160.0,130.0,140.0,580.0,230.0,40.0,370.0,168.461538,70.0,490.25641,90.0,150.0,170.0,30.0,90.0,390.0,60.0,1111.41129,170.0,2020.0,30.0,100.0,437.586207,4670.0,845.783133,690.0,406.010101,180.0,250.0,70.0,586.17284,360.0,686.575342,120.0,354.685315,344.675325,180,236.774194,80.0,532.666667,130.0,287.131148,251.097561,240.0,150.0,340.0,100.0,2120.0,270.0,160.0,150.0,400.0,3042.896552,80.0,250.0,70.0,210.0,2260.0,320.0,40.0,1350.0,470.0,349.59596,268.502674,238.505747,290.0,791.528926,100.0,50.0,240.0,50.0,180.0,1308.012821,60.0,264.83871,899.665552,191.848739,4105.806452,451.073446,140.0,60.0,80.0,160.0,790.0,220.0,210.0,304.581281,110.0,190.0,410.0,284.451613,1660,760.0,530.0,40.0,110.0,1540.0,363.817204,200.0,160.0,138.04878,210.0,610.0,280.0,430.0,800.0,230.0,110.0,460.0,737.605634,1577.244898,80.0,170.0,70.0,250.0,645.448276,280.0,980.0,252.077922,510.0,520.0,1540,100.0,298.961039,430.509554,745.5,50.0,220.0,70.0,70.0,815,190.0,40.0,90.0,190.0,140.0,950.0,700.0,311.145038,190.0,50.0,40.0,120.0,484.921466,540.0,1180.0,241.105263,150.0,110.0,110.0,210.0,789.900662,140.0,1216.907216,491.643192,770.0,4572.384937,80.0,482.926829,330.0,660.0,295.849057,1590.0,90.0,190.0,973.993399,280.0,130.0,110.0,190.0,510.857143,40.0,700.0,420.0,170.0,240.0,770.0,100.0,680.0,160.0,40.0,360.0,970,40.0,459.429658,190.0,90.0,2340.0,214.591837,277.819549,330.0,293.048128,564.293194,110.37037,780.0,100.0,40.0,40.0,240.0,798.968254,0.00722,0.00787,0.03896,0.00955,0.03858,0.00618,0.01165,0.0115,0.0058,0.00729,0.02787,0.00501,0.00617,0.00449,0.00498,0.03184
2870.0,1960.0,1200.0,1670.0,730.0,2200.0,660.0,2130.0,1950.0,1510.0,1020.0,3020.0,1910.0,12910.0,730,2870.0,23760,1770.0,1770.0,1650.0,1320.0,8490.0,1030.0,3810.0,570.0,1880.0,3690.0,3680.0,2600.0,5280.0,530.0,1370.0,31760.0,2660.0,770.0,1175.982143,19330.0,790.0,8820.0,2280.0,3370.0,1210.0,530.0,2250.0,2250.0,2240.0,1720.0,6770.0,960.0,4470.0,352.515723,2530.0,270.0,1740.0,1140.0,1240.0,513.830846,377.421384,3440.0,6690.0,4370.0,1880.0,2710.0,1530.0,2140.0,4040.0,4520.0,3200.0,440.0,3470.0,320.0,1130.0,740.0,4620.0,1290.0,1440.0,410.0,291.126761,3880.0,490.0,5110.0,730.0,11130.0,1680.0,1810.0,480.0,44520.0,2050.0,2750.0,2220.0,2690.0,656.778523,860.298507,2580.0,3880.0,4090.0,2390.0,270.0,344.675325,500,780.0,2410.0,1160.0,690.0,960.0,90.0,609.76,13240.0,6020.0,830.0,17870.0,1370.0,1580.0,3220.0,7330.0,7750.0,460.0,1920.0,4120.0,1640.0,33760.0,2240.0,950.0,4160.0,3750.0,800.0,300.0,510.0,3020.0,3460.0,1740.0,1710.0,1590.0,1377.87234,1490.0,5590.0,980.0,280.0,6450.0,250.0,10300.0,2110.0,440.0,4870.0,1270.0,3830.0,8090.0,640.0,2970.0,304.581281,2300.0,3460.0,2440.0,700.0,20350,14020.0,8800.0,610.0,3600.0,19230.0,363.817204,2050.0,2010.0,420.0,90.0,12480.0,5290.0,1398.459119,6510.0,730.0,1610.0,4340.0,1740.0,5230.0,1200.0,340.0,400.0,3970.0,1840.0,3450.0,13520.0,840.0,9910.0,3150.0,15940,3760.0,400.0,620.0,2650.0,507.990196,3000.0,5950.0,590.0,2360,1500.0,340.0,1820.0,13500.0,2180.0,15180.0,5580.0,590.0,3220.0,200.0,1530.0,2750.0,1550.0,9320.0,16270.0,1210.0,3990.0,2060.0,2100.0,3960.0,3460.0,2650.0,10180.0,491.643192,3680.0,11030.0,800.0,2560.0,7770.0,6250.0,480.0,18550.0,840.0,5900.0,4130.0,2630.0,1040.0,1510.0,3930.0,780.0,930.0,10360.0,7300.0,22150.0,1990.0,9610.0,4340.0,1780.0,1890.0,2110.0,2740.0,14100,970.0,1500.0,1530.0,402.934783,18580.0,950.0,360.0,9490.0,630.0,1390.0,170.0,9100.0,1310.0,360.0,640.0,2070.0,1300.0,0.09498,0.12535,0.10215,0.14696,0.09558,0.0733,0.20329,0.13282,0.10839,0.09892,0.10121,0.09165,0.07827,0.05322,0.10326,0.05044
1950.0,550.0,428.421053,930.0,240.0,1440.0,480.0,310.0,1620.0,388.503937,140.0,720.0,260.0,2620.0,110,350.0,12680,610.0,450.0,540.0,510.0,1600.0,440.0,1720.0,336.01227,680.0,870.0,950.0,1330.0,3540.0,1480.0,490.0,12970.0,150.0,70.0,730.0,2130.0,220.0,1820.0,480.0,550.0,180.0,245.11236,1480.0,300.0,940.0,570.13986,1740.0,200.0,940.0,352.515723,570.0,60.0,300.0,130.0,1124.333333,250.0,130.0,470.0,1410.0,880.0,360.0,1210.0,410.0,770.0,600.0,1960.0,1170.0,210.923077,640.0,50.0,150.0,740.0,1660.0,310.0,1380.0,292.733333,70.0,1310.0,220.0,1111.41129,180.0,4500.0,280.0,360.0,630.0,13070.0,845.783133,2020.0,240.0,3020.0,640.0,570.0,760.0,1360.0,480.0,380.0,354.685315,344.675325,70,290.0,840.0,420.0,310.0,310.0,280.0,830.0,1400.0,710.0,250.0,6220.0,420.0,790.0,390.0,1230.0,3550.0,210.0,810.0,1160.0,400.0,8990.0,804.401709,219.534884,1520.0,2240.0,349.59596,190.0,180.0,1150.0,950.0,1020.0,747.209302,890.0,1700.0,150.0,310.0,570.0,220.0,1090.0,191.848739,4840.0,451.073446,164.740741,710.0,180.0,1130.0,4130.0,270.0,490.0,150.0,1050.0,650.0,390.0,550.0,7200,4210.0,2320.0,260.0,710.0,9770.0,210.0,250.0,1980.0,110.0,350.555556,3560.0,2370.0,1190.0,2490.0,150.0,540.0,660.0,480.0,520.0,640.0,240.0,610.0,2710.0,250.0,2500.0,4220.0,420.0,1850.0,1230.0,6820,1700.0,298.961039,990.0,390.0,260.0,440.0,826.758893,240.0,1330,850.0,190.0,1670.0,5170.0,1110.0,3300.0,2350.0,60.0,710.0,230.0,560.0,760.0,980.0,3200.0,5950.0,380.0,1060.0,270.0,380.0,810.0,1270.0,4300.0,1040.0,160.0,2740.0,3830.0,110.0,450.0,2310.0,2720.0,190.0,6090.0,650.0,1170.0,720.0,940.0,770.0,680.0,1240.0,210.0,250.0,3130.0,2030.0,3620.0,410.0,4690.0,840.0,680.0,390.0,180.0,820.0,4190,170.0,660.0,820.0,310.0,8760.0,130.0,220.0,5130.0,580.0,640.0,60.0,3690.0,490.0,150.0,510.0,780.0,50.0,0.02988,0.01836,0.05189,0.03395,0.04905,0.04328,0.03755,0.0253,0.03338,0.02553,0.04261,0.01479,0.02593,0.05557,0.03608,0.07249
300.0,100.0,428.421053,585.728814,90.0,400.0,130.0,50.0,250.0,388.503937,355.953757,390.0,40.0,500.0,100,150.0,3550,90.0,180.0,130.0,364.722222,1843.14433,30.0,650.0,336.01227,170.0,150.0,1032.534722,80.0,40.0,253.5,362.116183,2290.0,501.402715,272.839506,1175.982143,200.0,40.0,700.0,80.0,220.0,403.283582,245.11236,220.0,200.0,470.0,570.13986,370.0,485.248619,230.0,190.0,180.0,187.007874,496.226415,80.0,1124.333333,513.830846,40.0,120.0,170.0,550.0,388.75,130.0,90.0,350.0,230.0,620.0,200.0,60.0,1170.0,60.0,50.0,490.25641,240.0,170.0,150.0,292.733333,220.0,280.0,90.0,400.0,110.0,1160.0,80.0,610.921986,437.586207,4360.0,90.0,570.0,30.0,1362.660099,90.0,860.298507,100.0,430.0,70.0,50.0,30.0,344.675325,30,100.0,60.0,110.0,140.0,70.0,251.097561,609.76,1817.816092,190.0,90.0,2080.0,170.0,100.0,50.0,490.0,1500.0,170.0,620.639098,587.42616,140.0,2510.0,230.0,80.0,1620.214592,971.975309,349.59596,268.502674,200.0,1466.056338,180.0,120.0,747.209302,190.0,1377.87234,90.0,70.0,457.794118,60.0,60.0,191.848739,4105.806452,210.0,110.0,120.0,378.110599,170.0,3065.596026,384.588235,110.0,120.0,60.0,100.0,100.0,284.451613,1460,560.0,800.0,266.22449,598.344595,1620.0,363.817204,130.0,450.0,40.0,350.555556,620.0,90.0,280.0,1110.0,60.0,130.0,830.0,180.0,60.0,140.0,50.0,220.0,130.0,645.448276,1236.811594,470.0,252.077922,730.0,959.116466,1160,40.0,298.961039,430.509554,170.0,170.0,330.0,826.758893,365.341615,1880,580.471698,60.0,170.0,2364.857143,170.0,700.0,820.0,311.145038,280.0,292.674419,511.074766,130.0,484.921466,970.0,980.0,241.105263,30.0,60.0,260.0,150.0,310.0,200.0,100.0,60.0,1604.063492,1710.0,365.534591,50.0,350.0,500.0,295.849057,1320.0,60.0,190.0,100.0,330.0,150.0,360.0,90.0,510.857143,445.972222,2085.06135,470.0,170.0,120.0,1370.0,1112.857143,70.0,150.0,380.47619,190.0,1060,40.0,80.0,676.976744,70.0,1660.0,70.0,277.819549,690.0,30.0,564.293194,30.0,1250.0,110.0,40.0,120.0,120.0,798.968254,0.0253,0.00262,0.03896,0.0122,0.03858,0.00265,0.03338,0.0069,0.00448,0.00228,0.00577,0.0092,0.0242,0.0306,0.01244,0.01397
610.0,160.0,428.421053,330.0,30.0,340.0,290.0,130.0,400.0,340.0,150.0,370.0,290.0,4150.0,256,300.0,6870,160.0,150.0,320.0,140.0,1430.0,160.0,420.0,100.0,440.0,810.0,680.0,596.666667,660.0,70.0,230.0,6360.0,280.0,272.839506,240.0,3930.0,130.0,1150.0,280.0,570.0,80.0,220.0,330.0,280.0,1260.0,140.0,2100.0,485.248619,680.0,220.0,450.0,70.0,150.0,100.0,160.0,513.830846,110.0,480.0,1260.0,1010.0,270.0,290.0,520.0,710.0,1050.0,1170.0,320.0,210.923077,840.0,168.461538,280.0,130.0,930.0,290.0,450.0,180.0,80.0,560.0,250.0,1370.0,250.0,2580.0,360.0,100.0,290.0,8090.0,380.0,770.0,406.010101,550.0,440.0,140.0,530.0,1110.0,686.575342,410.0,140.0,344.675325,30,310.0,580.0,290.0,350.0,150.0,40.0,820.0,440.0,720.0,290.0,3840.0,300.0,400.0,340.0,1440.0,1900.0,180.0,200.0,310.0,250.0,7990.0,210.0,90.0,530.0,971.975309,150.0,80.0,238.505747,1300.0,570.0,430.0,747.209302,340.0,1377.87234,260.0,40.0,130.0,160.0,920.0,60.0,3440.0,260.0,164.740741,1130.0,290.0,1160.0,2530.0,240.0,530.0,140.0,370.0,1270.0,830.0,284.451613,3710,2820.0,1320.0,130.0,598.344595,4900.0,140.0,310.0,580.0,100.0,520.0,2260.0,610.0,1240.0,1330.0,300.0,290.0,700.0,1010.0,640.0,260.0,250.0,200.0,560.0,240.0,1570.0,2450.0,220.0,1830.0,530.0,4060,140.0,180.0,80.0,400.0,480.0,1260.0,826.758893,110.0,815,230.0,60.0,350.0,940.0,390.0,2950.0,1760.0,311.145038,450.0,180.0,230.0,390.0,310.0,1890.0,2380.0,90.0,590.0,270.0,290.0,690.0,350.0,260.0,810.0,491.643192,1760.0,3610.0,100.0,290.0,2180.0,1310.0,130.0,3160.0,250.0,810.0,930.0,770.0,300.0,693.01676,760.0,510.857143,445.972222,1520.0,1120.0,6520.0,220.0,2640.0,2020.0,190.0,490.0,310.0,520.0,2820,180.0,350.0,160.0,260.0,4900.0,250.0,140.0,1650.0,180.0,440.0,80.0,2110.0,410.0,90.0,380.0,480.0,260.0,0.01771,0.02517,0.01784,0.02387,0.0088,0.03091,0.02201,0.0184,0.01812,0.03738,0.0182,0.017,0.05087,0.01154,0.0112,0.01266
