,Target_1,Target_2,Target_3,Target_4,Target_1,Target_2,Target_3,Target_4,Target_1,Target_2,Target_3,Target_4,Target_1,Target_2,Target_3,Target_4,Target_1,Target_2,Target_3,Target_4,Target_1,Target_2,Target_3,Target_4,Target_1,Target_2,Target_3,Target_4,Target_1,Target_2,Target_3,Target_4,Target_1,Target_2,Target_3,Target_4,Target_1,Target_2,Target_3,Target_4,Target_1,Target_2,Target_3,Target_4,Target_1,Target_2,Target_3,Target_4,Target_1,Target_2,Target_3,Target_4,Target_1,Target_2,Target_3,Target_4,Target_1,Target_2,Target_3,Target_4
0,0.02878,0.02754,0.02753,0.02759,0.02887,0.02763,0.02761,0.02768,0.02871,0.02747,0.02745,0.02752,0.02986,0.02867,0.02863,0.0287,0.02985,0.02866,0.02862,0.02869,0.02985,0.02866,0.02862,0.02869,0.02955,0.02834,0.02831,0.02837,0.02955,0.02834,0.02831,0.02837,0.02709,0.02586,0.02581,0.02591,0.02673,0.02547,0.02544,0.02554,0.02672,0.02546,0.02542,0.02553,0.02672,0.02546,0.02542,0.02553,0.02673,0.02547,0.02544,0.02554,0.02673,0.02547,0.02544,0.02554,0.02672,0.02546,0.02542,0.02553
1,0.02878,0.02754,0.02753,0.02759,0.02887,0.02763,0.02761,0.02768,0.02871,0.02747,0.02745,0.02752,0.02986,0.02867,0.02863,0.0287,0.02985,0.02866,0.02862,0.02869,0.02985,0.02866,0.02862,0.02869,0.02955,0.02834,0.02831,0.02837,0.02955,0.02834,0.02831,0.02837,0.02709,0.02586,0.02581,0.02591,0.02673,0.02547,0.02544,0.02554,0.02672,0.02546,0.02542,0.02553,0.02672,0.02546,0.02542,0.02553,0.02673,0.02547,0.02544,0.02554,0.02673,0.02547,0.02544,0.02554,0.02672,0.02546,0.02542,0.02553
2,0.03423,0.03303,0.03307,0.03303,0.03423,0.03303,0.03307,0.03303,0.03423,0.03303,0.03307,0.03303,0.03476,0.03361,0.03362,0.03359,0.03491,0.03376,0.03378,0.03374,0.03487,0.03372,0.03374,0.0337,0.03453,0.03335,0.03338,0.03334,0.03453,0.03335,0.03338,0.03334,0.0345,0.03332,0.03335,0.03331,0.03424,0.03304,0.03308,0.03304,0.03423,0.03302,0.03307,0.03302,0.03423,0.03302,0.03307,0.03302,0.03423,0.03302,0.03307,0.03302,0.03424,0.03304,0.03308,0.03304,0.03424,0.03304,0.03308,0.03304
3,0.03547,0.03441,0.03435,0.03434,0.03557,0.03451,0.03445,0.03445,0.0356,0.03454,0.03448,0.03448,0.036,0.03496,0.03489,0.03489,0.03573,0.03467,0.03461,0.03461,0.03413,0.03296,0.03296,0.03293,0.03331,0.03208,0.0321,0.03206,0.03334,0.03211,0.03213,0.03209,0.03337,0.03229,0.03217,0.03226,0.03289,0.03165,0.03167,0.03163,0.0332,0.03197,0.03199,0.03195,0.03315,0.03193,0.03194,0.0319,0.03315,0.03193,0.03194,0.0319,0.03319,0.03196,0.03185,0.03194,0.0332,0.03197,0.03199,0.03195
4,0.03565,0.03465,0.03452,0.03455,0.03597,0.03497,0.03484,0.03487,0.03594,0.03494,0.03482,0.03484,0.03584,0.03484,0.03471,0.03474,0.03584,0.03484,0.03471,0.03474,0.03198,0.03081,0.03072,0.03076,0.03068,0.02942,0.02937,0.02936,0.03083,0.02957,0.02952,0.02953,0.03101,0.02994,0.02972,0.02987,0.03058,0.02931,0.02927,0.02925,0.03081,0.02956,0.02951,0.0295,0.03081,0.02956,0.02951,0.0295,0.03085,0.02957,0.02954,0.02954,0.03089,0.02963,0.02945,0.02957,0.03085,0.0296,0.02954,0.02954
5,0.06226,0.06349,0.06214,0.06283,0.06169,0.06272,0.06151,0.0621,0.06194,0.06299,0.06176,0.06237,0.06234,0.06346,0.06219,0.06282,0.06201,0.0631,0.06184,0.06246,0.0606,0.06159,0.06037,0.06097,0.0435,0.04288,0.04266,0.04293,0.03645,0.03576,0.03537,0.03554,0.03481,0.03415,0.03367,0.03395,0.03123,0.03014,0.02995,0.03002,0.03123,0.03014,0.02995,0.03002,0.03123,0.03014,0.02995,0.03002,0.03123,0.03014,0.02995,0.03002,0.03127,0.03017,0.02986,0.03006,0.03123,0.03014,0.02995,0.03002
6,0.08013,0.08008,0.08067,0.07916,0.07379,0.07633,0.07385,0.07498,0.06723,0.06853,0.06733,0.06838,0.08332,0.08301,0.08374,0.08207,0.08239,0.08284,0.083,0.08375,0.08672,0.0869,0.08722,0.08604,0.08387,0.08184,0.08378,0.083,0.08511,0.08581,0.08476,0.08625,0.08102,0.08458,0.08108,0.08292,0.08224,0.08289,0.08233,0.08294,0.08323,0.08429,0.08336,0.08467,0.08441,0.08517,0.08459,0.08508,0.08539,0.08593,0.08589,0.08547,0.08561,0.08599,0.08529,0.08686,0.08232,0.08332,0.08188,0.08345
7,0.07097,0.07217,0.07117,0.07182,0.0713,0.07222,0.07165,0.07187,0.07718,0.07818,0.07761,0.07739,0.07267,0.07434,0.07279,0.07381,0.07644,0.07781,0.07685,0.07729,0.07489,0.07666,0.07524,0.07613,0.07513,0.07765,0.0751,0.07557,0.07628,0.07819,0.07629,0.07653,0.07564,0.07716,0.07602,0.07634,0.0748,0.07612,0.07515,0.07482,0.07569,0.07577,0.07607,0.07537,0.07453,0.07531,0.07487,0.07455,0.07298,0.07438,0.07366,0.07362,0.07304,0.07485,0.07412,0.07446,0.07343,0.07525,0.07452,0.07486
8,0.06854,0.0697,0.06866,0.06934,0.06973,0.07052,0.06989,0.07016,0.07738,0.07838,0.07782,0.0776,0.08098,0.08182,0.08156,0.08143,0.08122,0.08296,0.08179,0.0821,0.07351,0.07358,0.07343,0.07429,0.07222,0.07299,0.07248,0.07251,0.07352,0.07475,0.07423,0.07468,0.07394,0.07555,0.07427,0.07469,0.07584,0.07508,0.07624,0.07459,0.07512,0.07515,0.07548,0.07427,0.07549,0.07556,0.07586,0.07505,0.07509,0.07628,0.07544,0.07545,0.07437,0.07588,0.07433,0.07469,0.07503,0.07622,0.07502,0.07501
9,0.06675,0.06785,0.06683,0.06753,0.06614,0.06683,0.0662,0.0665,0.06674,0.06744,0.06682,0.06745,0.0653,0.06583,0.06533,0.06556,0.05906,0.05994,0.05957,0.05953,0.05824,0.05797,0.05644,0.05842,0.05632,0.05639,0.05599,0.05575,0.05701,0.05638,0.05636,0.05602,0.05631,0.05935,0.05689,0.05771,0.05885,0.06043,0.05871,0.05919,0.06031,0.06023,0.06062,0.06014,0.05876,0.05939,0.05901,0.05819,0.05669,0.05748,0.05596,0.05678,0.05747,0.05828,0.05635,0.05795,0.05789,0.05864,0.05759,0.05715
10,0.07404,0.07438,0.07431,0.07435,0.07442,0.0745,0.0747,0.07446,0.07401,0.07408,0.07428,0.07405,0.07385,0.07383,0.07411,0.07383,0.07253,0.07251,0.07223,0.0725,0.05514,0.05467,0.0534,0.05448,0.07178,0.07192,0.07194,0.0718,0.07153,0.07171,0.07129,0.07159,0.0686,0.06882,0.06824,0.06907,0.06942,0.07001,0.06867,0.06942,0.0694,0.06957,0.06864,0.0694,0.06969,0.06991,0.06852,0.06976,0.06978,0.06995,0.06945,0.06984,0.06979,0.06955,0.06991,0.06987,0.06988,0.0697,0.0696,0.06998
11,0.07421,0.07467,0.0745,0.0747,0.07468,0.07464,0.07499,0.07467,0.0742,0.07421,0.07448,0.07422,0.07488,0.0748,0.0752,0.07485,0.07317,0.07308,0.07343,0.07314,0.07017,0.07011,0.07032,0.07012,0.07477,0.07509,0.07508,0.075,0.07473,0.07513,0.07504,0.07494,0.0744,0.07453,0.07469,0.07461,0.07415,0.07432,0.07444,0.07428,0.07415,0.07432,0.07444,0.07428,0.07421,0.07438,0.07455,0.07433,0.07421,0.07437,0.07456,0.07477,0.07422,0.07439,0.07456,0.07478,0.07422,0.07438,0.07457,0.07478
12,0.07443,0.07477,0.07474,0.07483,0.07483,0.07474,0.07515,0.07481,0.07441,0.07433,0.07472,0.07438,0.07506,0.07492,0.07539,0.07501,0.07335,0.07318,0.07362,0.07326,0.072,0.07186,0.07222,0.07194,0.0755,0.07552,0.0755,0.07559,0.07545,0.07557,0.0758,0.07553,0.07489,0.07479,0.07522,0.07534,0.0753,0.07506,0.07566,0.07522,0.0753,0.07506,0.07566,0.07522,0.07534,0.0751,0.07569,0.07527,0.07523,0.07494,0.07559,0.07511,0.07523,0.07494,0.07559,0.07511,0.07523,0.07494,0.07559,0.07511
13,0.07368,0.07414,0.07398,0.07416,0.07375,0.07379,0.07405,0.0738,0.07367,0.07373,0.07397,0.07373,0.07517,0.07476,0.07551,0.07516,0.06679,0.06646,0.0674,0.06668,0.06323,0.06443,0.06352,0.06373,0.06559,0.06481,0.06565,0.06481,0.06528,0.06528,0.06574,0.06559,0.06582,0.06528,0.06589,0.0657,0.06779,0.06679,0.06794,0.06727,0.06681,0.06586,0.06692,0.06634,0.06743,0.06676,0.06756,0.06725,0.06551,0.06529,0.06595,0.0654,0.0652,0.06499,0.06563,0.06509,0.0666,0.06601,0.06707,0.06614
14,0.083,0.08414,0.08363,0.08319,0.07508,0.07728,0.07518,0.07668,0.06985,0.07066,0.07004,0.07049,0.07909,0.07807,0.07926,0.07733,0.07701,0.07745,0.07579,0.07748,0.0779,0.07937,0.0778,0.07847,0.08137,0.08,0.08064,0.08041,0.07829,0.07799,0.07688,0.07805,0.07438,0.07609,0.07418,0.07484,0.07563,0.07654,0.07549,0.07612,0.0751,0.07605,0.07493,0.07638,0.07616,0.07686,0.07604,0.07666,0.0775,0.08023,0.0777,0.07876,0.07929,0.0821,0.08006,0.08213,0.07495,0.07836,0.07556,0.07764
15,0.08322,0.08438,0.08385,0.08342,0.07398,0.07639,0.07404,0.0755,0.07166,0.07362,0.07192,0.07229,0.08011,0.08001,0.08089,0.07929,0.07923,0.07996,0.07865,0.08029,0.0784,0.08017,0.07734,0.07868,0.08254,0.08209,0.08237,0.08134,0.07564,0.07579,0.07465,0.07529,0.07897,0.08103,0.07894,0.07953,0.08041,0.08075,0.08043,0.0803,0.07936,0.08104,0.08012,0.08155,0.08066,0.08201,0.08069,0.08128,0.08178,0.08397,0.08216,0.08246,0.08254,0.08428,0.08295,0.08428,0.07999,0.08236,0.08029,0.08162
16,0.10668,0.1081,0.10712,0.1066,0.08998,0.09238,0.09231,0.09077,0.09059,0.0924,0.09155,0.09114,0.08609,0.08888,0.08613,0.08763,0.08191,0.08634,0.08255,0.08436,0.08839,0.09107,0.09078,0.0906,0.0853,0.08869,0.08606,0.0867,0.08864,0.08997,0.08952,0.08981,0.0891,0.09078,0.09001,0.0903,0.08893,0.0888,0.08984,0.08937,0.08929,0.08989,0.0902,0.09048,0.08781,0.08838,0.08867,0.08897,0.08843,0.08829,0.08961,0.08964,0.08811,0.08794,0.08927,0.08854,0.08672,0.08682,0.08783,0.08742
17,0.11583,0.11875,0.1174,0.1168,0.09231,0.09445,0.09358,0.09423,0.09026,0.09174,0.09118,0.09153,0.08644,0.08971,0.08722,0.08751,0.08378,0.0894,0.08555,0.08752,0.08782,0.09138,0.08754,0.09089,0.08964,0.09236,0.09052,0.0908,0.08932,0.09094,0.09019,0.09078,0.08604,0.08867,0.0868,0.08711,0.08256,0.08231,0.08321,0.08323,0.08317,0.08327,0.08383,0.08526,0.08321,0.08437,0.08387,0.0842,0.08888,0.08831,0.09032,0.09139,0.08859,0.08799,0.09002,0.09,0.08724,0.08768,0.08862,0.08784
18,0.11561,0.11811,0.11717,0.11742,0.14147,0.14411,0.14267,0.1436,0.153,0.15853,0.15589,0.15908,0.1424,0.14462,0.14466,0.14511,0.14041,0.14495,0.14408,0.14432,0.14626,0.14864,0.14891,0.14542,0.14961,0.15194,0.15124,0.15105,0.14928,0.15248,0.15207,0.15189,0.14606,0.15153,0.15018,0.1485,0.1478,0.15327,0.14878,0.15027,0.14587,0.14883,0.14679,0.1483,0.14587,0.14883,0.14679,0.1483,0.1421,0.1487,0.14406,0.1459,0.14422,0.14722,0.14625,0.14706,0.1456,0.14838,0.14768,0.1459
19,0.08752,0.08857,0.08825,0.08874,0.0625,0.06262,0.06243,0.06269,0.06296,0.06398,0.06291,0.06345,0.06531,0.06574,0.06459,0.06519,0.06341,0.0645,0.06338,0.06326,0.06509,0.06657,0.06613,0.06603,0.07001,0.07252,0.07133,0.0715,0.07322,0.07612,0.07322,0.07451,0.06907,0.07148,0.07063,0.07163,0.07227,0.07352,0.07252,0.07578,0.07225,0.07522,0.0725,0.07505,0.07119,0.07343,0.07141,0.0754,0.07105,0.07513,0.07126,0.07456,0.0727,0.07471,0.07497,0.07523,0.071,0.07368,0.07191,0.0732
20,0.0686,0.0692,0.06875,0.06856,0.05593,0.05689,0.05568,0.05633,0.05647,0.05747,0.05624,0.05691,0.05656,0.05762,0.05634,0.05705,0.05641,0.05819,0.05619,0.05687,0.05819,0.05924,0.05802,0.05837,0.06783,0.06874,0.06874,0.06858,0.06812,0.06953,0.06762,0.06929,0.06699,0.06863,0.06748,0.06771,0.06752,0.06876,0.06762,0.06856,0.06752,0.06879,0.06762,0.06856,0.06712,0.06796,0.06721,0.06815,0.06794,0.07048,0.06834,0.06943,0.06794,0.07007,0.06834,0.06984,0.06722,0.06931,0.06759,0.06962
21,0.05838,0.05961,0.05821,0.05896,0.05597,0.05694,0.05569,0.05635,0.05536,0.05631,0.05506,0.05573,0.05587,0.05663,0.0556,0.05603,0.0556,0.05633,0.05532,0.05574,0.05487,0.0558,0.05456,0.05522,0.06377,0.0647,0.06302,0.06365,0.06827,0.06886,0.06836,0.0678,0.06804,0.07062,0.06813,0.06995,0.06928,0.07073,0.06984,0.07066,0.06983,0.07078,0.06994,0.07,0.07012,0.07116,0.07001,0.07065,0.06909,0.0706,0.0692,0.06904,0.06853,0.07052,0.06785,0.06876,0.06931,0.07079,0.06905,0.06956
22,0.06248,0.06375,0.06238,0.06308,0.06496,0.06606,0.06488,0.06544,0.0652,0.06633,0.06514,0.06571,0.0662,0.06741,0.06618,0.06677,0.06587,0.06714,0.06583,0.0665,0.06535,0.0665,0.0653,0.06587,0.06658,0.06778,0.06656,0.06714,0.05694,0.05785,0.05645,0.05719,0.05979,0.06057,0.0596,0.0599,0.0594,0.06061,0.05964,0.05971,0.05978,0.06056,0.05981,0.0601,0.05978,0.06079,0.0596,0.05989,0.05977,0.0601,0.05958,0.05987,0.05955,0.05989,0.05936,0.05944,0.05993,0.0601,0.05975,0.05983
23,0.06303,0.06431,0.06293,0.06363,0.06169,0.06272,0.06151,0.0621,0.06194,0.06299,0.06176,0.06237,0.06234,0.06346,0.06219,0.06282,0.06201,0.0631,0.06184,0.06246,0.06158,0.06265,0.0614,0.06202,0.06281,0.06393,0.06266,0.06329,0.04708,0.04721,0.04639,0.0468,0.04943,0.05005,0.04885,0.04953,0.04949,0.04998,0.0489,0.04946,0.04948,0.04998,0.0489,0.04945,0.04948,0.04998,0.0489,0.04945,0.04943,0.04992,0.04885,0.04941,0.04921,0.04968,0.04849,0.04917,0.04918,0.04965,0.04859,0.04914
24,0.06303,0.06431,0.06293,0.06363,0.06169,0.06272,0.06151,0.0621,0.06194,0.06299,0.06176,0.06237,0.06234,0.06346,0.06219,0.06282,0.06201,0.0631,0.06184,0.06246,0.06158,0.06265,0.0614,0.06202,0.06281,0.06393,0.06266,0.06329,0.04708,0.04721,0.04639,0.0468,0.04943,0.05005,0.04885,0.04953,0.04951,0.05001,0.04893,0.04949,0.04951,0.05001,0.04893,0.04948,0.04951,0.05001,0.04893,0.04948,0.04948,0.04998,0.0489,0.04946,0.04931,0.04979,0.04855,0.04927,0.04918,0.04965,0.04859,0.04914
25,0.11561,0.11812,0.11718,0.11742,0.15639,0.15995,0.15798,0.1578,0.16022,0.16381,0.16311,0.1629,0.15845,0.16102,0.1612,0.16116,0.15845,0.16221,0.16157,0.16161,0.15934,0.16201,0.16268,0.16125,0.15969,0.16246,0.16273,0.16259,0.1593,0.16292,0.16231,0.16219,0.16013,0.16365,0.16316,0.16287,0.15803,0.16252,0.16083,0.16055,0.15842,0.16283,0.16123,0.16094,0.15764,0.16219,0.16059,0.16023,0.16037,0.16523,0.16342,0.16325,0.15983,0.16461,0.16285,0.16284,0.16008,0.16522,0.16311,0.16323
26,0.07322,0.07369,0.07346,0.07366,0.07359,0.07365,0.07385,0.07362,0.07318,0.07324,0.07342,0.0732,0.05615,0.05849,0.05782,0.05687,0.05422,0.05554,0.05481,0.05491,0.04032,0.04069,0.03995,0.0409,0.03543,0.03534,0.0344,0.03452,0.03543,0.03534,0.0344,0.03452,0.03629,0.03622,0.03528,0.03586,0.03659,0.03702,0.0361,0.03619,0.03621,0.03663,0.0352,0.0358,0.0358,0.03622,0.03477,0.03538,0.03588,0.03581,0.03486,0.03545,0.0367,0.03663,0.03571,0.03628,0.03629,0.03622,0.03528,0.03586
27,0.06934,0.06968,0.06945,0.06966,0.06915,0.06966,0.06984,0.06963,0.06966,0.069,0.06918,0.06898,0.04192,0.04109,0.04108,0.04141,0.04097,0.04012,0.03955,0.04045,0.0339,0.03358,0.0328,0.0333,0.0308,0.03051,0.02959,0.03018,0.0308,0.03051,0.02959,0.03018,0.0305,0.03021,0.02928,0.02988,0.0313,0.03101,0.03011,0.03069,0.03091,0.03063,0.02971,0.0303,0.0305,0.03021,0.02928,0.02988,0.03009,0.0298,0.02886,0.02947,0.03091,0.03063,0.02971,0.0303,0.0305,0.03022,0.02929,0.02989
28,0.02802,0.02777,0.02671,0.02759,0.02901,0.02836,0.02716,0.02761,0.02836,0.02884,0.02765,0.02751,0.02671,0.0262,0.02536,0.02593,0.0268,0.0263,0.02545,0.02602,0.02578,0.02529,0.0244,0.025,0.0253,0.02481,0.0239,0.02451,0.0253,0.02481,0.0239,0.02451,0.02555,0.02505,0.02415,0.02476,0.02565,0.02516,0.02426,0.02487,0.02565,0.02516,0.02426,0.02487,0.02563,0.02514,0.02423,0.02484,0.02563,0.02514,0.02423,0.0243,0.02563,0.02514,0.02423,0.02484,0.02563,0.02514,0.02423,0.0243
29,0.02711,0.02684,0.02579,0.02666,0.02755,0.02686,0.02623,0.02668,0.02746,0.02677,0.02614,0.02659,0.02091,0.0201,0.01938,0.01991,0.02092,0.02011,0.01939,0.01992,0.02003,0.01922,0.01847,0.01902,0.01961,0.0188,0.01803,0.01859,0.01961,0.0188,0.01803,0.01859,0.01953,0.01871,0.01794,0.01851,0.01963,0.01882,0.01805,0.01861,0.01963,0.01882,0.01805,0.01861,0.01963,0.01882,0.01805,0.01861,0.01963,0.01882,0.01805,0.01861,0.01963,0.01882,0.01805,0.01861,0.01963,0.01882,0.01805,0.01861
30,0.02711,0.02684,0.02579,0.02666,0.02755,0.02686,0.02623,0.02668,0.02746,0.02677,0.02614,0.02659,0.01969,0.01879,0.01815,0.01864,0.01967,0.01877,0.01813,0.01862,0.01878,0.01788,0.01721,0.01772,0.01834,0.01744,0.01676,0.01728,0.01834,0.01744,0.01676,0.01728,0.0186,0.01771,0.01701,0.01754,0.01868,0.0178,0.0171,0.01763,0.0187,0.01782,0.01711,0.01765,0.0187,0.01782,0.01711,0.01765,0.0187,0.01782,0.01711,0.01765,0.0187,0.01782,0.01711,0.01765,0.0187,0.01782,0.01711,0.01765
31,0.02711,0.02684,0.02579,0.02666,0.02755,0.02686,0.02623,0.02668,0.02746,0.02677,0.02614,0.02659,0.01905,0.01813,0.01749,0.01798,0.01903,0.01811,0.01747,0.01797,0.01878,0.01788,0.01721,0.01772,0.01815,0.01723,0.01656,0.01708,0.01834,0.01744,0.01676,0.01728,0.01838,0.01748,0.01679,0.01732,0.01825,0.01734,0.01666,0.01718,0.01827,0.01736,0.01667,0.0172,0.01827,0.01736,0.01667,0.0172,0.01827,0.01736,0.01667,0.0172,0.01827,0.01736,0.01667,0.0172,0.01827,0.01736,0.01667,0.0172
32,0.02711,0.02684,0.02579,0.02666,0.02755,0.02686,0.02623,0.02668,0.02746,0.02677,0.02614,0.02659,0.01905,0.01813,0.01749,0.01798,0.01903,0.01811,0.01747,0.01797,0.01858,0.01767,0.01701,0.01752,0.01815,0.01723,0.01656,0.01708,0.01815,0.01723,0.01656,0.01708,0.01838,0.01748,0.01679,0.01732,0.01825,0.01734,0.01666,0.01718,0.01827,0.01736,0.01667,0.0172,0.01827,0.01736,0.01667,0.0172,0.01827,0.01736,0.01667,0.0172,0.01812,0.0172,0.01652,0.01704,0.01827,0.01736,0.01667,0.0172
33,0.02711,0.02684,0.02579,0.02666,0.02755,0.02686,0.02623,0.02668,0.02746,0.02677,0.02614,0.02659,0.01818,0.01719,0.0166,0.01707,0.01816,0.01717,0.01658,0.01705,0.01781,0.01682,0.01621,0.0167,0.01737,0.01639,0.01576,0.01626,0.01737,0.01639,0.01576,0.01626,0.01694,0.01592,0.01531,0.0158,0.01692,0.0159,0.01529,0.01578,0.01694,0.01592,0.01531,0.0158,0.01694,0.01592,0.01531,0.0158,0.01694,0.01592,0.01531,0.0158,0.01694,0.01592,0.01531,0.0158,0.01694,0.01592,0.01531,0.0158
34,0.02711,0.02684,0.02579,0.02666,0.02755,0.02686,0.02623,0.02668,0.02746,0.02677,0.02614,0.02659,0.01511,0.0138,0.01343,0.01379,0.01511,0.0138,0.01343,0.01379,0.01476,0.01345,0.01306,0.01344,0.01432,0.01302,0.01261,0.013,0.01432,0.01302,0.01261,0.013,0.01379,0.01244,0.01205,0.01243,0.01379,0.01244,0.01205,0.01243,0.01371,0.01235,0.01197,0.01235,0.01385,0.0125,0.01211,0.01249,0.01385,0.0125,0.01211,0.01249,0.01385,0.0125,0.01211,0.01249,0.01385,0.0125,0.01211,0.01249
35,0.01982,0.01882,0.01831,0.01869,0.02001,0.0189,0.01853,0.0189,0.02008,0.01895,0.01859,0.01897,0.01407,0.01269,0.01236,0.01271,0.01409,0.01267,0.01238,0.01268,0.01413,0.01279,0.01242,0.0128,0.01416,0.0128,0.01247,0.01285,0.01413,0.01277,0.01242,0.01278,0.01383,0.01251,0.01212,0.01253,0.01386,0.01247,0.01216,0.01247,0.01375,0.01235,0.01203,0.01235,0.01392,0.0125,0.01222,0.01253,0.01385,0.0125,0.01213,0.0125,0.01133,0.00969,0.00952,0.00978,0.01044,0.0087,0.00859,0.00883
36,0.02319,0.02126,0.02203,0.02193,0.0234,0.02152,0.02231,0.02208,0.02356,0.02167,0.02249,0.0222,0.02382,0.02191,0.02273,0.02243,0.024,0.0221,0.02292,0.02259,0.02421,0.02251,0.02313,0.02281,0.02421,0.02232,0.02292,0.02299,0.02397,0.02211,0.02273,0.02262,0.02402,0.02215,0.02299,0.02265,0.02387,0.02173,0.02288,0.02236,0.02369,0.0217,0.02268,0.02235,0.02316,0.02159,0.02209,0.02209,0.0232,0.02132,0.02214,0.02181,0.02225,0.0206,0.02099,0.02107,0.01359,0.01175,0.01192,0.01194
37,0.01593,0.01423,0.01446,0.01461,0.01626,0.01435,0.01489,0.01479,0.01607,0.0144,0.01467,0.0149,0.01534,0.01359,0.01389,0.01384,0.01487,0.01316,0.01342,0.01341,0.01615,0.01472,0.01461,0.01521,0.01571,0.01368,0.0143,0.01427,0.0162,0.01422,0.01459,0.01471,0.01592,0.01395,0.01446,0.01412,0.01562,0.01414,0.01426,0.01453,0.0159,0.01422,0.01453,0.01489,0.01545,0.01396,0.01377,0.01472,0.01618,0.01439,0.01436,0.01477,0.01605,0.01455,0.01453,0.01494,0.01576,0.01481,0.01526,0.01425
38,0.07063,0.07109,0.07135,0.07141,0.07115,0.07151,0.07208,0.07247,0.0713,0.07156,0.07204,0.07174,0.06983,0.07011,0.07059,0.07005,0.06931,0.07022,0.07036,0.07056,0.07036,0.0711,0.07078,0.07123,0.06886,0.06943,0.06969,0.06961,0.06898,0.07072,0.07016,0.07019,0.07029,0.07105,0.07085,0.07102,0.06929,0.07101,0.06994,0.07068,0.06772,0.06937,0.06813,0.06847,0.06975,0.07086,0.07133,0.07122,0.07113,0.07209,0.07249,0.07235,0.07086,0.07177,0.07103,0.07185,0.07209,0.07046,0.07187,0.07249
39,0.05537,0.05276,0.05551,0.05402,0.04483,0.04381,0.04324,0.04419,0.04573,0.04549,0.04534,0.04584,0.04542,0.04443,0.04465,0.04445,0.04463,0.04208,0.04419,0.04402,0.04446,0.04449,0.04371,0.04394,0.04345,0.04445,0.04424,0.04437,0.04437,0.04402,0.04347,0.0439,0.04384,0.04262,0.0438,0.04284,0.04428,0.0429,0.04394,0.04317,0.04316,0.04172,0.04287,0.04239,0.04307,0.04225,0.04294,0.04229,0.04455,0.04367,0.04369,0.04374,0.04358,0.04283,0.0432,0.04279,0.04541,0.04185,0.04274,0.04434
40,0.02062,0.01829,0.01932,0.01892,0.01952,0.01711,0.01817,0.01775,0.01952,0.01711,0.01817,0.01775,0.0179,0.01546,0.01647,0.01608,0.01802,0.01558,0.0166,0.0162,0.01786,0.01527,0.01646,0.01592,0.01795,0.01564,0.01654,0.01624,0.01877,0.0165,0.01739,0.01714,0.01784,0.01491,0.01628,0.01594,0.02711,0.02407,0.0262,0.02513,0.02657,0.0241,0.02569,0.02497,0.02691,0.02417,0.02614,0.02531,0.02618,0.02323,0.02559,0.02438,0.02661,0.02488,0.02618,0.02592,0.02666,0.02459,0.02571,0.02577
41,0.02062,0.01829,0.01932,0.01892,0.01952,0.01711,0.01817,0.01775,0.01952,0.01711,0.01817,0.01775,0.0179,0.01546,0.01647,0.01608,0.01802,0.01558,0.0166,0.0162,0.01786,0.01527,0.01646,0.01592,0.01795,0.01564,0.01654,0.01624,0.01877,0.0165,0.01739,0.01714,0.02227,0.0199,0.02099,0.02059,0.02602,0.02379,0.025,0.02465,0.02583,0.02336,0.02479,0.02422,0.02616,0.02371,0.025,0.02442,0.02596,0.02336,0.02494,0.02408,0.02318,0.0207,0.02222,0.02151,0.0233,0.02071,0.02224,0.02151
42,0.02062,0.01829,0.01932,0.01892,0.01952,0.01711,0.01817,0.01775,0.01952,0.01711,0.01817,0.01775,0.0179,0.01546,0.01647,0.01608,0.01802,0.01558,0.0166,0.0162,0.01786,0.01527,0.01646,0.01592,0.01795,0.01564,0.01654,0.01624,0.01877,0.0165,0.01739,0.01714,0.02227,0.0199,0.02099,0.02059,0.02602,0.02379,0.025,0.02465,0.02583,0.0233,0.02473,0.02422,0.0261,0.02365,0.025,0.02436,0.02596,0.02336,0.02494,0.02408,0.02318,0.0207,0.02222,0.02151,0.0233,0.02071,0.02224,0.02151
43,0.02062,0.01829,0.01932,0.01892,0.01952,0.01711,0.01817,0.01775,0.01952,0.01711,0.01817,0.01775,0.0179,0.01546,0.01647,0.01608,0.01802,0.01558,0.0166,0.0162,0.01786,0.01527,0.01646,0.01592,0.01795,0.01564,0.01654,0.01624,0.01877,0.0165,0.01739,0.01714,0.02227,0.0199,0.02099,0.02059,0.02602,0.02379,0.025,0.02465,0.02583,0.0233,0.02473,0.02422,0.0261,0.02359,0.02494,0.02436,0.02591,0.0233,0.02494,0.02402,0.02318,0.0207,0.02222,0.02151,0.0233,0.02071,0.02224,0.02151
44,0.02062,0.01829,0.01932,0.01892,0.01952,0.01711,0.01817,0.01775,0.01952,0.01711,0.01817,0.01775,0.0179,0.01546,0.01647,0.01608,0.01802,0.01558,0.0166,0.0162,0.01786,0.01527,0.01646,0.01592,0.01795,0.01564,0.01654,0.01624,0.01877,0.0165,0.01739,0.01714,0.02227,0.0199,0.02099,0.02059,0.02602,0.02379,0.025,0.02465,0.02583,0.0233,0.02473,0.02422,0.0261,0.02359,0.02494,0.02436,0.0259,0.0233,0.02494,0.02401,0.02318,0.0207,0.02222,0.02151,0.0233,0.02071,0.02224,0.02151
45,0.02062,0.01829,0.01932,0.01892,0.01952,0.01711,0.01817,0.01775,0.01952,0.01711,0.01817,0.01775,0.0179,0.01546,0.01647,0.01608,0.01802,0.01558,0.0166,0.0162,0.01786,0.01527,0.01646,0.01592,0.01795,0.01564,0.01654,0.01624,0.01877,0.0165,0.01739,0.01714,0.02227,0.0199,0.02099,0.02059,0.02602,0.02379,0.025,0.02465,0.02583,0.0233,0.02473,0.02422,0.0261,0.02359,0.02494,0.02436,0.0259,0.0233,0.02494,0.02401,0.02318,0.0207,0.02222,0.02151,0.0233,0.02071,0.02224,0.02151
46,0.02062,0.01829,0.01932,0.01892,0.01952,0.01711,0.01817,0.01775,0.01952,0.01711,0.01817,0.01775,0.0179,0.01546,0.01647,0.01608,0.01802,0.01558,0.0166,0.0162,0.01786,0.01527,0.01646,0.01592,0.01795,0.01564,0.01654,0.01624,0.01877,0.0165,0.01739,0.01714,0.02227,0.0199,0.02099,0.02059,0.02602,0.02379,0.025,0.02465,0.02583,0.02336,0.02479,0.02422,0.02616,0.02371,0.025,0.02442,0.02596,0.02336,0.02494,0.02408,0.02318,0.0207,0.02222,0.02151,0.0233,0.02071,0.02224,0.02151
47,0.02062,0.01829,0.01932,0.01892,0.01952,0.01711,0.01817,0.01775,0.01952,0.01711,0.01817,0.01775,0.0179,0.01546,0.01647,0.01608,0.01802,0.01558,0.0166,0.0162,0.01786,0.01527,0.01646,0.01592,0.01795,0.01564,0.01654,0.01624,0.01877,0.0165,0.01739,0.01714,0.02227,0.0199,0.02099,0.02059,0.02602,0.02379,0.025,0.02465,0.02583,0.02336,0.02479,0.02422,0.02616,0.02371,0.025,0.02442,0.02596,0.02336,0.02494,0.02408,0.02318,0.0207,0.02222,0.02151,0.0233,0.02071,0.02224,0.02151
48,0.02062,0.01829,0.01932,0.01892,0.01952,0.01711,0.01817,0.01775,0.01952,0.01711,0.01817,0.01775,0.0179,0.01546,0.01647,0.01608,0.01802,0.01558,0.0166,0.0162,0.01786,0.01527,0.01646,0.01592,0.01795,0.01564,0.01654,0.01624,0.01877,0.0165,0.01739,0.01714,0.02128,0.01903,0.02019,0.0195,0.02591,0.02356,0.02488,0.02454,0.02566,0.02302,0.02462,0.02394,0.02594,0.02348,0.02471,0.0242,0.02585,0.02336,0.02494,0.02408,0.02017,0.01833,0.01883,0.01883,0.02007,0.01736,0.01879,0.01809
49,0.02062,0.01829,0.01932,0.01892,0.01952,0.01711,0.01817,0.01775,0.01952,0.01711,0.01817,0.01775,0.0179,0.01546,0.01647,0.01608,0.01802,0.01558,0.0166,0.0162,0.01786,0.01527,0.01646,0.01592,0.01795,0.01564,0.01654,0.01624,0.01877,0.0165,0.01739,0.01714,0.0199,0.01705,0.01833,0.01801,0.02614,0.02366,0.02542,0.02459,0.02624,0.02344,0.02563,0.02463,0.02662,0.02372,0.02578,0.0248,0.02632,0.02297,0.02548,0.02431,0.02312,0.02086,0.02211,0.02135,0.02344,0.02125,0.02217,0.02246
50,0.01202,0.00929,0.01034,0.00985,0.00953,0.0069,0.00774,0.00745,0.01013,0.00751,0.00837,0.00807,0.01182,0.00925,0.01013,0.00982,0.01245,0.00992,0.01077,0.01035,0.01372,0.01066,0.01196,0.01165,0.01416,0.0116,0.0124,0.01226,0.01495,0.01307,0.01358,0.01345,0.02635,0.02441,0.02535,0.02496,0.02144,0.01924,0.01988,0.01948,0.02165,0.0195,0.02077,0.02042,0.02155,0.01879,0.02068,0.01973,0.02161,0.01892,0.02129,0.01984,0.02147,0.01852,0.02079,0.02009,0.02176,0.01863,0.02067,0.01922
51,0.01102,0.00848,0.00929,0.00902,0.01005,0.00746,0.00828,0.008,0.01048,0.00776,0.00872,0.00829,0.01172,0.00936,0.01001,0.00989,0.01272,0.01035,0.01118,0.01089,0.0132,0.01034,0.01142,0.01112,0.0134,0.01075,0.01173,0.01132,0.01487,0.01279,0.0135,0.01338,0.02734,0.02577,0.02635,0.02595,0.02206,0.0196,0.02083,0.02035,0.02132,0.01926,0.0204,0.02011,0.02182,0.01912,0.02084,0.02006,0.02181,0.01917,0.02069,0.02011,0.02159,0.01852,0.02052,0.01926,0.02209,0.01922,0.02066,0.02004
52,0.014,0.01164,0.01239,0.01216,0.01043,0.00786,0.00866,0.00839,0.01041,0.00786,0.00865,0.00839,0.01308,0.01066,0.01142,0.01116,0.01309,0.01062,0.01143,0.01115,0.0134,0.01076,0.01179,0.01118,0.01392,0.01237,0.01245,0.01256,0.01499,0.01297,0.01344,0.01328,0.02553,0.02232,0.02484,0.02389,0.02496,0.02251,0.02407,0.02302,0.0238,0.02247,0.0229,0.02222,0.02415,0.02219,0.02339,0.02256,0.02432,0.02232,0.02431,0.02282,0.02475,0.02325,0.02337,0.02363,0.02366,0.02305,0.02321,0.02288
53,0.07276,0.07347,0.07363,0.07362,0.07443,0.07497,0.07537,0.07535,0.07443,0.07497,0.07537,0.07535,0.07359,0.07409,0.07449,0.07447,0.07332,0.07438,0.07421,0.07476,0.07389,0.07439,0.07481,0.07478,0.07443,0.07496,0.07537,0.07535,0.07331,0.07359,0.07421,0.07418,0.0721,0.07249,0.07294,0.07288,0.07201,0.07241,0.07286,0.0728,0.07184,0.07222,0.07267,0.07261,0.07192,0.07231,0.07276,0.0727,0.07189,0.07227,0.07273,0.07266,0.07189,0.07227,0.07273,0.07266,0.0718,0.07219,0.07264,0.07258
54,0.06589,0.06619,0.06636,0.06645,0.06671,0.06704,0.0672,0.0673,0.06657,0.0669,0.06706,0.06716,0.06516,0.06543,0.06559,0.06569,0.06206,0.06226,0.06231,0.06246,0.06189,0.06209,0.0619,0.06228,0.06206,0.06226,0.06231,0.06246,0.06182,0.06224,0.06206,0.06221,0.06151,0.06169,0.06173,0.06188,0.06151,0.06146,0.06173,0.06165,0.06129,0.06146,0.0615,0.06188,0.0619,0.06164,0.06215,0.06183,0.06441,0.06493,0.06476,0.06514,0.06441,0.06471,0.06476,0.06491,0.06485,0.06471,0.06522,0.06491
55,0.05345,0.05331,0.05337,0.05351,0.05309,0.05296,0.05299,0.05315,0.05342,0.0533,0.05334,0.05349,0.04102,0.04016,0.03906,0.0393,0.04407,0.04477,0.04364,0.04467,0.0433,0.04348,0.04255,0.04331,0.04327,0.04305,0.0435,0.04374,0.04433,0.04398,0.04317,0.04431,0.04531,0.04435,0.04321,0.04433,0.04517,0.04543,0.04419,0.04482,0.04467,0.04397,0.04396,0.04431,0.04409,0.04494,0.04363,0.04484,0.04409,0.04482,0.0442,0.04526,0.04404,0.04389,0.04431,0.04455,0.04413,0.04353,0.04327,0.04408
56,0.04157,0.04101,0.04103,0.0412,0.0422,0.04168,0.04168,0.04186,0.04205,0.04168,0.04153,0.04186,0.02754,0.02761,0.02644,0.02701,0.03976,0.0397,0.03905,0.03981,0.03954,0.03934,0.03847,0.03945,0.03869,0.03807,0.03852,0.03893,0.0401,0.03942,0.03914,0.03989,0.03918,0.03843,0.03765,0.0381,0.03898,0.03895,0.03848,0.0386,0.03956,0.03868,0.03895,0.0388,0.03901,0.03884,0.03827,0.03875,0.03876,0.03883,0.03791,0.03884,0.03864,0.03826,0.03885,0.03871,0.03944,0.0389,0.03843,0.03885
57,0.04119,0.04061,0.04064,0.0408,0.04205,0.04136,0.04153,0.04154,0.04135,0.04077,0.0408,0.04097,0.02172,0.01978,0.02039,0.02012,0.02718,0.02603,0.02606,0.02645,0.02758,0.02616,0.02643,0.02638,0.0273,0.02612,0.0264,0.02633,0.02707,0.02553,0.02619,0.02583,0.0286,0.02757,0.02754,0.02773,0.0283,0.02733,0.02722,0.0274,0.02851,0.02732,0.02769,0.02738,0.02844,0.02773,0.02737,0.02765,0.02844,0.02732,0.02736,0.02756,0.02831,0.02691,0.02723,0.02766,0.02819,0.02759,0.02702,0.02777
58,0.033,0.03278,0.03313,0.03302,0.0357,0.03435,0.03494,0.0364,0.03497,0.03444,0.03476,0.03483,0.01758,0.01553,0.01715,0.01593,0.01457,0.01176,0.01363,0.01343,0.0142,0.0124,0.01274,0.01259,0.01431,0.01251,0.01294,0.01295,0.01459,0.01288,0.0132,0.01331,0.01674,0.01432,0.01552,0.01559,0.01682,0.01431,0.01505,0.01514,0.01579,0.01408,0.01423,0.01504,0.01763,0.01439,0.01629,0.01602,0.01828,0.01545,0.01754,0.01664,0.01843,0.01642,0.01683,0.01794,0.01787,0.01531,0.01663,0.01659
59,0.03101,0.03002,0.02971,0.02999,0.03163,0.03002,0.0304,0.03083,0.03076,0.02972,0.02985,0.02971,0.01684,0.01364,0.01503,0.01532,0.01519,0.0128,0.01428,0.01443,0.01555,0.01348,0.01399,0.01383,0.01668,0.01444,0.0151,0.01494,0.01587,0.01439,0.01479,0.01501,0.01428,0.01114,0.01304,0.0123,0.01337,0.01043,0.01176,0.0117,0.01346,0.0116,0.01206,0.01174,0.01445,0.0121,0.01324,0.01281,0.01552,0.01259,0.0138,0.01342,0.01492,0.01254,0.01345,0.01307,0.0149,0.01332,0.01357,0.01375
60,0.023,0.02083,0.02189,0.02149,0.0227,0.02057,0.02158,0.02121,0.02272,0.02056,0.02159,0.02127,0.02208,0.01976,0.02083,0.02063,0.0217,0.01896,0.0205,0.02008,0.02202,0.01986,0.02083,0.02066,0.02186,0.01961,0.02075,0.02035,0.02186,0.01971,0.02062,0.02022,0.02211,0.01982,0.02081,0.02026,0.02261,0.02019,0.02143,0.02091,0.02177,0.01976,0.02055,0.02079,0.02199,0.01957,0.02051,0.02031,0.02194,0.01953,0.02033,0.0202,0.02172,0.01943,0.02052,0.02003,0.02179,0.01947,0.02052,0.02013
61,0.02121,0.01935,0.02002,0.02013,0.02099,0.01915,0.0197,0.01979,0.02099,0.01898,0.01979,0.01936,0.02063,0.01868,0.01942,0.01924,0.02071,0.01868,0.0194,0.01921,0.02034,0.01802,0.0193,0.0187,0.02073,0.01819,0.01952,0.01881,0.01998,0.01829,0.01878,0.01824,0.02041,0.01869,0.01907,0.01905,0.02097,0.01901,0.02022,0.01972,0.02118,0.01926,0.02002,0.01973,0.02102,0.01927,0.01989,0.01974,0.02103,0.0186,0.01977,0.0191,0.02098,0.01939,0.01955,0.01984,0.02037,0.0191,0.01943,0.01923
62,0.01625,0.01449,0.01488,0.01488,0.01574,0.014,0.01435,0.01443,0.01616,0.01421,0.01456,0.01462,0.01539,0.01395,0.01446,0.01426,0.01573,0.01407,0.01464,0.01427,0.01562,0.0137,0.0143,0.01416,0.01603,0.0141,0.01478,0.01436,0.01614,0.01437,0.01466,0.0151,0.01567,0.01392,0.01434,0.01396,0.01582,0.01429,0.01433,0.01454,0.01602,0.01403,0.01472,0.01502,0.01555,0.01419,0.01406,0.0147,0.0159,0.01408,0.01452,0.01445,0.01611,0.01434,0.01466,0.01488,0.01914,0.01705,0.01804,0.01761
63,0.01102,0.00874,0.00948,0.00951,0.01117,0.00861,0.00954,0.00957,0.01149,0.00927,0.00986,0.00973,0.01151,0.00839,0.0097,0.0091,0.01153,0.00912,0.01009,0.00984,0.01163,0.00912,0.01016,0.01004,0.01137,0.00911,0.00973,0.01021,0.0124,0.00935,0.01019,0.01045,0.01825,0.01621,0.01792,0.01691,0.01636,0.0151,0.01491,0.01542,0.01599,0.01271,0.01487,0.0147,0.01983,0.01822,0.01813,0.0187,0.01902,0.01636,0.01713,0.01618,0.02042,0.01709,0.01884,0.01775,0.02004,0.01837,0.01874,0.01942
64,0.02387,0.02142,0.02295,0.02129,0.02524,0.02279,0.02377,0.02339,0.02526,0.02339,0.0244,0.02341,0.02458,0.0209,0.02335,0.02244,0.02463,0.02139,0.02322,0.02288,0.02222,0.0202,0.02194,0.02132,0.0234,0.02068,0.02173,0.02177,0.01586,0.01398,0.01395,0.01438,0.01604,0.01216,0.01374,0.01345,0.01553,0.01313,0.01386,0.01471,0.01634,0.01304,0.01478,0.01398,0.02142,0.01827,0.02038,0.01928,0.02308,0.02003,0.02169,0.0193,0.0214,0.01985,0.02103,0.02089,0.02338,0.02123,0.02228,0.02225
65,0.02141,0.01866,0.02056,0.01963,0.02181,0.0199,0.02032,0.02032,0.02173,0.01922,0.01997,0.01943,0.02193,0.01892,0.02092,0.01981,0.02211,0.02012,0.02128,0.02045,0.02411,0.02117,0.02288,0.02237,0.02469,0.02164,0.02397,0.02304,0.03503,0.03314,0.03495,0.03466,0.03668,0.03454,0.03669,0.03528,0.035,0.03363,0.03455,0.0341,0.03653,0.03422,0.03603,0.03435,0.03512,0.03246,0.03503,0.03387,0.03398,0.03239,0.03393,0.03305,0.03437,0.03214,0.03418,0.03204,0.03358,0.03147,0.0337,0.03158
66,0.02383,0.02215,0.0229,0.02284,0.0242,0.02192,0.02294,0.02268,0.02423,0.02208,0.02311,0.02277,0.02411,0.02237,0.0229,0.0228,0.024,0.02213,0.02288,0.02275,0.02433,0.02281,0.02325,0.02311,0.0243,0.02225,0.02302,0.02334,0.02378,0.02223,0.02273,0.02273,0.02466,0.02284,0.02369,0.0237,0.0247,0.02291,0.02367,0.0234,0.02506,0.02332,0.02398,0.02381,0.02347,0.02145,0.02213,0.02219,0.0246,0.02282,0.02277,0.02324,0.023,0.02116,0.02151,0.0217,0.02297,0.02166,0.02134,0.02184
67,0.00529,0.00279,0.00346,0.00333,0.00545,0.00296,0.00362,0.0035,0.00516,0.00266,0.00333,0.0032,0.0053,0.00281,0.00348,0.00334,0.00499,0.00266,0.00315,0.00302,0.00505,0.00272,0.00322,0.00309,0.00506,0.00272,0.00323,0.00309,0.00489,0.00255,0.00288,0.00292,0.00446,0.00211,0.00261,0.00247,0.00619,0.00374,0.00447,0.00417,0.00644,0.00398,0.00472,0.00454,0.00762,0.00589,0.00602,0.00584,0.00705,0.00519,0.00565,0.00542,0.00671,0.00393,0.00441,0.00458,0.00734,0.00485,0.00542,0.00523
68,0.01439,0.01271,0.01309,0.01297,0.01247,0.01026,0.01094,0.01079,0.0126,0.0102,0.01108,0.01079,0.01063,0.00872,0.00924,0.0092,0.01085,0.00866,0.00927,0.00911,0.01123,0.00899,0.00949,0.00941,0.0109,0.00871,0.00934,0.00922,0.01098,0.0086,0.00943,0.00915,0.01114,0.00885,0.00957,0.00944,0.01094,0.00876,0.00942,0.00911,0.01069,0.00862,0.0091,0.00913,0.01109,0.00891,0.0093,0.0094,0.01176,0.00878,0.01008,0.00946,0.01777,0.01528,0.01439,0.01546,0.0104,0.00808,0.00877,0.00859
69,0.01809,0.01632,0.01675,0.01675,0.01862,0.01682,0.01731,0.01728,0.01849,0.01677,0.01724,0.01722,0.0179,0.01631,0.01656,0.01667,0.01805,0.01647,0.01672,0.01681,0.01789,0.01628,0.01655,0.01664,0.0178,0.01617,0.01646,0.01653,0.01789,0.0163,0.01655,0.01679,0.01853,0.01672,0.01718,0.01723,0.01828,0.01653,0.01695,0.01702,0.01811,0.01638,0.01675,0.01686,0.01808,0.01634,0.01675,0.0167,0.01845,0.01681,0.01675,0.01727,0.01856,0.0166,0.01701,0.01698,0.01827,0.01634,0.01661,0.01705
70,0.01803,0.01632,0.01669,0.01675,0.01856,0.01682,0.01724,0.01722,0.01856,0.01677,0.01731,0.01722,0.0179,0.01631,0.01656,0.01667,0.01805,0.01647,0.01672,0.01681,0.01789,0.01628,0.01655,0.01664,0.0178,0.01617,0.01646,0.01653,0.01789,0.0163,0.01655,0.01679,0.01857,0.01683,0.01727,0.01737,0.0184,0.01662,0.01711,0.01729,0.01824,0.01649,0.01691,0.01713,0.01801,0.01644,0.01682,0.01691,0.01836,0.01682,0.0167,0.0174,0.01848,0.01659,0.01692,0.01706,0.01819,0.01644,0.01665,0.01713
71,0.01803,0.01632,0.01669,0.01675,0.01856,0.01682,0.01724,0.01722,0.01843,0.01677,0.01717,0.01722,0.0179,0.01631,0.01656,0.01667,0.01805,0.01647,0.01672,0.01681,0.01789,0.01628,0.01655,0.01664,0.0178,0.01617,0.01646,0.01653,0.01789,0.01628,0.01655,0.01676,0.0185,0.01669,0.0172,0.01721,0.0183,0.01643,0.0169,0.01709,0.01807,0.01647,0.01677,0.0171,0.018,0.01644,0.01668,0.01691,0.01823,0.0167,0.01666,0.01717,0.01845,0.01656,0.01675,0.01703,0.01819,0.01644,0.01665,0.01713
72,0.01625,0.01454,0.01488,0.01492,0.01561,0.01369,0.01443,0.0142,0.01581,0.01396,0.01442,0.01438,0.01574,0.01414,0.01472,0.01458,0.01593,0.01408,0.0147,0.01461,0.016,0.01413,0.01463,0.01428,0.01607,0.01431,0.01482,0.01469,0.01625,0.01451,0.01479,0.01504,0.01541,0.01402,0.01421,0.01436,0.0158,0.01424,0.01444,0.01444,0.01625,0.01413,0.01501,0.01491,0.01581,0.01439,0.01467,0.0148,0.01577,0.01364,0.01437,0.01418,0.01782,0.01577,0.01597,0.01653,0.0208,0.01755,0.01968,0.01901
73,0.01625,0.01454,0.01488,0.01492,0.01404,0.01181,0.01251,0.01231,0.01369,0.01206,0.01229,0.01225,0.01182,0.0095,0.01034,0.01011,0.01179,0.00946,0.01025,0.0099,0.01163,0.00929,0.01008,0.0098,0.01167,0.00948,0.01007,0.01004,0.01198,0.00991,0.0106,0.01035,0.01191,0.00953,0.01037,0.01024,0.01187,0.00946,0.01045,0.01003,0.01192,0.00967,0.01044,0.01031,0.01169,0.00957,0.0101,0.00998,0.01161,0.00965,0.01017,0.00997,0.01931,0.01727,0.01718,0.01778,0.01689,0.01326,0.0147,0.01469
74,0.01008,0.0075,0.00842,0.00813,0.00981,0.00739,0.00814,0.00765,0.00983,0.00722,0.00816,0.00785,0.01007,0.00752,0.00839,0.00812,0.00992,0.00739,0.00824,0.008,0.00977,0.0072,0.00811,0.00779,0.00986,0.00736,0.0082,0.00794,0.01021,0.00769,0.00858,0.0083,0.01232,0.00967,0.01093,0.01015,0.0209,0.01879,0.01951,0.01939,0.02019,0.01795,0.01883,0.01834,0.02102,0.01978,0.02003,0.01961,0.02127,0.01895,0.02003,0.01975,0.02053,0.01839,0.0188,0.01862,0.02071,0.0178,0.01862,0.01853
75,0.03692,0.03524,0.03626,0.03546,0.03632,0.03504,0.03547,0.03498,0.03545,0.03364,0.03474,0.0341,0.03829,0.03623,0.03734,0.03702,0.03731,0.03534,0.03653,0.03622,0.03664,0.03444,0.03599,0.0349,0.03677,0.03473,0.03612,0.03488,0.03682,0.03398,0.03619,0.03444,0.03643,0.03377,0.03554,0.03464,0.03536,0.03354,0.03474,0.0342,0.03585,0.03385,0.03542,0.03482,0.02344,0.02172,0.02228,0.02278,0.02001,0.01661,0.01882,0.01764,0.02065,0.0166,0.01917,0.01838,0.02112,0.01872,0.01938,0.01942
76,0.0376,0.0354,0.03697,0.03614,0.0374,0.03584,0.03657,0.0361,0.03663,0.0344,0.03577,0.03534,0.03829,0.03652,0.03768,0.03735,0.03764,0.03567,0.03724,0.03656,0.03836,0.03636,0.03763,0.03685,0.0377,0.03601,0.03705,0.03659,0.03823,0.03603,0.03746,0.03639,0.03759,0.03594,0.03697,0.03636,0.03755,0.03555,0.03684,0.03629,0.03822,0.03612,0.03771,0.03677,0.02326,0.02158,0.02207,0.02276,0.02149,0.01821,0.01961,0.01903,0.02039,0.01846,0.01897,0.01929,0.02175,0.01868,0.02022,0.02041
77,0.03793,0.03572,0.03731,0.03647,0.03717,0.03575,0.03653,0.03602,0.03634,0.03442,0.03546,0.0352,0.03845,0.03652,0.03768,0.03751,0.03816,0.03599,0.03758,0.03688,0.03836,0.03632,0.03763,0.03702,0.03783,0.03602,0.0372,0.03671,0.03832,0.03606,0.03758,0.03651,0.03759,0.0358,0.03677,0.03636,0.03738,0.03522,0.03667,0.03611,0.03815,0.03594,0.03765,0.03659,0.02255,0.02095,0.02124,0.02229,0.02129,0.01849,0.0198,0.01895,0.02038,0.01858,0.01862,0.01913,0.02176,0.01843,0.01989,0.02009
78,0.03362,0.0319,0.03267,0.03201,0.03307,0.03214,0.03211,0.03168,0.03139,0.0302,0.03087,0.02988,0.03557,0.03294,0.03469,0.03365,0.03462,0.03329,0.03344,0.03388,0.0315,0.03097,0.03158,0.03061,0.03147,0.03046,0.03123,0.03026,0.03095,0.02777,0.02971,0.02853,0.02897,0.0266,0.02816,0.02719,0.03005,0.02701,0.02905,0.02876,0.02973,0.02715,0.02895,0.02861,0.02639,0.02296,0.02556,0.02402,0.02391,0.02198,0.02308,0.02244,0.02481,0.02233,0.02342,0.02287,0.02525,0.02266,0.02417,0.0232
79,0.00529,0.00279,0.00346,0.00333,0.00545,0.00294,0.00363,0.00349,0.0053,0.00262,0.00347,0.00333,0.00561,0.00296,0.00379,0.0035,0.00497,0.00264,0.00314,0.003,0.00495,0.00264,0.00303,0.00289,0.0049,0.00289,0.00318,0.00309,0.0053,0.00255,0.0033,0.00307,0.00465,0.00229,0.0028,0.00265,0.00597,0.00371,0.00425,0.00394,0.00678,0.00435,0.00508,0.00504,0.00582,0.00297,0.0045,0.00383,0.0065,0.00392,0.00565,0.00478,0.00622,0.003,0.0055,0.00441,0.00583,0.00299,0.004,0.00414
80,0.00602,0.00359,0.00404,0.00409,0.00683,0.0044,0.00506,0.00494,0.00674,0.00424,0.00494,0.00482,0.00641,0.00402,0.00461,0.00453,0.0063,0.00397,0.00458,0.00478,0.00606,0.00389,0.00432,0.00408,0.00616,0.00383,0.00455,0.00438,0.00581,0.00378,0.00406,0.00413,0.00594,0.00378,0.00414,0.00402,0.00616,0.00373,0.00436,0.00431,0.00647,0.00418,0.00493,0.00447,0.00899,0.00672,0.00709,0.00713,0.01587,0.01374,0.0126,0.01507,0.00959,0.00721,0.00737,0.00767,0.01069,0.00828,0.00999,0.00909
81,0.03679,0.03401,0.03519,0.03429,0.03473,0.03452,0.03434,0.03301,0.03459,0.03323,0.0338,0.03267,0.01846,0.01547,0.01583,0.01603,0.01367,0.01129,0.01227,0.01191,0.01375,0.01159,0.01208,0.01175,0.01314,0.01094,0.01174,0.01136,0.01387,0.01201,0.0123,0.01245,0.01617,0.01205,0.01297,0.0133,0.01498,0.01333,0.01283,0.01456,0.01707,0.01346,0.01436,0.01442,0.01468,0.01404,0.01412,0.0131,0.01576,0.01356,0.01417,0.01392,0.0162,0.01302,0.01619,0.01385,0.01559,0.01495,0.01414,0.01462
82,0.02062,0.01829,0.01932,0.01892,0.01952,0.01711,0.01817,0.01775,0.01952,0.01711,0.01817,0.01775,0.0179,0.01546,0.01647,0.01608,0.01802,0.01558,0.0166,0.0162,0.01786,0.01527,0.01646,0.01592,0.01795,0.01564,0.01654,0.01624,0.01877,0.0165,0.01739,0.01714,0.02227,0.0199,0.02099,0.02059,0.02602,0.02379,0.025,0.02465,0.02543,0.02295,0.02415,0.02381,0.02576,0.0233,0.02479,0.02401,0.02576,0.02315,0.0245,0.02387,0.02302,0.02065,0.02218,0.02147,0.02326,0.02067,0.02219,0.02142
83,0.00142,-0.00127,-0.00025,-0.00065,0.00221,-0.00077,0.00049,-4e-05,0.00221,-0.00056,0.00057,0.00042,0.00035,-0.00206,-0.00126,-0.00144,0.00217,-0.00046,0.00041,0.00049,0.001,-0.00118,-0.00061,-0.00077,0.0024,-0.0008,0.00067,0.0,0.00128,-0.00117,-8e-05,-0.00021,0.00516,0.00356,0.00422,0.00399,0.00602,0.00334,0.00555,0.00412,0.01091,0.00942,0.00994,0.01025,0.0091,0.00685,0.0067,0.00667,0.01286,0.01035,0.01091,0.01119,0.01148,0.00828,0.00987,0.0103,0.01387,0.01114,0.01063,0.01159
84,0.01678,0.01472,0.01749,0.01615,0.01333,0.01122,0.01314,0.01397,0.01696,0.01179,0.01298,0.01392,0.0296,0.02789,0.02917,0.0289,0.02937,0.02681,0.02867,0.02822,0.02985,0.02855,0.0286,0.02862,0.02947,0.02861,0.03034,0.02919,0.03027,0.02864,0.02903,0.02914,0.04057,0.0402,0.04048,0.04054,0.04097,0.04173,0.04113,0.0422,0.03808,0.04012,0.03855,0.04053,0.0394,0.03857,0.03889,0.03884,0.03944,0.0361,0.03707,0.03759,0.03833,0.0381,0.03865,0.03783,0.03915,0.03907,0.03872,0.03974
85,-0.00101,-0.00421,-0.00298,-0.0035,-0.00527,-0.00917,-0.00723,-0.00805,-0.00377,-0.00791,-0.00592,-0.00704,-0.00243,-0.00717,-0.00412,-0.00585,-0.0028,-0.00591,-0.0046,-0.0054,-0.00284,-0.00563,-0.00447,-0.00517,-0.0023,-0.00571,-0.00409,-0.00479,-0.00269,-0.00605,-0.00512,-0.00441,0.00117,-0.00122,-0.00166,-0.00181,0.01182,0.01006,0.01025,0.00825,0.01892,0.01612,0.01725,0.01589,0.01968,0.01648,0.01881,0.01822,0.02176,0.01975,0.0207,0.02021,0.01996,0.01607,0.02003,0.01666,0.02185,0.01846,0.02135,0.02075
86,-0.00031,-0.00344,-0.00212,-0.00283,-0.00206,-0.00527,-0.00395,-0.00425,-0.00155,-0.00514,-0.00336,-0.00383,-0.00255,-0.0055,-0.00463,-0.00463,-0.00215,-0.00486,-0.00375,-0.00387,-0.00211,-0.00442,-0.00359,-0.0035,0.00015,-0.0028,-0.00143,-0.00227,-0.00093,-0.00404,-0.00282,-0.00296,0.00022,-0.00179,-0.00057,-0.00138,0.00203,-0.00105,0.00146,-0.0003,0.01057,0.00949,0.00932,0.01032,0.00791,0.0074,0.0064,0.00804,0.01291,0.01146,0.01015,0.01133,0.01262,0.01014,0.0103,0.01092,0.01362,0.01056,0.01207,0.01141
87,-0.00119,-0.00533,-0.00288,-0.00403,-0.00087,-0.0042,-0.00266,-0.00342,-0.00077,-0.00449,-0.00259,-0.00321,-0.00114,-0.00439,-0.00302,-0.0034,-0.00226,-0.00539,-0.00466,-0.00456,-0.00159,-0.0055,-0.00392,-0.00441,-0.00151,-0.00469,-0.00329,-0.00376,-0.00256,-0.00629,-0.00432,-0.00502,-0.00223,-0.00515,-0.00337,-0.00364,-0.00581,-0.00934,-0.00772,-0.00794,-0.0032,-0.00696,-0.00526,-0.00666,0.01515,0.01237,0.01381,0.01343,0.01343,0.01174,0.01203,0.01217,0.01419,0.01247,0.01261,0.01341,0.01299,0.01144,0.01202,0.01129
88,-0.00748,-0.01146,-0.00962,-0.01046,-0.00825,-0.01231,-0.0104,-0.01113,-0.00783,-0.01213,-0.01018,-0.01113,-0.0069,-0.01063,-0.00878,-0.00944,-0.00862,-0.01226,-0.01058,-0.01145,-0.00711,-0.01106,-0.00939,-0.01008,-0.00747,-0.01126,-0.00939,-0.01008,-0.00768,-0.01166,-0.00981,-0.01055,-0.00831,-0.01192,-0.01041,-0.01116,-0.009,-0.0131,-0.01119,-0.01192,-0.00813,-0.01197,-0.00977,-0.01125,-0.00431,-0.00774,-0.00718,-0.00736,-0.00297,-0.00613,-0.00564,-0.00342,0.00056,-0.00241,-0.00057,-0.00083,0.01,0.00829,0.00893,0.00924
89,-0.00811,-0.01199,-0.01028,-0.01097,-0.00879,-0.01264,-0.01097,-0.01171,-0.00871,-0.0128,-0.01088,-0.01179,-0.00772,-0.01132,-0.00993,-0.01056,-0.00861,-0.01251,-0.01076,-0.0115,-0.00815,-0.01232,-0.01058,-0.01134,-0.00795,-0.01181,-0.01012,-0.01081,-0.00829,-0.01225,-0.01041,-0.0113,-0.00839,-0.01222,-0.01048,-0.01131,-0.00866,-0.0125,-0.01093,-0.01158,-0.00871,-0.01219,-0.01087,-0.01133,-0.00814,-0.01146,-0.0102,-0.01046,-0.00053,-0.00578,-0.00384,-0.00246,0.01793,0.01455,0.01597,0.01399,0.01597,0.01286,0.01468,0.01395
90,0.01561,0.01383,0.01429,0.01431,0.01563,0.01386,0.01431,0.01433,0.01567,0.0139,0.01435,0.01438,0.01829,0.01678,0.01708,0.01719,0.02171,0.02051,0.02063,0.0206,0.0217,0.02023,0.02022,0.02041,0.01983,0.01887,0.01869,0.01878,0.03141,0.03105,0.03071,0.031,0.0312,0.03097,0.03073,0.03093,0.03126,0.03099,0.03077,0.03093,0.03119,0.03099,0.03067,0.03094,0.03116,0.03102,0.03071,0.03097,0.03113,0.03098,0.03064,0.0309,0.03116,0.03098,0.03066,0.03092,0.03111,0.03078,0.03065,0.03068
91,0.01516,0.01333,0.01382,0.01382,0.0154,0.01361,0.01407,0.01409,0.01544,0.01365,0.01412,0.01413,0.01761,0.01628,0.01637,0.0167,0.02149,0.02026,0.02039,0.02036,0.02178,0.02008,0.02046,0.02043,0.02036,0.01921,0.01916,0.01928,0.03143,0.03107,0.03073,0.03102,0.03132,0.03105,0.03084,0.03099,0.03132,0.03107,0.03083,0.03098,0.03121,0.0311,0.0307,0.03104,0.03116,0.03105,0.03071,0.03097,0.03119,0.03106,0.0307,0.03096,0.03116,0.031,0.03066,0.03092,0.03088,0.03105,0.03041,0.03092
92,-0.00507,-0.00875,-0.00689,-0.00781,-0.00501,-0.00894,-0.00707,-0.00774,-0.00579,-0.00939,-0.00788,-0.00843,-0.00227,-0.0057,-0.00424,-0.00482,0.00123,-0.0015,-0.00022,-0.00029,-0.00582,-0.0092,-0.00784,-0.008,-0.0028,-0.00691,-0.00449,-0.00531,-0.00485,-0.00907,-0.00743,-0.00815,-0.00394,-0.00853,-0.00597,-0.00727,0.00161,-0.00206,-0.00059,-0.00068,-0.00218,-0.00598,-0.00417,-0.00519,-0.0018,-0.00531,-0.00396,-0.00413,-0.00389,-0.00729,-0.00616,-0.00606,-0.00263,-0.00697,-0.00437,-0.00589,-0.00377,-0.00758,-0.00534,-0.00653
93,-0.00189,-0.00621,-0.00382,-0.00533,-0.0047,-0.00845,-0.00673,-0.00752,-0.0033,-0.00711,-0.00528,-0.00636,-0.00103,-0.0048,-0.00308,-0.00394,-0.00413,-0.00746,-0.0062,-0.00686,-0.00122,-0.00521,-0.00338,-0.00436,0.00209,-0.00192,-8e-05,-0.00122,-0.00157,-0.00443,-0.00388,-0.00399,-0.0041,-0.00671,-0.00572,-0.00719,-0.00328,-0.00757,-0.00521,-0.00685,-0.00463,-0.00874,-0.00791,-0.00864,0.00294,0.00054,0.00186,0.0014,0.00356,-0.00041,0.00209,-0.00089,0.00117,-0.00061,9e-05,0.00056,0.00229,-0.00088,0.00028,-0.0012
94,-0.0053,-0.00909,-0.00733,-0.00817,-0.00586,-0.00952,-0.00791,-0.00861,-0.00519,-0.00871,-0.00718,-0.00777,-0.0054,-0.00907,-0.00741,-0.00812,-0.00527,-0.00897,-0.00735,-0.00801,-0.00538,-0.00864,-0.00727,-0.00767,-0.00522,-0.00887,-0.00718,-0.00785,-0.00482,-0.00808,-0.00685,-0.00712,-0.00388,-0.00794,-0.00608,-0.00703,-0.00316,-0.00731,-0.00477,-0.00618,0.00505,0.00161,0.00265,0.00149,0.00225,-0.00168,0.0003,-0.0011,0.00115,-0.00261,-0.00054,-0.0012,-0.00043,-0.00376,-0.00251,-0.00304,-0.0012,-0.004,-0.00265,-0.00362
95,-0.00157,-0.00598,-0.00365,-0.00502,-0.00421,-0.00814,-0.00641,-0.0071,-0.00419,-0.00798,-0.00645,-0.00714,-0.00265,-0.00662,-0.00463,-0.00522,-0.00301,-0.00636,-0.00448,-0.0055,-0.00273,-0.0061,-0.00488,-0.00543,-0.00229,-0.00534,-0.00422,-0.00449,-0.00209,-0.005,-0.00412,-0.00379,-0.00132,-0.00638,-0.00352,-0.00434,0.00085,-0.00048,-0.00013,0.00046,-0.00056,-0.00335,-0.00175,-0.00321,-0.00066,-0.00258,-0.00167,-0.0025,5e-05,-0.00312,-0.0017,-0.00243,-0.00019,-0.00336,-0.0022,-0.00287,0.00036,-0.00256,-0.00231,-0.00096
96,0.01035,0.00746,0.0075,0.00884,0.00226,-0.00162,0.00039,-0.00022,0.00194,-0.00094,0.0001,-0.00013,6e-05,-0.00347,-0.00124,-0.00237,0.00054,-0.00229,-0.00109,-0.00174,0.00107,-0.00202,-0.00077,-0.00107,0.00042,-0.00277,-0.00161,-0.00157,0.00042,-0.00244,-0.00146,-0.0012,0.002,-0.00052,0.0007,0.00056,0.00912,0.00647,0.00694,0.00734,0.0074,0.00534,0.00617,0.00662,0.00892,0.00617,0.00725,0.0072,0.00759,0.0072,0.00541,0.00619,0.00799,0.00618,0.00566,0.00684,0.00849,0.00573,0.0076,0.0056
97,0.02109,0.01901,0.01943,0.01963,0.02684,0.02548,0.02688,0.02677,0.00928,0.0071,0.00782,0.00772,0.00957,0.00748,0.0081,0.00802,0.00966,0.00744,0.00817,0.00803,0.00956,0.00736,0.00811,0.00786,0.00933,0.00744,0.0079,0.00807,0.00941,0.00724,0.00805,0.00783,0.00918,0.00704,0.00783,0.00769,0.00927,0.00699,0.00777,0.00758,0.00978,0.0081,0.0083,0.00868,0.00919,0.00681,0.00808,0.00747,0.01031,0.00804,0.00785,0.00874,0.00922,0.00714,0.00814,0.00776,0.00994,0.00866,0.00803,0.00834
98,0.00956,0.00732,0.00655,0.00728,0.00126,-0.0021,-0.00074,-0.00117,0.00194,-0.00094,0.0001,-0.00013,0.00017,-0.00345,-0.00229,-0.00227,0.00085,-0.00203,-0.00088,-0.00201,0.00073,-0.00252,-0.00108,-0.00162,0.00034,-0.0028,-0.00169,-0.00165,0.00018,-0.00278,-0.00176,-0.00157,0.00179,-0.00113,-0.0002,0.00024,0.00897,0.00688,0.00796,0.00777,0.0076,0.00566,0.00681,0.00561,0.00951,0.00653,0.00715,0.00812,0.00729,0.00677,0.00582,0.00668,0.00872,0.00789,0.00742,0.00833,0.01005,0.00644,0.00828,0.00624
99,-0.00367,-0.00812,-0.00575,-0.00714,-0.00566,-0.00958,-0.00786,-0.00855,-0.00476,-0.00859,-0.00697,-0.00766,-0.00503,-0.00889,-0.00712,-0.00793,-0.00474,-0.00853,-0.00667,-0.00751,-0.00455,-0.00823,-0.00649,-0.00724,-0.00433,-0.00825,-0.00622,-0.00722,-0.00409,-0.0074,-0.00617,-0.00649,-0.00449,-0.0085,-0.00672,-0.00758,0.00043,-0.00368,-0.00162,-0.0028,0.00759,0.00512,0.00605,0.0056,0.00786,0.00561,0.00527,0.00593,0.0085,0.00605,0.00748,0.00621,0.00877,0.00685,0.00689,0.00761,0.00847,0.00624,0.00587,0.00682
100,-0.0049,-0.00891,-0.00701,-0.0079,-0.00519,-0.009,-0.00733,-0.00804,-0.00476,-0.00855,-0.00699,-0.0076,-0.00546,-0.00931,-0.00759,-0.0084,-0.00488,-0.00887,-0.00702,-0.00787,-0.00477,-0.00856,-0.00671,-0.0075,-0.00489,-0.00864,-0.00687,-0.00757,-0.00421,-0.00752,-0.00627,-0.00663,-0.00437,-0.0085,-0.00666,-0.00746,-0.00268,-0.00617,-0.00406,-0.00525,0.0045,0.001,0.00181,0.00096,0.00467,0.00198,0.00386,0.00164,0.0076,0.00462,0.00525,0.00548,0.00661,0.0037,0.0055,0.00441,0.00586,0.00383,0.0044,0.00466
101,0.0027,-0.00045,0.00096,0.00015,0.00243,-0.00052,0.00077,0.00022,0.00208,-0.00108,0.00043,-0.0001,0.00146,-0.0017,-0.00048,-0.00104,0.00225,-0.00021,0.00084,0.00037,0.00219,-0.00049,9e-05,0.00028,0.00117,-0.0016,-0.0006,-0.00097,0.00134,-0.00118,-0.00026,0.00016,0.00282,-0.00026,0.00145,0.00033,0.00511,0.00117,0.00279,0.00241,0.01054,0.00799,0.00838,0.0087,0.00914,0.00659,0.00757,0.00701,0.00717,0.00466,0.00521,0.00566,0.00677,0.00443,0.00427,0.0051,0.00746,0.00453,0.00529,0.005
102,0.00073,-0.00286,-0.00108,-0.00181,0.00079,-0.00275,-0.00095,-0.00177,0.0006,-0.00255,-0.0011,-0.00171,-0.00015,-0.00368,-0.00214,-0.0026,-0.00038,-0.00369,-0.00223,-0.00265,8e-05,-0.00358,-0.00192,-0.00255,8e-05,-0.00339,-0.00175,-0.00217,-0.00079,-0.00453,-0.00246,-0.00347,7e-05,-0.00314,-0.00174,-0.00229,-0.00392,-0.00816,-0.00589,-0.00642,-0.00059,-0.00372,-0.00241,-0.00298,0.01044,0.00891,0.00902,0.00937,0.01052,0.00782,0.00873,0.00908,0.01055,0.00778,0.0084,0.00796,0.00799,0.00717,0.00629,0.00653
103,0.00068,-0.00291,-0.00113,-0.00186,0.00075,-0.0028,-0.001,-0.00181,0.00052,-0.00264,-0.0012,-0.0018,-0.00019,-0.00372,-0.00219,-0.00264,-0.00038,-0.00374,-0.00223,-0.00265,8e-05,-0.00362,-0.00192,-0.00255,4e-05,-0.00344,-0.0018,-0.00221,-0.00079,-0.00453,-0.00246,-0.00347,3e-05,-0.00314,-0.00178,-0.00229,-0.00482,-0.00896,-0.00679,-0.00764,-0.00129,-0.0048,-0.00363,-0.00405,0.01178,0.00965,0.00939,0.01028,0.01082,0.00845,0.00984,0.00936,0.01061,0.00842,0.00883,0.00848,0.00928,0.00746,0.00656,0.00795
104,0.00028,-0.00333,-0.00157,-0.00228,0.00041,-0.00301,-0.00133,-0.00203,0.00012,-0.00302,-0.00163,-0.00215,-0.00066,-0.00406,-0.00272,-0.00306,-0.00109,-0.00427,-0.00303,-0.00327,-0.00059,-0.00423,-0.00257,-0.00325,-0.0005,-0.004,-0.00236,-0.00273,-0.00164,-0.00549,-0.00336,-0.00444,-0.00051,-0.00375,-0.00226,-0.00281,-0.00487,-0.00913,-0.00688,-0.00782,-0.00484,-0.00754,-0.00632,-0.00635,0.01224,0.0088,0.00952,0.00941,0.01004,0.0081,0.00884,0.00871,0.01041,0.00823,0.00882,0.00866,0.00809,0.00676,0.00676,0.00563
105,-0.00794,-0.01197,-0.0101,-0.01095,-0.00834,-0.0124,-0.01049,-0.01121,-0.00855,-0.01244,-0.01071,-0.01144,-0.00738,-0.01116,-0.0095,-0.01019,-0.00866,-0.01258,-0.01064,-0.01157,-0.00828,-0.01235,-0.01061,-0.01135,-0.00864,-0.01255,-0.0108,-0.01154,-0.00848,-0.01239,-0.01063,-0.01138,-0.00854,-0.01262,-0.0107,-0.01144,-0.00901,-0.01311,-0.01118,-0.01191,-0.00869,-0.01228,-0.01112,-0.01156,-0.00696,-0.01045,-0.0091,-0.0095,-0.00563,-0.00947,-0.0078,-0.00851,0.00059,-0.00336,-0.00197,-0.00232,0.00212,-0.00117,9e-05,-0.00084
106,-0.00801,-0.01186,-0.01016,-0.01087,-0.0088,-0.01272,-0.01097,-0.01171,-0.0088,-0.01264,-0.01097,-0.01171,-0.00791,-0.01175,-0.01005,-0.01076,-0.00877,-0.01275,-0.01094,-0.01174,-0.00821,-0.01242,-0.01068,-0.01144,-0.00821,-0.01214,-0.01036,-0.0111,-0.00836,-0.01235,-0.01051,-0.01133,-0.00865,-0.01252,-0.01082,-0.01154,-0.00832,-0.01239,-0.01038,-0.01141,-0.00847,-0.01248,-0.0105,-0.01132,-0.00774,-0.01167,-0.00984,-0.01067,0.00705,0.0047,0.00529,0.00443,0.01271,0.01106,0.01144,0.01102,0.01235,0.01007,0.01193,0.01082
107,-0.00801,-0.01186,-0.01016,-0.01087,-0.00883,-0.01276,-0.01101,-0.01175,-0.00883,-0.01276,-0.01101,-0.01175,-0.00791,-0.01175,-0.01005,-0.01076,-0.00746,-0.01142,-0.00958,-0.01037,-0.00687,-0.01105,-0.00929,-0.01004,-0.00687,-0.01074,-0.00897,-0.00974,-0.00705,-0.01101,-0.00915,-0.00997,-0.00708,-0.01059,-0.00919,-0.00963,-0.00689,-0.01096,-0.00896,-0.00999,-0.0067,-0.01053,-0.00914,-0.0095,-0.00218,-0.0066,-0.00574,-0.0057,0.01187,0.00954,0.00929,0.00973,0.01179,0.0094,0.01147,0.00945,0.01336,0.00974,0.01197,0.01066
108,-0.00821,-0.01209,-0.01037,-0.01109,-0.00883,-0.01276,-0.01101,-0.01175,-0.00883,-0.01276,-0.01101,-0.01175,-0.00791,-0.01175,-0.01005,-0.01076,-0.0074,-0.01132,-0.00951,-0.01031,-0.00678,-0.01098,-0.00919,-0.00998,-0.0063,-0.01009,-0.00838,-0.0093,-0.00627,-0.01038,-0.00835,-0.00956,-0.00643,-0.01006,-0.00817,-0.00904,-0.00581,-0.00994,-0.00759,-0.0088,-0.00544,-0.00867,-0.00743,-0.00808,-0.00076,-0.00411,-0.0019,-0.00322,0.00874,0.00554,0.0061,0.00612,0.00857,0.008,0.00788,0.00815,0.01013,0.00806,0.00892,0.0086
109,-0.00638,-0.01059,-0.00848,-0.00962,-0.00762,-0.01145,-0.00976,-0.01046,-0.00759,-0.01141,-0.00973,-0.0101,-0.00594,-0.0101,-0.00816,-0.00915,-0.00664,-0.01016,-0.00873,-0.0095,-0.00554,-0.00896,-0.00791,-0.00833,-0.00167,-0.0052,-0.00372,-0.00484,-0.00535,-0.00959,-0.00775,-0.00861,-0.00548,-0.0093,-0.00695,-0.00807,-0.0051,-0.00985,-0.00705,-0.00842,-0.00528,-0.00909,-0.00716,-0.00812,0.00095,-0.0012,-0.00074,-0.00063,0.00359,0.00027,0.00159,0.00075,0.00237,0.00014,-0.00034,4e-05,0.00222,-0.00129,-0.00035,-0.00033
110,-0.00028,-0.00253,-0.0022,-0.00172,0.00191,-0.00134,-0.00012,-0.00022,0.00071,-0.00183,-0.00087,-0.00103,0.0008,-0.00216,-0.0009,-0.0014,0.00272,0.00068,0.00103,0.00131,-0.00552,-0.00901,-0.00698,-0.0068,-0.00478,-0.00864,-0.00625,-0.00755,-0.00628,-0.01043,-0.00896,-0.00944,-0.00624,-0.01021,-0.00817,-0.00913,0.00038,-0.00385,-0.00254,-0.00239,0.01136,0.01051,0.00925,0.01179,0.01225,0.01076,0.00879,0.01093,0.01341,0.01245,0.01111,0.01345,0.01343,0.01093,0.01197,0.0119,0.01486,0.01169,0.01384,0.01328
111,-0.00403,-0.00762,-0.00606,-0.0067,-0.00353,-0.00748,-0.00554,-0.00617,-0.00398,-0.00743,-0.00602,-0.00651,-0.00186,-0.00497,-0.00369,-0.00425,0.00109,-0.00142,-0.00039,-0.00021,-0.0058,-0.00959,-0.00764,-0.00788,-0.00303,-0.00718,-0.00457,-0.00568,-0.00504,-0.00922,-0.00779,-0.00826,-0.00498,-0.00937,-0.00689,-0.00783,0.00164,-0.00214,-0.00018,-0.00077,0.00125,-0.00448,-0.00088,-0.00349,0.00059,-0.00385,-0.00152,-0.00299,-0.00061,-0.00453,-0.003,-0.00292,-0.00055,-0.00439,-0.00277,-0.00251,-0.00148,-0.00227,-0.0026,-0.00358
112,-0.00136,-0.00437,-0.00331,-0.00352,-0.00056,-0.00444,-0.00249,-0.00287,-0.00127,-0.00494,-0.00323,-0.00393,-0.0003,-0.00322,-0.00203,-0.00257,0.00188,-0.00058,0.0003,0.00046,-0.00563,-0.00934,-0.00745,-0.00701,-0.00276,-0.00678,-0.00477,-0.00569,-0.00489,-0.00882,-0.00781,-0.00814,-0.00536,-0.00967,-0.00705,-0.00825,0.00133,-0.00249,-0.00065,-0.00142,0.00275,-0.0009,0.00168,0.00033,0.00181,-0.00201,0.00118,-0.00053,0.00283,-0.00045,0.00033,0.00103,0.00388,0.00284,0.00411,0.0032,0.0036,0.00107,0.00285,0.00258
113,-0.00031,-0.00321,-0.00222,-0.00238,0.00355,-0.00025,0.00159,0.00121,0.00163,-0.00086,9e-05,-0.00055,0.00114,-0.00163,9e-05,-0.0007,0.00177,-0.0008,-0.00043,-0.00043,-0.00473,-0.00837,-0.00674,-0.00649,-0.00448,-0.00833,-0.00621,-0.00726,-0.00652,-0.01068,-0.00922,-0.00998,-0.00634,-0.01035,-0.0083,-0.00969,-0.00288,-0.0065,-0.00472,-0.00574,0.00619,0.00415,0.00378,0.00626,0.00582,0.00392,0.00483,0.00423,0.00904,0.00691,0.00604,0.00884,0.00725,0.00571,0.00662,0.00604,0.00986,0.007,0.00738,0.00843
114,-0.00596,-0.00866,-0.0077,-0.00772,-0.00623,-0.01012,-0.00831,-0.00915,-0.00523,-0.00926,-0.00727,-0.00845,-0.00571,-0.0094,-0.00759,-0.00845,-0.0056,-0.00948,-0.00812,-0.00852,-0.00441,-0.00792,-0.00598,-0.00723,-0.00472,-0.00821,-0.00689,-0.00711,-0.0075,-0.01172,-0.0101,-0.01068,-0.00778,-0.01166,-0.01009,-0.01034,-0.0069,-0.0115,-0.00897,-0.00969,-0.00273,-0.00589,-0.00543,-0.00521,-0.00062,-0.00466,-0.00288,-0.00318,-0.00231,-0.00661,-0.00309,-0.00538,-0.00123,-0.00351,-0.00301,-0.00297,-0.00137,-0.00507,-0.00455,-0.00286
115,0.00073,-0.00286,-0.00108,-0.00181,0.00079,-0.00275,-0.00095,-0.00177,0.0006,-0.00255,-0.0011,-0.00171,0.00015,-0.00335,-0.00183,-0.00228,-8e-05,-0.00337,-0.00192,-0.00234,0.00038,-0.00326,-0.00161,-0.00223,0.00038,-0.00307,-0.00144,-0.00185,-0.00049,-0.00378,-0.00215,-0.00273,0.00017,-0.00304,-0.00164,-0.00219,0.00171,-0.00246,-7e-05,-0.00109,0.00985,0.00774,0.00795,0.00831,0.00504,0.00282,0.00253,0.00341,0.00358,-0.00073,0.00098,0.00113,0.00323,-0.00066,0.0003,0.00209,0.00377,-0.00086,0.00064,0.00016
116,0.02125,0.01851,0.02019,0.01918,0.03739,0.03397,0.03565,0.03396,0.01559,0.01327,0.01693,0.01434,0.00976,0.00709,0.00874,0.00787,0.00953,0.00951,0.00771,0.00807,0.00866,0.00615,0.00795,0.00808,0.01107,0.00784,0.00902,0.00845,0.01084,0.00749,0.00971,0.00943,0.0094,0.00771,0.01177,0.00822,0.01061,0.00703,0.00909,0.00841,0.01075,0.01091,0.0113,0.01207,0.00972,0.00946,0.01055,0.01107,0.01046,0.01081,0.01063,0.01037,0.01299,0.01044,0.01124,0.01124,0.01041,0.00823,0.01043,0.01074
117,-0.00169,-0.00534,-0.0037,-0.00437,-0.00035,-0.00415,-0.00222,-0.00313,-0.00095,-0.00474,-0.00286,-0.00373,0.0004,-0.00307,-0.00135,-0.00206,0.00051,-0.00307,-0.00126,-0.00205,0.00044,-0.00315,-0.00135,-0.00217,0.00033,-0.00331,-0.0015,-0.00227,0.00037,-0.00324,-0.00143,-0.00223,0.00051,-0.00316,-0.00136,-0.00211,0.00049,-0.00298,-0.00124,-0.00204,0.00058,-0.00296,-0.00119,-0.00203,0.00047,-0.00303,-0.00135,-0.00195,0.00057,-0.00302,-0.00126,-0.00206,0.00073,-0.00296,-0.00119,-0.00199,0.00056,-0.00304,-0.00114,-0.00196
118,-0.00103,-0.00469,-0.00283,-0.00366,0.00014,-0.00357,-0.00167,-0.00243,-0.00134,-0.00511,-0.00316,-0.00391,-0.0013,-0.00492,-0.00303,-0.00383,-0.00124,-0.00489,-0.003,-0.00382,-0.00129,-0.00495,-0.00303,-0.00384,-0.00131,-0.00496,-0.003,-0.00385,-0.00131,-0.00493,-0.00303,-0.00384,-0.00137,-0.00512,-0.00322,-0.0039,-0.00143,-0.00512,-0.00314,-0.00395,-0.00131,-0.00505,-0.00312,-0.00399,-0.00139,-0.00518,-0.00317,-0.00394,-0.00132,-0.00507,-0.00321,-0.00399,-0.00129,-0.00505,-0.00315,-0.0039,-0.00132,-0.00503,-0.00311,-0.00392
119,-0.00103,-0.00469,-0.00283,-0.00366,0.00014,-0.00357,-0.00167,-0.00243,-0.00134,-0.00511,-0.00316,-0.00391,-0.0013,-0.00492,-0.00303,-0.00383,-0.00124,-0.00489,-0.003,-0.00382,-0.00129,-0.00495,-0.00303,-0.00384,-0.00131,-0.00496,-0.003,-0.00385,-0.00131,-0.00493,-0.00303,-0.00384,-0.00137,-0.00512,-0.00322,-0.0039,-0.00143,-0.00512,-0.00314,-0.00395,-0.00131,-0.00505,-0.00312,-0.00399,-0.00139,-0.00518,-0.00317,-0.00394,-0.00132,-0.00507,-0.00321,-0.00399,-0.00129,-0.00505,-0.00315,-0.0039,-0.00132,-0.00503,-0.00311,-0.00392
120,-0.00103,-0.00469,-0.00283,-0.00366,0.00014,-0.00357,-0.00167,-0.00243,-0.00134,-0.00511,-0.00316,-0.00391,-0.0013,-0.00492,-0.00303,-0.00383,-0.00124,-0.00489,-0.003,-0.00382,-0.00129,-0.00495,-0.00303,-0.00384,-0.00131,-0.00496,-0.003,-0.00385,-0.00131,-0.00493,-0.00303,-0.00384,-0.00137,-0.00512,-0.00322,-0.0039,-0.00143,-0.00512,-0.00314,-0.00395,-0.00131,-0.00505,-0.00312,-0.00399,-0.00139,-0.00518,-0.00317,-0.00394,-0.00132,-0.00507,-0.00321,-0.00399,-0.00129,-0.00505,-0.00315,-0.0039,-0.00132,-0.00503,-0.00311,-0.00392
121,-0.00084,-0.00448,-0.00268,-0.00346,0.00032,-0.00337,-0.0015,-0.00229,-0.00094,-0.00471,-0.00279,-0.00359,-0.00089,-0.00456,-0.00277,-0.00353,-0.0009,-0.00453,-0.00268,-0.00354,-0.00089,-0.00455,-0.00272,-0.00347,-0.00089,-0.00461,-0.00271,-0.00357,-0.00092,-0.00447,-0.00272,-0.00352,-0.00103,-0.00475,-0.00293,-0.0037,-0.00118,-0.00483,-0.00284,-0.00374,-0.00101,-0.00471,-0.0028,-0.0037,-0.00108,-0.00482,-0.00294,-0.00372,-0.00104,-0.00475,-0.00297,-0.0037,-0.00099,-0.00467,-0.00286,-0.00364,-0.0011,-0.00479,-0.00291,-0.00372
122,-0.00045,-0.00414,-0.00236,-0.00313,0.00039,-0.00332,-0.00145,-0.00235,-0.00085,-0.00455,-0.00273,-0.00353,0.00097,-0.00257,-0.00082,-0.00158,0.00099,-0.00259,-0.00081,-0.0016,0.001,-0.00258,-0.0008,-0.00159,0.00094,-0.00265,-0.00089,-0.00166,0.00102,-0.00258,-0.00076,-0.0016,0.00101,-0.00252,-0.00074,-0.00155,0.00106,-0.00258,-0.00074,-0.00161,0.00097,-0.00261,-0.00082,-0.00163,0.00094,-0.00261,-0.00078,-0.00162,0.001,-0.00258,-0.00082,-0.00163,0.00096,-0.00261,-0.00082,-0.00157,0.00105,-0.00254,-0.00084,-0.00163
123,-0.0003,-0.00403,-0.0022,-0.00302,0.00129,-0.00231,-0.00051,-0.00135,-0.00089,-0.00448,-0.00277,-0.00357,0.00096,-0.00271,-0.00088,-0.0017,0.00087,-0.00266,-0.00098,-0.00166,0.00111,-0.00258,-0.00085,-0.00159,0.00099,-0.00261,-0.00081,-0.0016,0.00098,-0.00274,-0.00092,-0.00164,0.00092,-0.00262,-0.00093,-0.00156,0.00083,-0.00275,-0.00093,-0.0017,0.0008,-0.00275,-0.00114,-0.00177,0.00086,-0.003,-0.001,-0.00203,0.0008,-0.00274,-0.00086,-0.00175,0.00092,-0.00262,-0.00095,-0.00179,0.00086,-0.00298,-0.00092,-0.00177
124,-0.00035,-0.00403,-0.00226,-0.00307,0.00054,-0.0031,-0.00129,-0.00213,-0.00075,-0.0045,-0.00262,-0.00347,0.00101,-0.0026,-0.00078,-0.00158,0.00097,-0.00263,-0.00086,-0.00165,0.00104,-0.00259,-0.00081,-0.0016,0.00094,-0.00265,-0.00088,-0.00166,0.00099,-0.00261,-0.00085,-0.00159,0.00109,-0.00252,-0.00076,-0.00148,0.00101,-0.00263,-0.00086,-0.00158,0.00094,-0.00276,-0.00101,-0.00178,0.00097,-0.00278,-0.00078,-0.00178,0.00097,-0.00265,-0.00078,-0.00165,0.00102,-0.00253,-0.0008,-0.00154,0.00096,-0.00272,-0.00088,-0.00161
125,-0.00138,-0.00496,-0.00338,-0.00399,-0.00013,-0.00386,-0.00199,-0.00284,-0.00095,-0.00474,-0.00286,-0.00373,0.00056,-0.00289,-0.00123,-0.00194,0.0007,-0.00288,-0.00101,-0.00181,0.00074,-0.00287,-0.0011,-0.00186,0.0005,-0.00314,-0.00133,-0.00213,0.00066,-0.00297,-0.00113,-0.00194,0.00071,-0.00282,-0.00102,-0.00185,0.00068,-0.0029,-0.00106,-0.00194,0.00067,-0.00281,-0.00108,-0.00181,0.00066,-0.00289,-0.00108,-0.00191,0.00073,-0.0029,-0.00107,-0.00188,0.00068,-0.00286,-0.001,-0.00186,0.00079,-0.00282,-0.00113,-0.00194
126,-0.00169,-0.00534,-0.0037,-0.00437,-0.00034,-0.00414,-0.0022,-0.00311,-0.00095,-0.00474,-0.00286,-0.00373,0.00028,-0.00318,-0.00148,-0.00215,0.00042,-0.0031,-0.00133,-0.00213,0.00051,-0.0031,-0.00132,-0.0021,0.00033,-0.00329,-0.00145,-0.00233,0.0003,-0.00328,-0.00146,-0.00222,0.00052,-0.00302,-0.00136,-0.002,0.00048,-0.00309,-0.00136,-0.00207,0.0005,-0.00304,-0.00129,-0.00211,0.00035,-0.00316,-0.00144,-0.00214,0.00052,-0.00313,-0.00131,-0.00209,0.00065,-0.00298,-0.00118,-0.00196,0.0006,-0.003,-0.00124,-0.00204
127,-0.00145,-0.0052,-0.00344,-0.00423,-0.00028,-0.00405,-0.00216,-0.00304,-0.00117,-0.00488,-0.00317,-0.00396,-0.00035,-0.00402,-0.00222,-0.00307,-0.00041,-0.00391,-0.00212,-0.00295,-0.00027,-0.0039,-0.00213,-0.00298,-0.00029,-0.004,-0.00222,-0.00302,-0.00036,-0.00407,-0.00233,-0.00316,-0.00029,-0.00389,-0.00217,-0.00293,-0.0003,-0.00389,-0.00214,-0.00298,-0.00021,-0.00386,-0.00212,-0.00305,-0.00037,-0.00397,-0.00227,-0.0029,-0.0003,-0.00383,-0.00219,-0.00304,-0.00014,-0.00378,-0.00203,-0.00287,-0.00025,-0.00383,-0.00204,-0.00292
128,-0.00103,-0.00469,-0.00283,-0.00366,0.00014,-0.00357,-0.00167,-0.00243,-0.00134,-0.00511,-0.00316,-0.00391,-0.0013,-0.00492,-0.00303,-0.00383,-0.00124,-0.00489,-0.003,-0.00382,-0.00129,-0.00495,-0.00303,-0.00384,-0.00131,-0.00496,-0.003,-0.00385,-0.00131,-0.00493,-0.00303,-0.00384,-0.00137,-0.00512,-0.00322,-0.0039,-0.00143,-0.00512,-0.00314,-0.00395,-0.00131,-0.00505,-0.00312,-0.00399,-0.00139,-0.00518,-0.00317,-0.00394,-0.00132,-0.00507,-0.00321,-0.00399,-0.00129,-0.00505,-0.00315,-0.0039,-0.00132,-0.00503,-0.00311,-0.00392
129,0.00149,-0.00199,-0.00021,-0.00105,0.00129,-0.00214,-0.0006,-0.00112,0.00139,-0.00245,-0.0004,-0.00119,0.001,-0.00248,-0.00061,-0.00134,0.00141,-0.00208,-0.00032,-0.00116,0.00114,-0.0025,-0.00064,-0.00125,0.0013,-0.00213,-0.00025,-0.00112,0.00133,-0.00216,-0.00049,-0.00126,0.00146,-0.00221,-0.00051,-0.00122,0.00117,-0.00216,-0.00058,-0.00115,0.00128,-0.00237,-0.00043,-0.0012,0.00099,-0.00235,-0.00027,-0.0012,0.00149,-0.00209,-9e-05,-0.0012,0.0016,-0.00219,-0.00055,-0.00112,0.00169,-0.00198,-0.00016,-0.00099
130,0.00231,-0.00114,0.00059,-0.00022,0.00223,-0.00126,0.00047,-0.00032,0.002,-0.00153,0.00021,-0.00055,0.00214,-0.00136,0.00038,-0.00038,0.00218,-0.00134,0.0004,-0.00034,0.00216,-0.00132,0.0004,-0.00034,0.00212,-0.00136,0.00038,-0.00036,0.00212,-0.00136,0.00038,-0.00036,0.00219,-0.0013,0.00047,-0.00037,0.00213,-0.00139,0.0004,-0.00043,0.00213,-0.00139,0.0004,-0.00043,0.00214,-0.00139,0.00042,-0.00045,0.00213,-0.00137,0.00038,-0.00043,0.00213,-0.00137,0.00038,-0.00043,0.00219,-0.0013,0.00047,-0.00035
131,0.0036,0.00019,0.00189,0.0011,0.00357,0.00016,0.00184,0.00106,0.00346,4e-05,0.00173,0.00095,0.00381,0.0004,0.00208,0.00132,0.00381,0.0004,0.00208,0.00132,0.00374,0.00035,0.00203,0.00129,0.00367,0.00026,0.00194,0.0012,0.00374,0.00033,0.00201,0.00127,0.00354,0.00013,0.00181,0.00103,0.00355,0.00011,0.00181,0.00104,0.00353,0.00011,0.00179,0.00102,0.00355,0.00011,0.00181,0.00102,0.00353,0.00011,0.00179,0.00102,0.00353,0.00011,0.00179,0.00102,0.00353,0.00011,0.00179,0.00101
132,0.00462,0.00124,0.00293,0.00213,0.00458,0.00121,0.00288,0.00209,0.00457,0.00119,0.00286,0.00208,0.00444,0.00106,0.00273,0.00195,0.00444,0.00106,0.00273,0.00195,0.00438,0.00101,0.00268,0.00192,0.00431,0.00092,0.00259,0.00183,0.00438,0.001,0.00267,0.0019,0.0042,0.00081,0.00248,0.0017,0.0042,0.00079,0.00248,0.0017,0.00419,0.00079,0.00247,0.00168,0.0042,0.00079,0.00248,0.00168,0.00418,0.00079,0.00246,0.00168,0.00418,0.00079,0.00246,0.00168,0.00418,0.00079,0.00246,0.00168
133,0.00584,0.0025,0.00406,0.00339,0.0057,0.00235,0.00405,0.00325,0.00592,0.00257,0.00427,0.00347,0.00543,0.00222,0.00391,0.00297,0.00532,0.00223,0.00393,0.00313,0.00524,0.00189,0.00358,0.0028,0.00519,0.00182,0.00366,0.00274,0.00553,0.00217,0.00387,0.00309,0.0056,0.00208,0.00351,0.00299,0.00545,0.00208,0.00393,0.00313,0.00544,0.0022,0.00375,0.00325,0.00559,0.00206,0.00365,0.00296,0.00572,0.00206,0.00376,0.00296,0.00572,0.00206,0.00376,0.00296,0.00543,0.00193,0.00391,0.00311
134,0.0126,0.00927,0.01117,0.01024,0.01252,0.00919,0.01108,0.01016,0.01252,0.00919,0.01108,0.01016,0.01263,0.0093,0.01119,0.01027,0.01255,0.00921,0.01111,0.01018,0.01255,0.00922,0.01111,0.01018,0.01256,0.00923,0.01112,0.01019,0.01256,0.00922,0.01112,0.01019,0.01256,0.00923,0.01112,0.01019,0.01256,0.00923,0.01112,0.01019,0.01255,0.00922,0.01111,0.01018,0.01255,0.00922,0.01111,0.01018,0.01256,0.00923,0.01112,0.01019,0.01256,0.00923,0.01112,0.01019,0.01256,0.00923,0.01112,0.01019
135,0.0126,0.00927,0.01117,0.01024,0.01252,0.00919,0.01108,0.01016,0.01252,0.00919,0.01108,0.01016,0.01263,0.0093,0.01119,0.01027,0.01255,0.00921,0.01111,0.01018,0.01255,0.00922,0.01111,0.01018,0.01256,0.00923,0.01112,0.01019,0.01256,0.00922,0.01112,0.01019,0.01256,0.00923,0.01112,0.01019,0.01256,0.00923,0.01112,0.01019,0.01255,0.00922,0.01111,0.01018,0.01255,0.00922,0.01111,0.01018,0.01256,0.00923,0.01112,0.01019,0.01256,0.00923,0.01112,0.01019,0.01256,0.00923,0.01112,0.01019
136,0.0126,0.00927,0.01117,0.01024,0.01252,0.00919,0.01108,0.01016,0.01252,0.00919,0.01108,0.01016,0.01263,0.0093,0.01119,0.01027,0.01255,0.00921,0.01111,0.01018,0.01255,0.00922,0.01111,0.01018,0.01256,0.00923,0.01112,0.01019,0.01256,0.00922,0.01112,0.01019,0.01256,0.00923,0.01112,0.01019,0.01256,0.00923,0.01112,0.01019,0.01255,0.00922,0.01111,0.01018,0.01255,0.00922,0.01111,0.01018,0.01256,0.00923,0.01112,0.01019,0.01256,0.00923,0.01112,0.01019,0.01256,0.00923,0.01112,0.01019
137,0.0126,0.00927,0.01117,0.01024,0.01252,0.00919,0.01108,0.01016,0.01252,0.00919,0.01108,0.01016,0.01263,0.0093,0.01119,0.01027,0.01285,0.00952,0.01143,0.01048,0.01285,0.00953,0.01143,0.01049,0.01285,0.00953,0.01143,0.01049,0.01285,0.00952,0.01143,0.01048,0.01289,0.00956,0.01147,0.01052,0.01288,0.00955,0.01146,0.01051,0.01288,0.00955,0.01146,0.01051,0.01288,0.00955,0.01146,0.01051,0.01288,0.00955,0.01146,0.01051,0.01288,0.00955,0.01146,0.01051,0.01288,0.00955,0.01146,0.01051
138,0.01487,0.01165,0.01349,0.01259,0.01488,0.01167,0.0135,0.0126,0.01486,0.01165,0.01349,0.01258,0.01502,0.01182,0.01365,0.01275,0.01518,0.01198,0.01381,0.01291,0.01514,0.01194,0.01377,0.01287,0.0151,0.01189,0.01373,0.01283,0.0151,0.01189,0.01373,0.01283,0.01512,0.01192,0.01375,0.01285,0.01512,0.01192,0.01375,0.01285,0.01516,0.01196,0.01379,0.01289,0.01514,0.01194,0.01377,0.01287,0.01514,0.01194,0.01377,0.01287,0.01516,0.01196,0.01379,0.01289,0.01514,0.01194,0.01377,0.01287
139,0.01487,0.01165,0.01349,0.01259,0.01488,0.01167,0.0135,0.0126,0.01486,0.01165,0.01349,0.01258,0.01502,0.01182,0.01365,0.01275,0.01518,0.01198,0.01381,0.01291,0.01514,0.01194,0.01377,0.01287,0.0151,0.01189,0.01373,0.01283,0.0151,0.01189,0.01373,0.01283,0.01512,0.01192,0.01375,0.01285,0.01512,0.01192,0.01375,0.01285,0.01516,0.01196,0.01379,0.01289,0.01514,0.01194,0.01377,0.01287,0.01514,0.01194,0.01377,0.01287,0.01516,0.01196,0.01379,0.01289,0.01514,0.01194,0.01377,0.01287
