oz1,oz2,oz3,oz4,oz5,oz6,oz7,oz8,oz9,oz10,oz11,oz12,oz13,oz14,oz15,oz16,oz17,oz18,oz19,oz20,target_oz21,target_oz22,target_oz23,target_oz24,target_oz25,target_oz26
0.741593,1.241387,0.253288,1.06055,0.654146,-1.358752,-0.989564,0.769584,1.263707,-1.182476,0.703268,0.747521,0.900369,-0.804952,0.704353,0.894669,-0.799134,0.345418,0.394345,-0.752758,-0.00816,0.00595,-0.01459,-0.02994,-0.03086,0.05606
0.672337,-1.237009,0.881452,-0.841024,-0.421621,1.498105,0.54204,0.46221,1.453047,-0.638059,-1.153028,-0.138794,-1.552357,1.444631,1.602467,0.314306,1.583824,-0.289458,-1.618579,1.373519,-0.01681,0.04081,0.07389,0.04174,0.02669,-0.03844
-0.441128,1.334079,0.38753,-0.243944,0.003955,1.207444,-1.07344,1.458791,1.199154,-1.216457,-0.567011,0.274375,0.131845,-1.151739,0.738348,1.198006,1.009438,-1.125782,-0.763034,-1.498213,0.07696,0.02237,0.00611,0.0273,0.00551,-0.00112
-1.350176,0.645613,0.704997,1.345081,0.818777,-1.634242,0.565245,-0.885609,0.116305,-0.67663,-1.304066,1.087295,1.36093,-1.623086,-0.236659,1.354489,1.203515,0.828139,0.515228,0.348927,0.01481,0.01253,-0.0414,-0.00136,-0.05213,0.02198
0.398464,1.754749,-0.977173,-1.32022,0.788246,1.025755,-1.106887,1.59034,0.596866,0.823788,-0.25609,-0.245556,-0.126473,1.104076,0.189025,0.488539,0.638652,1.25295,-0.119111,0.146288,0.05608,-0.05862,-0.01974,0.00239,-0.04604,0.00467
-0.212508,0.984058,0.19648,-0.844531,-1.394947,-0.097401,-1.768574,-0.013374,-1.513067,-0.370356,0.869068,-0.920264,1.252454,-0.663151,-0.447777,-1.714902,-0.959372,1.208141,-0.05551,1.088427,0.05236,-0.03848,0.01932,-0.04472,-0.00417,-0.0276
1.629333,-0.14837,1.435908,0.311386,1.604248,0.336869,0.423014,-1.438764,-1.563637,-1.611021,-0.606892,0.227854,0.482246,-0.402975,-0.947419,-1.693602,-0.30272,-0.602173,0.502307,0.855362,0.06378,0.05537,0.00095,0.05317,0.00784,0.07738
-0.044292,0.195761,0.166457,-0.640024,1.007326,0.107821,-0.483265,-0.743651,-1.175024,-1.245998,-0.478283,1.721134,-0.703277,-1.335514,1.356835,0.793097,0.766175,-1.79144,1.193811,-0.219893,-0.06978,-0.06834,0.06326,-0.04326,-0.0151,0.01229
0.652606,1.689464,1.442281,-0.378828,1.374098,-1.195592,0.457324,-0.780454,-1.157291,1.478885,0.5604,-0.759331,-1.409954,-0.158599,0.925838,-0.35198,-0.378136,-1.124542,1.370883,-1.250706,-0.02288,-0.04718,0.05127,-0.06645,0.00243,0.05792
-0.52804,0.065362,1.200611,1.537599,1.419326,-0.198008,0.486219,-0.59702,-0.488955,1.67279,-1.327708,-0.907641,-0.821796,0.186406,0.687531,-1.724481,0.496706,-0.011852,0.259084,-0.185987,0.06232,-0.0416,-0.03783,-0.04694,-0.0728,0.07451
-1.470392,0.704559,0.473134,-0.674657,-1.219933,-0.311216,-0.889708,-0.71565,1.37557,-1.223651,-0.073235,-1.03863,1.458408,-1.27561,-1.210728,-0.040118,-1.370387,0.566139,-0.562262,-0.118358,0.0419,-0.03402,0.06887,-0.03652,0.05914,-0.07985
1.665898,1.701742,0.535989,1.372752,-0.775494,-1.239033,-1.374883,-1.026664,-0.293754,0.225509,0.181984,-0.567678,-0.496588,-0.232981,-1.619344,-0.763885,-1.380394,0.767229,-0.973715,0.206592,-0.0181,-0.00371,0.02263,0.02855,-0.04298,-0.01224
-0.285696,-0.719223,-0.31939,-1.356185,-1.176227,0.642689,-1.297922,1.256925,-1.614167,1.221287,1.140769,-0.136108,-1.420773,-0.015415,-0.230547,-1.389855,-0.463162,-0.674423,0.571154,1.287216,0.06643,-0.00283,-0.02644,0.05433,-0.02728,-0.07067
0.482391,-1.344402,-1.335185,1.056718,-1.141845,1.261862,1.125347,-1.547025,1.255566,-0.910347,0.227768,-1.147125,1.699621,-0.708601,0.080344,0.917114,-1.397922,0.794462,-1.257194,-0.353305,-0.03885,0.05225,-0.06038,0.02121,-0.00314,-0.00871
-1.690802,-1.630802,0.442443,0.794611,1.399693,0.062023,1.672115,-1.114373,0.699,-0.764136,1.005858,1.033799,-0.045532,0.140326,0.311974,-0.479453,-1.101028,0.619399,0.549877,0.744946,0.00489,-0.05465,-0.07651,0.0735,0.00152,-0.02137
-1.222672,-0.589164,0.535585,0.829194,-1.675144,-1.017516,0.689773,-1.552387,0.001721,-0.568891,1.359718,-0.187833,-0.399782,1.513951,-1.335373,0.188314,0.670581,-0.182437,-1.044371,0.729875,-0.00492,-0.00863,0.00623,-0.02953,0.05177,-0.04319
0.110446,-0.052306,1.516815,1.104951,-0.367614,-0.029574,-0.746923,-1.038821,-0.594266,-0.5232,-0.378613,0.342887,0.685179,1.348935,-0.719287,0.963792,-1.260357,-0.084673,-0.283846,1.527505,0.02924,0.06129,0.01815,-0.07223,-0.05486,0.07951
0.471689,-1.528247,-0.512892,-0.911993,1.693623,-1.523776,-0.428177,-1.272957,-0.880155,1.191142,-0.121262,0.142754,0.251669,-0.569235,-0.080251,0.58047,1.002105,-0.950399,1.446806,-1.461758,-0.074,-0.04425,-0.07526,-0.01728,0.03994,-0.04332
-1.524659,1.553577,0.356772,0.436579,1.161699,-0.611556,-0.616144,1.336199,0.661378,0.793429,-0.398417,1.578836,-1.808728,0.654237,-0.051723,-1.109361,0.630381,0.415881,-0.31548,-0.462961,-0.07616,-0.06949,-0.07029,-0.01758,0.00844,-0.01009
-0.436126,0.551485,-0.834721,-0.220348,0.206092,-0.623804,-0.84927,0.415174,-1.577904,1.359082,-1.550501,0.073185,0.095138,1.222002,-1.427481,0.480861,-0.464644,0.074955,-0.285486,-1.325726,0.04967,-0.06546,-0.02978,0.05975,0.05358,0.00344
-1.225778,0.998973,0.652762,-1.354094,1.436889,-0.302377,-0.176697,-0.511483,1.256059,1.596018,-1.631841,-0.363477,-1.140678,-0.195863,1.554387,-0.404537,-1.152277,-0.850842,-1.192663,-0.981039,0.00632,0.02823,0.07103,-0.00679,0.04597,-0.03897
-0.571915,-0.664585,0.005488,0.802552,-1.11909,1.699594,1.5254,-0.103306,-0.969669,-1.487336,0.919037,0.137115,1.638521,-1.397767,1.493769,-0.893547,0.184745,1.277499,-1.09478,1.259794,-0.01311,0.01757,-0.00184,-0.01351,0.03229,-0.02544
1.107699,-0.773947,0.09994,1.640737,-0.442836,-1.526173,-0.745678,-0.345585,0.183463,-0.566652,-1.400882,-1.289129,-0.977192,-0.557245,-0.300231,0.806335,-1.647797,-1.78598,-0.11853,-1.670717,0.07494,0.00405,-0.05277,-0.04932,0.0127,0.03587
-1.235049,-0.995703,1.139438,-1.38451,-0.484166,0.302727,1.129918,-1.00994,0.561389,-1.074148,-0.462749,0.99852,-1.294168,0.461948,0.910207,0.196926,-1.574535,-0.608055,0.839936,1.396925,-0.01325,-0.05509,0.02824,0.0493,0.00057,-0.06846
0.590396,-1.396102,-0.138124,0.159082,-0.086334,-0.649988,1.494664,0.968005,-0.703899,0.375294,-1.583057,1.563886,0.452813,-1.682663,1.434465,1.547922,-0.364019,-0.233613,-1.552865,1.043112,0.00931,0.03658,-0.05985,-0.06061,-0.0345,-0.05118
0.231658,-1.695285,1.607195,1.513421,1.147152,0.777108,1.375898,1.06617,-1.079939,1.218633,1.042075,0.607533,1.55994,-0.879716,0.276441,1.557396,0.607106,-1.733459,-1.147855,0.100961,0.01806,0.04082,-0.0435,-0.01507,0.01309,0.03019
0.830493,-0.000596,-0.004208,-0.147447,-1.027179,-0.253549,1.596787,1.66677,1.184574,-1.318517,1.382438,1.684735,0.440531,0.92606,-0.185467,0.022346,-1.291044,1.545748,-1.561609,-0.277722,-0.02337,0.06986,-0.06874,0.04732,0.04708,0.00175
-1.455637,-0.023948,-1.827414,-1.224205,-0.626117,1.016107,1.102081,-0.660492,1.554618,0.153325,-1.379421,-1.419674,1.551741,0.689355,-1.169798,-0.361354,1.231662,-1.307168,0.218164,-1.540341,0.05264,-0.03622,0.05584,0.06951,0.07014,-0.04016
1.46401,-0.942934,1.000293,-0.349165,-1.189484,-1.402704,0.172443,1.276405,1.046831,-0.738214,-1.568875,1.132897,0.740891,0.467633,-1.205126,-0.337156,1.399663,-1.77912,0.482201,1.698258,-0.04932,0.05406,0.06682,-0.00267,-0.04458,-0.00663
1.516645,1.453716,-0.342931,0.088818,1.304059,0.799198,-1.443323,-1.535376,-1.557755,-0.19515,-0.62843,0.987444,-0.362378,0.053486,0.502561,-0.651693,-0.703478,-1.523254,1.728564,-0.853161,0.00986,0.03658,0.0735,0.03715,0.05651,0.00562
-0.019055,1.03342,1.02527,-0.989512,-1.286674,-0.607938,-1.396649,0.385106,0.031619,-0.179395,-0.695541,-1.412484,-0.314953,-0.073546,0.618301,-0.324693,1.504442,-0.787697,0.522159,1.625024,0.02748,-0.01074,-0.04957,-0.05352,-0.03165,0.00398
0.034584,0.226938,0.33651,0.295967,1.499737,1.356256,-0.939121,-1.099669,-0.736361,0.593642,-1.214222,-0.061934,0.002478,0.066995,0.040128,0.94412,1.497856,0.173425,0.899956,-1.005167,0.0669,0.07089,0.0392,-0.02964,-0.02406,0.03707
-0.053658,-0.006682,0.79853,-0.148359,1.312995,-0.289817,1.452884,-1.253866,-0.938001,0.292889,-0.305931,-0.948667,1.339093,0.278257,1.565233,0.236311,0.51508,-0.419491,-0.395793,-1.065441,0.0583,-0.06368,-0.05863,-0.04502,0.07196,0.02482
-1.161061,0.428355,-1.728754,-0.290383,-1.022139,-0.978282,-0.39191,-1.551383,1.093308,0.089224,-0.582005,0.869156,-0.1873,1.354302,0.608523,-1.37993,0.297775,0.810025,1.196677,-0.447606,-0.06916,0.0645,-0.05874,-0.01633,0.01109,-0.01578
-0.797957,-0.267886,-0.889953,1.238838,-1.661664,-0.690318,-0.609237,0.957006,-0.76302,-0.779752,-1.392124,-0.316592,-1.056876,-0.577697,-1.746123,1.394252,-0.594416,0.854173,0.844948,0.151974,0.00691,-0.04859,-0.05774,0.03938,-0.02062,0.0067
1.373533,1.327043,-0.529664,-1.607178,-0.958848,-0.021678,1.629248,-0.915897,-0.689861,-0.200825,-1.506533,0.2976,-1.756158,-0.771257,-1.245338,-0.670688,-1.002187,-1.30911,0.037039,1.305791,0.03016,-0.0284,0.03783,0.02694,-0.04203,-0.05959
-0.701231,-1.469768,-0.570576,0.024566,-0.758883,-0.354231,-1.522947,-1.334612,-0.711134,0.590475,0.349782,0.39398,0.390304,-1.412385,0.534198,-0.267723,-1.392993,1.182403,1.397359,1.674607,-0.07639,-0.05783,-0.04186,-0.01162,-0.06939,-0.05558
-0.799166,-1.135102,-1.46092,-0.333312,0.712587,-1.376075,0.645483,0.415283,0.022552,-1.043237,-1.453397,-0.407592,0.645954,-0.456102,-0.824605,-0.970019,-0.905667,0.538842,-0.078655,-1.172276,-0.04822,0.03386,-0.07616,0.07026,0.01802,-0.02148
0.422987,-0.499461,0.814166,-0.468,-0.355433,-1.147382,1.438668,0.788496,-1.704048,1.452987,1.353198,1.327689,0.478787,1.563347,-0.240994,0.192487,1.106473,-0.33402,-0.72301,-1.216748,0.0518,0.06358,0.07138,-0.06073,-0.05957,-0.01008
-0.828948,0.541246,-1.506213,-0.002062,1.424931,0.226354,1.125129,0.275158,0.236601,0.116769,0.647717,-0.897312,0.634164,-1.078743,1.047361,-1.684462,0.574187,-1.053326,-0.282904,0.63294,-0.0722,0.06879,-0.0268,0.02426,-0.01293,0.02304
0.980482,-1.522569,-0.348425,1.760947,1.524571,-1.245987,-0.442084,-0.012992,0.582141,1.317216,1.294868,-0.052005,0.68216,-0.738942,0.145372,1.484761,1.226524,1.101733,1.318516,0.398709,-0.07749,0.05616,-0.03917,0.05991,-0.07526,0.01358
1.39824,-1.613166,0.908017,0.137391,-0.899354,0.958038,-1.381362,-0.892126,1.575692,-1.102867,-1.48129,0.72295,1.199538,-0.37224,0.773528,-0.863386,0.064077,-0.499842,-0.802568,0.258902,0.07092,0.01469,-0.03827,-0.06008,0.05013,-0.04676
-1.254195,-0.714288,-1.209791,1.712059,-0.201947,1.568689,-1.698222,-0.482162,1.69403,0.878535,-0.354848,0.449628,1.55597,-0.287006,-1.123094,-1.02957,-0.126701,-1.368645,0.733566,-1.218912,0.06125,-0.00154,0.05945,0.00592,-0.05876,0.01461
0.16623,0.215149,-1.121587,0.097879,-1.03892,0.816139,-0.890937,-1.411709,-0.323609,0.924005,-1.541832,-1.40985,-0.178434,-0.485034,-1.412576,1.64297,-0.897945,-0.485818,-0.734698,-0.304069,-0.02905,0.05854,0.03075,0.02945,-0.01889,0.00719
-0.728223,0.783554,-0.522511,-0.833792,1.453457,-1.169714,0.788184,1.314073,-0.298444,1.644214,-0.082168,0.10633,-1.245423,0.22091,0.631979,0.282177,-0.146379,-1.070386,1.735424,1.178392,0.07174,-0.04756,0.03661,0.07645,-0.03272,0.01092
0.427248,-0.436717,1.578325,-0.186471,-1.628838,-0.632278,-1.452767,-0.189168,-0.918222,-0.515529,-1.045498,1.543537,-1.414803,1.469038,1.161647,-0.211206,-1.060682,0.913232,-0.066492,-1.291345,0.0457,-0.04092,0.01565,-0.04845,-0.06167,0.016
-0.350792,0.294659,0.724716,1.367844,-1.303957,0.95029,1.568046,-1.169855,1.44911,-1.658524,-0.909497,1.270574,-1.338496,-1.273472,1.66065,-0.383168,-0.92346,0.424333,1.084718,-1.197604,0.0476,-0.02853,-0.0141,-0.05653,-0.01039,0.01815
1.457756,0.434944,-0.135182,1.776244,-1.318231,0.685867,0.24397,-1.321451,0.050248,-0.397376,0.305639,-1.045104,0.512826,1.268687,-0.021907,-0.916832,0.907397,1.483963,1.048263,-1.086456,0.00964,-0.00844,-0.02191,-0.0276,0.0001,0.04667
-1.728503,1.660339,1.09407,-0.714449,-0.317982,1.291199,-0.674557,0.592935,-1.335562,-0.576529,1.722937,-1.086389,-0.621507,0.121102,1.688365,1.292656,1.61395,1.187244,-1.570903,-0.371588,-0.07564,-0.06963,-0.02179,-0.03795,0.02633,-0.06515
-1.744645,-1.409028,-1.793183,0.509871,-0.822826,-0.682515,-0.681292,-1.654454,1.007154,1.669257,-1.235673,0.206318,-0.962173,-0.611874,-0.011298,1.457937,-0.831228,-0.152023,1.031067,0.679033,0.06123,0.06029,0.00791,0.06604,0.05,-0.01666
-0.523342,0.429036,0.674799,-1.573967,-1.384071,1.226742,-1.396329,0.100009,-1.024697,-0.968897,0.35452,1.388932,-0.260905,-1.436265,0.302989,0.640866,-0.644612,-1.134317,1.146621,-0.753089,0.05257,-0.02798,0.03096,-0.00153,-0.0182,-0.06369
0.631211,-1.514999,0.363242,1.185042,0.40296,-1.179369,1.073718,0.57324,-1.057886,-0.006382,-0.398781,-0.229178,1.30546,0.406768,-1.473199,0.110257,0.110368,1.795069,-1.164595,0.869787,-0.06721,-0.01941,0.04891,0.00636,0.03669,-0.00828
-0.647814,1.277877,0.532626,-1.241027,-0.769282,-1.213797,-0.048121,-0.433083,0.254365,1.189745,-0.896449,0.186721,-0.592657,-0.002161,1.450647,-1.219619,-0.338559,1.104714,-0.286743,0.018451,-0.02936,-0.07311,-0.04528,0.07783,0.00819,-0.02594
-1.163274,0.064565,1.058284,1.587829,-1.28755,-0.917727,-1.554135,-1.251197,-1.188816,1.241915,0.941138,-0.985986,0.165725,0.761351,-0.805784,-0.309421,-0.606983,1.669874,-1.185027,-0.177869,0.05713,-0.01529,-0.00795,-0.00919,-0.05566,0.005
-0.714315,-0.823069,0.586066,-0.569026,0.951282,-0.937648,0.123278,1.308878,1.028825,1.686295,-1.361645,0.194642,0.501312,0.246313,0.336818,-1.070033,-0.258451,-0.54549,1.409629,-1.043811,-0.06845,-0.01236,-0.0542,-0.06454,-0.05975,-0.04674
-1.46137,-0.703473,-1.754803,1.03066,0.607408,-0.926171,0.205288,1.434857,0.436583,-1.296165,1.368445,0.228556,0.076663,-1.307844,0.137774,-0.669376,-0.874288,1.424187,-0.529151,-1.177318,0.06917,-0.0721,0.02278,-0.07568,-0.02047,0.02193
-0.680461,1.57859,-1.513706,-1.188931,1.335267,-0.052376,0.629738,0.254748,0.71544,0.425155,-0.497439,1.156113,1.080648,-1.56095,-1.279616,0.934958,0.739283,1.393106,-0.167249,0.406702,-0.02018,0.01087,0.01671,0.05686,-0.05671,0.02361
-0.970737,-1.294736,-0.447949,-0.219196,1.609408,-0.237256,0.401926,-0.729742,-1.090313,-1.121957,1.743994,-1.866129,-1.001936,0.359442,0.839305,-1.030665,-0.491236,-1.550074,1.257918,-1.456952,0.03376,-0.00131,-0.0702,0.0488,-0.03168,-0.02588
-1.510268,0.388384,0.97685,1.478966,-1.21252,1.375323,0.009851,0.562819,-0.915392,0.376103,-0.231494,1.282858,-0.837797,1.296147,1.682013,-1.115227,-0.479356,0.373335,-0.297948,-0.82892,-0.02011,0.06936,0.04891,-0.05508,-0.00108,-0.00654
-0.465973,1.030708,-1.463665,-0.696161,0.656441,-1.66695,0.844207,1.205758,1.464059,0.680798,-1.465695,0.8661,-0.420948,-0.157619,0.35886,1.361814,-1.335738,0.084596,-1.497057,-0.020613,-0.00348,0.06548,-0.02694,0.02856,-0.01868,0.0322
-1.708973,0.602353,0.37322,-1.594086,-0.751814,1.611903,1.11822,-0.135716,1.423755,-1.571692,1.248124,-0.613797,-1.011877,1.414454,1.259784,0.633769,-0.717229,0.368706,0.604462,-0.125708,-0.01659,-0.01847,0.01222,0.05341,-0.05476,-0.11356
-1.582963,0.174901,-1.830543,1.03982,-0.759313,-0.006875,0.086518,-0.746248,0.992706,1.286316,-0.570192,0.422106,1.202627,1.485025,-0.839215,0.094396,0.606053,0.85579,-1.091204,-1.318215,0.04974,-0.05437,-0.06502,0.07762,-0.02057,0.01649
0.455058,-0.755425,-0.436295,-1.039236,1.499621,0.032753,1.573689,0.456499,-0.494322,0.857839,-0.225216,0.066932,0.671465,-1.504872,0.589687,1.504691,1.519535,-0.987116,-0.304464,-0.553254,0.02457,-0.068,-0.03625,-0.07376,-0.05818,-0.02772
-1.472412,0.521641,0.893528,-1.361264,-0.409292,0.730765,-1.139414,-0.055416,-0.725645,-1.663125,-1.306769,0.980289,-0.220616,1.573674,-0.477058,-1.190403,0.566234,1.302546,-0.625695,1.605203,0.03487,0.04905,0.06418,0.06389,0.03689,-0.07362
1.506832,-1.047154,1.143973,0.542902,0.557094,1.176262,-0.751648,-1.146551,-0.534595,0.835985,0.180804,-0.391239,0.175283,0.758158,1.646805,1.33798,-1.059504,-1.237194,-1.468005,-0.793648,-0.03436,-0.03579,0.06602,0.00356,0.07518,0.04249
1.283683,-0.409513,-0.69739,-0.783471,-0.182271,-1.463652,-0.002089,1.515419,-0.494789,0.745086,-1.308786,-0.022405,-0.195923,-1.269463,0.490013,0.845999,1.140724,-0.151845,-0.366671,-0.135721,0.04212,-0.00026,0.03034,-0.02626,0.01047,-0.01784
-1.709693,1.191073,-1.038772,-1.560246,-0.37472,0.503043,0.966996,0.347294,0.165394,-0.970642,0.944637,-1.637307,-0.112901,1.529179,0.227015,-0.6304,-0.864803,-1.794031,-1.462309,0.638429,0.00947,0.06443,-0.00117,0.06346,0.06468,-0.09232
-1.016381,0.469418,-1.347387,-0.210902,-0.36145,1.165501,0.69231,-1.052808,0.333407,-1.081339,0.036463,1.616206,-0.212233,-0.925571,0.234924,-0.742435,-0.806994,-0.537318,0.95643,0.307771,-0.01963,-0.07549,-0.03474,0.04457,0.0668,-0.00962
-0.004715,-1.229144,1.455492,0.756544,-0.16022,-1.009806,0.040576,-0.874875,-0.934348,1.720271,1.596068,-0.009035,-1.801705,0.089786,1.384688,0.781769,0.876979,-0.476212,-0.631776,0.051903,-0.0393,-0.04274,-0.06119,0.01511,-0.00838,0.01836
1.495337,-0.911972,-1.83991,0.228086,-1.213572,0.716861,-0.551264,-0.587194,0.52075,0.095676,1.292817,-0.705732,-0.148392,0.164534,0.156964,-0.359007,-0.543606,0.444301,0.509319,0.633751,0.05387,0.02457,-0.02841,0.04201,-0.00663,0.01368
0.840496,-0.901018,1.558664,1.770833,-1.630089,-0.91424,-0.24129,0.692139,-1.257887,-0.581827,-0.46898,-0.239774,-0.897086,-0.435818,1.138853,-1.461549,-0.52283,-0.936719,-1.585009,-0.635116,-0.00394,-0.06043,-0.07054,-0.075,-0.03538,0.05234
1.693261,-0.108698,-0.060593,1.395378,1.237566,1.266039,1.123421,-1.458217,-0.219816,-0.490494,0.94844,-1.190751,-1.249331,-0.900499,-0.706071,1.60894,-1.315885,-0.838057,-1.630656,1.207206,-0.03298,-0.0353,0.05404,-0.04915,-0.03887,0.07121
-0.729169,-0.496277,-1.265194,0.342358,-0.798663,-0.703327,-1.585063,-1.43983,0.698203,1.277986,1.509044,-0.854295,-0.123422,0.8402,1.221721,1.128997,-1.102731,-0.189715,-1.183122,-0.601658,-0.023,0.07096,-0.01672,-0.01659,-0.01344,-0.00597
-1.010113,0.650893,-0.162576,0.699233,0.188688,-1.339608,1.143762,-0.672483,-1.41228,0.755571,-0.030742,-0.747237,-0.561419,1.025451,-0.461506,-1.55527,-0.613927,0.739034,-0.017417,1.24058,-0.0132,0.05698,-0.04436,-0.06254,-0.04272,-0.00418
-0.801648,-1.471182,1.307936,1.786445,-1.327633,1.527727,0.342711,-0.121349,0.426877,-0.107532,-1.511646,1.629768,0.551113,1.76714,-0.540202,0.074886,1.278583,-1.255435,1.028573,0.120903,-0.04013,-0.04685,-0.01829,-0.07412,0.05215,0.00617
0.175115,-0.71197,0.083438,-0.512722,-1.611146,-0.602222,0.438093,-1.623493,-1.59051,-0.617936,0.004822,-0.374693,-0.376118,0.728441,0.406431,-0.873659,-1.370277,-1.213168,-1.271054,1.288452,-0.07847,-0.03513,0.06352,0.02089,-0.01476,-0.03765
-0.725354,-0.97011,-0.764695,0.334686,0.566285,-1.340442,-1.351478,1.048684,-0.558092,-0.77615,-0.780748,-1.81131,0.349715,-1.500596,0.197002,1.270036,-0.800908,-0.935312,1.034385,-0.633804,-0.04747,0.06679,0.05218,0.03502,-0.04733,-0.01517
-0.849521,0.133038,-0.385141,0.045983,-1.501236,0.118833,0.247306,1.43193,1.068013,-0.307921,0.801163,-0.798226,-1.20628,0.749756,-1.419069,-0.743216,0.289236,-0.571309,1.472785,0.398481,0.03173,0.02041,-0.07246,-0.03946,-0.01889,-0.0271
-1.485502,1.149497,0.324685,-1.693295,-1.028349,-0.887001,0.63686,-1.497073,-1.509057,1.451042,0.499074,1.334617,0.607386,0.924572,0.132526,-1.183526,-1.660948,-0.785074,1.609801,-0.53665,0.04781,-0.07003,-0.04534,-0.02513,-0.06969,-0.10702
-1.508645,0.025913,-1.564021,-0.619254,0.879018,-0.465251,1.338239,0.355226,1.037022,-1.450084,-0.451036,-0.452746,0.794862,-1.024604,-0.81844,-1.626791,1.248227,0.315931,0.899175,-0.67324,-0.01764,-0.00522,0.01707,-0.06601,-0.01645,-0.01174
0.528412,-0.349646,0.058671,1.623308,-0.914057,-0.679266,1.327605,0.876294,-0.820453,0.381806,1.048464,0.234267,-1.817114,-0.473265,1.354638,1.159822,-1.357998,1.453108,-0.436349,-0.341577,0.07286,-0.00188,0.05675,-0.03731,-0.03649,0.03012
0.698292,1.740606,1.324956,-0.801696,0.996437,0.013223,1.076648,0.727908,-0.582773,-0.615567,1.378051,0.371186,-1.050822,0.706072,-0.729117,-1.034284,0.950928,1.750104,0.07453,0.128881,0.0606,0.07106,-0.05831,-0.05772,0.04604,0.03241
0.353769,0.595443,1.457077,-0.614138,-1.289186,1.324138,-0.990031,0.254023,1.661685,1.58463,-1.588583,-0.554016,1.232368,-0.825504,-0.902339,0.102287,0.657418,-0.347004,1.411453,-0.952735,-0.06432,-0.01637,0.04639,0.01521,0.04865,0.02812
1.54392,-1.588833,-0.341445,1.744878,1.232175,-0.138935,0.738159,0.865767,0.030514,1.011925,1.038447,-1.052191,1.22231,1.335374,1.091086,-1.447326,1.646776,-0.430193,0.310096,-1.160043,-0.0508,-0.04886,0.03644,0.01436,0.05801,-0.00421
1.114104,1.073514,1.111166,-0.48401,1.330303,1.284671,0.871297,0.907786,0.459077,-0.612196,0.173329,-1.416191,-1.216076,1.585258,-0.095188,-0.863423,1.169255,0.970123,-0.381678,-0.176853,-0.05674,0.07848,0.06491,-0.03413,-0.00173,0.05199
0.372439,0.950951,1.238301,-1.372323,-1.385879,0.531328,-1.412199,1.430505,0.260549,-0.007879,-0.303997,0.438184,1.131449,-1.173715,-0.047103,0.375652,-0.645243,-0.538027,-1.531576,0.604305,0.0531,-0.01707,-0.04189,-0.03132,-0.01895,-0.00105
0.010488,1.248868,0.910127,1.103671,1.515239,1.577039,-1.543037,1.676151,-0.836355,-1.646837,-1.347637,0.384099,0.4436,1.619163,-0.642163,1.515454,-0.50159,-1.118926,-0.374963,-0.201929,-0.00319,0.03743,-0.0636,-0.0013,-0.05995,0.09336
0.130942,0.561992,-0.630045,0.830747,-0.32652,-0.619327,0.440959,-0.211651,-0.836202,1.51021,-0.356783,-0.029861,1.689081,-1.415093,1.221229,-0.344963,-0.371559,-0.000862,-1.360456,-1.384004,0.02395,-0.05838,-0.00026,-0.04891,0.06889,0.0418
0.947246,-1.12445,0.544232,-1.070975,-0.385323,1.086124,-0.060752,-0.50817,0.839895,-0.115588,0.703995,-1.208627,1.024008,1.169456,-0.936465,-1.502055,0.018127,-0.631529,-0.818597,-1.205069,0.02415,-0.01913,-0.04441,0.03002,0.00164,-0.05836
1.589848,-1.301862,0.580143,-1.227234,0.876536,-1.657278,0.421439,1.169966,0.331338,1.548775,-0.075114,0.048708,1.470606,1.371187,0.44445,0.418062,-1.239817,1.179981,-1.22617,-1.037542,-0.00288,-0.04208,-0.05627,-0.03299,-0.018,-0.04317
-0.042762,-0.609929,-1.563315,0.065343,-0.485944,0.480336,1.394341,0.262772,-1.071576,-0.485368,-1.564402,0.174168,0.369654,1.712552,-1.473124,-1.494874,1.091834,0.611208,-1.32805,-0.998854,0.03618,-0.05991,-0.06978,0.02457,0.07269,0.01037
-0.733915,0.406602,0.467283,-0.82004,1.144287,-0.802753,0.16939,-0.587826,0.237525,1.528079,-0.263752,1.382224,0.76131,-1.576453,-0.126536,1.075494,-1.065937,-1.629779,-0.828525,-0.158838,-0.0259,-0.02531,0.00386,-0.05878,-0.06394,-0.02608
0.529562,-0.057353,0.729119,-1.272325,-0.278452,-1.217135,-1.00248,-1.358335,-1.601414,-0.130293,1.653752,-1.316315,-1.657565,-1.681328,0.340947,1.255999,-1.080569,0.32957,0.574664,0.527738,-0.0336,0.01479,0.04993,-0.0324,-0.05431,-0.01283
0.091562,1.679622,1.503652,1.538182,-0.34543,0.502791,-1.38013,0.306219,-0.135517,1.386164,-1.346496,-1.171379,-1.545784,1.624225,1.092507,0.293767,0.044173,-1.512149,-0.109084,-0.183597,-0.04877,-0.06868,-0.07653,0.03346,0.00895,0.11639
0.956396,0.787402,0.943896,-0.120057,-1.520784,-1.628041,0.962762,0.910864,-1.699078,-0.421126,0.65589,-1.167611,1.3713,0.099966,-0.696557,0.057321,1.534435,1.331762,1.182493,-0.847818,0.07405,-0.04997,0.02538,-0.05509,-0.04997,0.01525
0.259825,-1.097133,0.260728,-1.129184,-1.375265,-1.523041,-0.720462,1.591643,1.154261,1.39676,0.365365,-0.055498,-0.896574,-0.46037,-1.602287,1.65702,0.393956,0.177701,0.521948,-0.517726,0.02276,0.04564,-0.06463,-0.04743,-0.07017,-0.07643
-0.273879,1.090182,-1.594383,1.284015,-0.983316,-0.230909,-1.249521,-1.293718,1.347986,-0.802762,0.81352,0.892707,-1.331636,-1.153626,-0.837086,1.664411,0.090071,0.528003,1.685389,1.515271,0.03939,0.0382,0.05441,0.04069,-0.02083,0.07549
-0.096452,-0.390461,-0.154375,-0.683684,0.573931,-1.371503,-0.562098,-1.219478,0.205447,-0.374968,0.493244,0.220468,-1.221196,0.374353,0.792799,0.76631,0.210021,-0.484405,1.587188,-0.18225,0.03552,0.02335,-0.00657,-0.04301,0.02172,-0.02612
-0.638771,-0.236115,1.157967,0.939759,1.132105,-0.27282,1.316416,0.263706,0.004083,-0.656906,0.19943,1.570102,-0.332647,-0.075431,0.440303,-0.821796,0.743419,1.768582,-1.201601,0.179087,-0.01723,0.06197,-0.02751,-0.07788,0.06573,0.04872
-0.503083,1.596719,1.551949,1.400409,0.217592,0.909419,-0.131226,-1.219854,1.270074,1.648314,0.339531,-0.79263,1.05884,-1.056687,-0.690316,0.354176,-0.604053,-0.854449,0.652093,-0.569673,0.05504,0.03544,-0.04663,-0.07181,0.04882,0.09983
0.755799,0.919017,1.614558,-0.105628,0.352181,-0.907406,-0.636739,-0.786505,-0.974379,0.70317,1.35036,-0.814304,-0.6635,-1.207609,1.030604,-0.51652,-1.068412,-1.678265,-0.202887,-1.28542,0.07099,0.00261,-0.06661,0.06927,0.05773,0.08066
1.303263,-0.014021,0.109599,-0.586065,-0.634383,1.579517,0.543291,0.050497,-1.534391,-1.115438,-1.244083,0.651137,-1.257107,0.957643,0.105608,0.32939,-0.564041,-0.654882,0.245675,1.765191,-0.02921,0.04592,-0.06393,-0.03095,-0.02034,-0.00434
1.650191,-0.259963,0.581005,-0.563945,0.424485,-0.906652,-0.114408,1.257751,-0.171571,0.068229,-1.060514,1.606759,0.666593,-0.516393,0.206228,1.619563,-0.614275,1.051325,1.69491,-0.70555,0.00748,0.05838,-0.02915,-0.05446,-0.0381,0.00835
0.484934,1.074926,0.144681,-1.702023,-0.434115,-1.584241,1.259808,0.484212,1.279673,1.066882,1.662332,-0.585076,-1.435135,1.733509,-0.44198,1.544745,0.174084,0.045323,0.68765,0.571221,0.02876,0.01948,0.0103,-0.00118,0.01201,-0.00844
-0.901613,0.046883,0.480445,-1.368057,1.326159,1.241933,-0.897855,1.1137,-0.584526,-1.454734,0.786667,0.739682,0.711212,-0.19502,-0.028252,1.22343,1.021454,0.404572,-0.23404,1.561773,0.05988,-0.04755,-0.07542,-0.06351,-0.03301,-0.0295
-0.113048,0.668693,-0.936599,0.643691,1.492811,1.004514,-0.756963,0.730507,0.063066,-0.174698,-0.780325,-0.474851,-0.015406,0.287448,0.128685,0.14073,0.830445,1.142594,1.699065,-0.742442,-0.04295,-0.00936,0.05766,-0.02805,0.07877,0.0678
0.015081,0.877683,1.191577,0.340347,0.855453,0.272671,-0.007385,0.258749,1.454199,1.281628,1.092866,-0.234291,-0.806518,-0.843356,-1.424392,1.485067,0.777223,-0.465073,-0.652044,1.163472,-0.04281,-0.00671,0.0152,0.01724,-0.04774,0.05561
-0.334791,0.123758,0.036071,-0.686449,-0.65556,1.670363,-0.922349,-1.663974,-1.291783,-0.822253,0.82088,-0.743554,-1.785792,-1.481075,-1.458167,1.028075,0.985351,1.28405,-0.619667,-0.600191,0.03367,0.01419,0.0071,0.02442,0.06342,-0.04707
-0.205619,-1.377803,1.623457,0.390103,1.078511,1.346362,-0.35675,0.87056,-0.121269,-1.447615,-0.341459,0.164339,0.721965,-0.037288,-0.113097,0.058215,1.64074,1.595244,1.719976,1.424711,-0.05797,0.05695,0.07392,-0.02392,-0.00834,0.01254
1.454859,-0.282385,-0.677016,-0.571938,1.274315,1.177988,-1.597811,-0.837542,1.22592,0.997443,0.203664,1.042266,1.138889,-0.801298,-1.580383,-0.97303,0.852199,-1.016317,1.639229,1.451814,0.05318,-0.01974,-0.00943,-0.06401,-0.00965,0.03061
-1.091494,-1.690658,1.434083,0.674212,0.858551,1.512228,0.574537,0.170756,-0.713802,-0.090717,1.40706,0.958164,-1.524623,-1.565327,-1.549399,-1.362443,0.934398,0.016468,-0.716233,-0.487004,-0.0031,0.07366,0.01679,-0.0561,-0.02294,-0.0073
1.645682,1.086314,1.114556,-1.211163,-0.58957,0.408421,1.677204,0.755227,-0.800395,1.143695,-0.392795,1.664304,-1.072614,-0.805492,0.054032,-1.395709,-0.977624,0.856313,-0.454402,-1.451685,0.03244,-0.04508,0.07502,0.04298,0.02404,-0.03015
-1.35159,-1.505423,1.271785,0.989159,-0.15442,-1.311947,0.612699,-0.327855,0.220202,-1.05498,0.745627,-0.38628,0.513739,0.966467,-1.012571,-0.596975,0.537699,1.582316,-1.2395,0.72746,-0.00232,0.02635,0.02654,-0.05738,-0.04785,-0.01763
-1.317265,0.126129,-0.800381,1.189539,-1.593525,0.79823,-1.004373,-0.363475,1.531958,-0.138852,-0.84982,-0.728046,0.957619,0.183885,-0.561624,0.099243,0.925747,1.60822,1.383682,-1.000987,0.01631,-0.04286,0.06869,0.02122,-0.02214,-0.03589
1.059132,-0.646566,0.820205,-0.201763,1.288495,1.55091,1.034634,1.598214,0.368623,0.920755,-1.375658,-0.627336,1.137599,-0.061436,-1.156481,-0.461387,1.398554,0.151013,0.09093,-1.180693,-0.06137,0.06927,0.03761,-0.03244,-0.05801,0.01228
0.518209,0.693923,-0.758637,1.721408,0.157573,-1.281411,0.817368,0.910537,1.117432,-1.015361,-1.270488,1.385512,0.115834,0.487962,-1.565452,1.207041,-0.047332,1.502517,-1.127395,-1.311443,0.04845,-0.00338,-0.01192,0.03644,-0.01118,0.07655
-1.309417,-1.096108,0.18751,-0.259962,1.225706,-0.646171,-0.613656,0.203673,-1.058576,1.448543,-0.253231,-0.672626,-0.628445,1.48626,-1.412386,1.583363,-0.523189,-0.110521,-0.646891,-1.460094,-0.053,0.03314,-0.06595,-0.07872,-0.04181,-0.06119
1.228836,0.249589,1.228832,-0.292462,-1.581468,-0.903751,-1.425313,1.255241,-1.521192,-1.235515,-1.420471,-0.801557,1.078146,-0.21746,-0.458662,0.02325,1.386997,1.233879,0.456943,1.390871,0.00317,-0.07322,-0.06399,0.0333,-0.00883,0.01912
1.48259,-1.392682,0.639474,0.109003,1.554561,-1.093312,0.17597,0.315098,1.547224,-1.192941,-0.359662,-1.627311,0.196138,1.268439,-0.474224,1.104359,-1.449121,1.323087,-1.203071,0.576374,0.02698,0.06706,-0.03079,0.0308,0.05551,-0.02613
0.734285,-1.638564,-1.152127,-1.618649,-0.815416,0.832294,1.482548,-0.405396,-1.64024,-0.956096,-1.333873,0.35311,-1.134215,0.587741,-0.614584,-1.615912,0.991573,-0.932871,1.454154,0.929313,-0.00052,0.0123,0.00555,-0.01385,-0.02534,-0.09971
-1.632491,0.345798,-1.200826,-0.669767,-0.519387,0.757227,-1.507834,-0.563137,-1.464347,-1.059391,-0.45637,-1.129243,-0.746054,-0.866382,-0.316693,0.161055,0.410651,0.343607,0.037273,0.208426,0.01239,0.00427,-0.00862,0.04359,-0.02976,-0.06902
-0.840264,-0.292847,-0.582534,-1.116352,0.690594,0.712591,-1.266087,0.307404,-0.059442,0.257112,-1.347442,0.768635,-1.339628,1.274108,-0.185839,0.663452,1.493348,-0.062211,1.187047,1.766081,0.04393,-0.05123,-0.06923,-0.07494,-0.01577,-0.05658
1.110132,-0.223632,0.959076,0.007997,1.2864,0.762198,-0.220579,0.899278,-0.172587,-0.556051,-0.640417,0.110864,-1.521275,-0.724606,0.603677,0.274145,0.38109,0.698656,1.474433,0.618678,-0.03879,-0.00637,0.04287,0.05469,0.05303,0.0578
0.074083,1.281408,1.490004,0.443013,-1.457791,-1.110211,0.233396,1.070105,-0.182203,0.474974,-1.399519,-1.209749,0.392322,-0.153035,-0.696203,0.064638,-1.401455,0.259374,-0.853085,1.679741,-0.03293,-0.0102,0.07275,0.07095,0.07764,0.0541
0.051438,-0.19121,0.751945,1.524852,-1.493127,-1.015995,0.723455,-0.14901,1.342302,1.751346,1.581451,-0.654254,1.533794,1.063785,0.226146,1.292717,-1.088832,0.881782,0.011405,-1.497321,0.03709,-0.05659,-0.0085,0.0425,-0.07005,0.03273
1.668357,-0.708236,-0.450597,1.364,0.715912,1.45198,-1.118855,-0.897047,0.267069,1.134228,-0.066186,-0.156521,-0.775261,0.835343,0.699651,1.324969,-0.802506,1.3541,-0.811799,0.435325,-0.0537,-0.01254,0.06194,0.03538,0.00795,0.04393
-1.390568,-1.345619,0.57804,-0.772001,-0.29434,-1.067911,-1.058319,1.38809,0.368089,-1.120188,-1.353763,0.600378,1.534307,0.299,0.120641,-1.417085,0.600879,0.371289,-1.529906,0.609858,-0.06562,-0.01578,-0.0451,-0.03588,-0.04942,-0.07461
1.189417,0.296697,-1.714323,-1.410295,-0.423931,-1.012088,-0.401272,-0.452114,0.720224,-1.110284,0.270222,0.328927,-0.846814,-0.012957,1.022923,-0.690739,1.632538,0.089879,-1.190088,1.261448,0.00523,0.04913,0.07314,0.07151,0.01101,0.01467
-1.17759,-0.990231,-0.42794,1.42921,1.605469,1.023294,-1.183432,1.31949,0.465286,-0.358098,0.857358,-1.206333,1.664963,0.031457,1.595457,0.809748,0.039538,0.392083,1.100889,1.683617,-0.04979,-0.06721,0.00965,-0.03962,0.05427,0.00205
0.269848,0.280825,1.446553,0.80736,-1.369344,-0.485613,0.257887,-0.751771,-1.42725,-1.536192,1.485798,-1.822978,-0.195686,-0.019354,1.704121,-0.686357,1.609103,-1.312617,-1.126163,-0.15195,0.02042,-0.01014,-0.07037,-0.00211,-0.06515,0.05204
-0.430505,1.083002,-0.21775,-0.152001,-0.547004,1.093485,-1.65271,0.829461,0.96862,0.537655,-0.925506,0.131464,-0.668209,-1.585586,-1.532667,-0.209252,1.442261,1.460425,0.022231,1.034428,0.06348,0.02336,0.01446,-0.00246,-0.05701,-0.00776
1.160758,-0.752452,-1.455358,1.318004,0.277157,-0.968091,-1.250055,0.01303,-1.435508,-0.794995,1.154163,-1.343607,-0.762103,1.017665,1.127534,0.128182,0.158819,-1.781079,0.445684,-0.501329,0.06928,0.05469,-0.05826,0.07466,0.07894,0.05915
0.160604,-1.159393,0.600381,0.473074,-1.633129,0.303218,-1.37471,-0.734444,-1.62183,0.047301,0.196036,0.036162,-1.212579,-1.536269,-1.133789,-1.356453,-0.373802,0.043506,-0.098604,-0.226919,-0.04431,-0.01105,0.07866,0.06355,-0.02717,-0.03475
0.446002,0.675116,-1.13481,-0.350561,-0.77345,0.768339,-0.495832,-1.366512,-0.47534,-0.130768,0.771234,-0.671279,0.086484,-0.88161,-1.620256,1.571191,-0.642787,1.353453,-0.243106,0.099556,0.0769,-0.04251,-0.0515,0.018,0.04691,0.02535
1.362648,0.996841,-1.271362,-0.230717,-1.164056,-0.292684,0.724742,1.533915,-0.481932,0.716984,-0.051206,0.661782,1.414559,-1.579132,-0.274733,0.00305,-0.917391,-0.282088,1.277954,-1.029106,-0.00011,0.03537,-0.00717,-0.00563,-0.02181,0.02337
0.842691,1.04221,-0.132034,-0.706763,1.106757,1.228508,-0.958629,-1.076371,-0.88886,-1.445148,-0.064318,-0.440922,1.457983,0.330351,-0.934273,-0.268743,-1.244424,-0.109307,-1.268149,0.691352,0.03072,-0.05818,0.03998,0.03243,-0.04274,0.02161
-1.213534,-1.200807,0.390352,-0.826142,-0.156653,-0.688375,1.019208,-0.906794,0.60191,-1.612189,1.771802,-1.533803,1.489595,1.044537,0.521414,-0.964877,-1.528167,-1.041008,-0.672764,0.862177,-0.01427,-0.04677,-0.03306,-0.03802,-0.00167,-0.06536
-1.190595,0.7536,0.939947,-0.978533,-1.710773,0.655756,0.14704,-0.624347,-1.3324,-0.743853,-0.389254,0.424713,0.20083,-0.807911,-1.689025,-0.105202,-0.753881,-1.258431,-1.675114,0.425644,0.06927,0.06019,0.05523,-0.07176,-0.07345,-0.06101
0.641144,0.147015,0.497183,-0.899728,0.225892,0.134391,-1.569188,0.549801,-0.274197,0.376183,-0.886772,-0.164068,-1.378252,0.126912,-1.20409,1.286906,-0.462561,1.588501,-1.27945,0.300416,0.02855,0.07182,0.03281,0.03626,-0.00444,0.01042
-0.103739,0.480515,1.209015,-0.030832,-0.799628,-0.323076,0.297892,0.320144,-0.76,1.014073,-1.416627,-1.773633,-0.302102,1.481989,-0.423658,-1.591718,-1.214668,-1.79128,1.068439,-1.665163,-0.02572,-0.0457,0.01209,0.05794,0.00844,0.02213
-0.874654,1.370525,1.600103,-0.338881,-0.261775,0.283852,1.20808,-0.535696,0.278747,-0.487343,-0.145318,1.228558,0.531183,1.211552,-0.380532,-1.36682,0.944741,0.882049,1.679607,-0.505906,0.02076,-0.05086,-0.03393,-0.05812,-0.03136,0.02365
-1.336799,-0.839608,0.381524,0.051584,1.641694,-0.41514,0.490117,-1.140615,0.009403,1.634,-0.954349,-0.848878,-0.246438,0.775019,-0.120289,1.324579,1.590974,-0.210755,0.524305,-1.443754,-0.05639,0.04221,0.03817,-0.07196,-0.07546,-0.02686
0.579345,1.353659,0.456313,1.672919,1.678214,0.938916,-1.158075,1.648646,0.977311,-0.418798,1.518037,-0.640742,0.250088,0.878398,-0.430873,-1.009008,0.152489,0.638469,0.989141,-0.240994,-0.06499,-0.05074,-0.02168,-0.07041,-0.05405,0.10108
-0.354285,-1.266272,0.724246,0.089946,0.00255,-0.550258,0.059207,0.079966,0.263761,-0.54384,-1.535647,-0.037674,1.684216,0.2529,0.305932,-1.37121,-1.300048,-0.870823,-0.854139,-0.121945,-0.05378,0.0358,0.07805,0.03147,-0.0037,-0.03014
1.100141,-0.199234,-0.08466,1.340162,-0.185834,1.532057,-0.155365,1.559057,-0.199979,1.669001,-0.907936,1.556664,1.154166,1.436959,-0.263807,-0.124536,0.620754,0.527396,-1.299721,-0.408157,0.02608,0.02564,0.0467,0.03569,0.04656,0.04301
-1.330458,0.610781,0.981702,0.114929,0.739944,-1.345246,-0.402257,-0.344289,-0.10142,-1.523961,-0.776254,-0.576332,0.911728,0.76117,0.260809,1.219186,0.238628,0.726191,0.26085,0.622988,-0.03709,0.02976,0.03688,0.00163,0.05586,-0.00289
-0.439371,0.302094,-1.043554,-0.391163,-1.48408,-0.318728,-1.350667,-0.856673,0.701034,1.05992,-0.502838,-0.162222,0.087391,1.165297,1.78184,1.239504,0.417779,0.076042,1.180056,-1.30064,-0.03676,0.03688,0.04219,-0.00058,0.00385,-0.0262
1.003734,0.556852,-1.113419,1.069817,-0.637288,0.464419,-1.555766,1.293215,-1.561784,0.448636,1.606136,-0.10075,-1.654081,-1.045895,0.454495,0.896009,1.275559,-0.103692,0.203364,-0.13996,-0.05571,-0.06267,0.07776,0.04269,0.04314,0.04271
0.996476,-0.840079,1.171717,0.134567,-0.648401,-0.246973,0.18292,-0.09209,0.358532,-0.868907,-0.65435,-1.78714,-0.698233,-0.83448,-0.448402,-0.977846,1.167047,0.187588,-1.451833,-1.39246,-0.05859,-0.00417,-0.01202,-0.00279,0.04346,0.01716
0.947249,-1.379494,-0.904362,0.1531,0.122663,0.530617,-1.703589,0.192499,-1.553439,1.204033,0.284842,-1.301094,-1.273525,0.949411,0.350288,0.714596,-0.31251,1.450311,-0.95839,-0.170202,0.0519,0.03152,0.00893,0.04414,-0.07468,-0.01344
0.297245,-0.360099,0.967458,1.012868,-0.995227,-0.419339,-0.574281,0.816052,-0.753905,0.139563,0.260761,-0.644149,-0.74415,-0.062222,0.487026,1.50348,-0.805416,-0.860417,-0.165431,-1.474506,0.02423,-0.05675,0.07441,0.06447,-0.05077,0.01948
-0.30085,0.426576,0.229168,-1.122803,-1.244852,1.541656,-0.713499,0.643824,0.792102,-0.655205,0.34959,-1.337969,0.760568,0.328268,1.780619,-0.888815,-1.015713,0.440926,0.857262,-0.515414,0.0488,0.00255,-0.04026,0.02132,-0.0578,-0.03694
0.956713,-0.26916,0.85634,0.891907,-0.89153,0.475224,-1.463922,1.128941,0.576305,1.265821,-0.510773,-0.035767,-1.556626,-1.554222,1.691498,0.600761,-0.951423,0.85324,1.113276,-1.223146,0.05364,-0.04588,-0.07014,0.00643,-0.01743,0.03745
-1.701799,1.718422,-0.037852,-0.32414,-1.698917,1.035206,0.651859,1.397349,-0.298194,-0.125258,-1.151835,0.942372,-0.562609,-0.186202,-0.557995,-1.439088,1.468848,-0.000627,-0.492308,1.525399,0.00191,0.02058,-0.06484,-0.00139,0.02258,-0.08761
-0.614391,0.077353,-1.781809,-0.787749,-1.216288,-1.715339,-0.448046,0.039254,-0.1958,-0.466545,1.263275,-0.328948,-0.261378,1.172721,-0.208539,1.08838,-0.109623,1.083189,-0.005744,-0.565165,0.01558,0.02897,0.04213,0.00199,-0.00629,-0.00976
-1.447687,0.277593,-0.032501,-0.751139,0.01843,0.872801,-1.610312,-0.570556,-1.259551,0.23081,0.875414,1.240187,-0.211396,-0.487386,-0.258959,-0.25452,-1.574261,-1.587579,-0.757363,0.01931,0.03567,-0.01907,-0.02988,0.01443,-0.02455,-0.07297
1.575108,1.466656,1.19948,-0.921275,-1.683003,-0.517682,1.432926,-1.513341,0.996256,-0.127968,0.858126,-1.264804,1.317862,-1.667044,0.79539,1.008083,0.715033,1.275867,1.439011,-0.781004,0.05254,-0.01533,-0.00278,-0.02931,-0.044,-0.04998
-0.155605,-0.874916,0.353895,-1.072459,-1.623746,1.236129,-1.619019,-1.365431,0.964399,0.936599,-0.375014,0.905228,-0.55029,-1.153187,1.614807,-1.3598,-0.014127,1.41737,-1.348766,1.729641,-0.07344,-0.01629,-0.04273,-0.04344,-0.06635,-0.0676
0.003542,1.150249,-1.312126,1.256708,1.578324,1.57547,1.562831,1.522365,0.466064,-1.527696,-0.284041,1.635428,0.710971,0.014367,-0.078641,-1.546868,-1.443744,1.122191,-0.83737,1.63955,0.00833,-0.03014,-0.04618,0.00162,0.04759,0.09216
0.499857,1.181218,0.714927,-0.571071,-0.815354,-0.952341,0.647961,1.211279,1.443603,0.86485,-0.229089,1.554696,-0.979428,-0.582807,0.214047,0.224662,1.622926,1.044288,-0.589978,-0.60842,0.02937,0.03843,0.02167,0.04426,0.03647,0.02035
-1.388053,-1.587193,0.291656,0.623764,-0.588996,1.660468,-1.292613,-0.075221,1.053445,-0.443583,1.593299,-0.618388,1.061989,1.618138,0.559986,-0.67527,0.634077,1.258295,-1.676023,1.557228,-0.00975,-0.06276,-0.03376,0.00833,-0.0713,-0.02988
0.561327,1.404146,1.376147,-1.376061,-1.497511,0.809684,-0.67657,-0.242666,-1.081914,-1.210487,0.258444,0.040846,-0.141413,-0.235628,0.935072,-0.602119,-0.40422,-0.226439,-0.353837,1.121468,0.00275,0.05901,0.0038,-0.07522,-0.07213,0.00905
0.827788,0.207454,0.318114,0.937962,-0.629723,0.521768,-0.888112,-0.979359,-1.195642,1.34915,0.679039,-0.007022,-0.693337,-0.790833,0.174353,0.194593,-0.839312,1.452261,-1.034493,0.746604,0.05498,0.03031,-0.01214,0.06376,-0.06803,0.04194
-0.330854,0.464064,1.04425,1.035682,0.738392,0.513054,1.525082,0.31681,0.060886,-1.531271,0.127541,0.92444,0.406887,-0.858233,1.442269,0.741172,-0.802938,1.297137,1.355191,-0.682615,-0.03715,0.02966,0.04147,-0.05951,-0.02175,0.05848
1.108597,-0.362535,-1.678567,-1.68441,1.161819,0.458226,-0.200874,-1.325788,-0.714382,-0.935068,0.62305,1.717549,-1.525059,1.466733,-1.204199,0.839567,-0.665302,-0.801668,-0.142421,-0.953063,-0.04631,-0.03246,0.04575,-0.05141,0.01664,0.00348
-0.255925,1.02732,-1.338197,0.795077,0.622629,0.36506,-0.734599,0.94266,-0.530748,0.560774,-0.834967,-1.40966,0.7383,0.330026,0.341761,-0.465192,-0.983152,0.938536,0.510594,-1.540407,0.00875,-0.04854,-0.07616,0.01706,-0.06396,0.0669
-0.916225,-1.437975,1.437848,-0.988791,0.116929,0.623181,1.420375,0.36974,-1.422312,-1.059059,1.320494,1.503746,1.581918,0.038817,0.070344,-1.721842,-0.44817,-1.547187,1.530592,0.204676,0.01293,-0.02365,-0.07265,0.06126,-0.07353,-0.03939
-0.147386,-0.218726,0.029094,1.764794,-1.204191,-1.55006,0.629615,1.647682,1.3789,-1.677142,0.764225,1.680357,0.14467,1.23226,1.71614,-1.666419,1.629235,-1.049317,0.393525,1.574791,0.04657,-0.03687,0.03107,0.05969,-0.03344,0.02547
-0.861537,0.687281,-1.571092,1.447636,0.687154,-0.228427,-1.329809,1.641088,0.7964,-0.237869,-1.456997,0.411414,1.175545,-1.585536,0.836842,0.377866,1.311236,-1.750169,1.43767,1.304741,0.01483,-0.07044,0.03276,0.05109,-0.02399,0.0495
1.071992,-1.686368,1.347944,0.64913,-0.478884,-0.560565,-0.721964,1.241337,1.101075,-1.48523,-1.554947,0.20051,1.542173,0.233319,1.001546,-0.212717,-0.60674,0.303652,-0.837421,1.122649,0.03181,-0.02627,0.07512,0.00156,0.06189,-0.0066
-0.627252,-0.515058,-0.760352,-0.685006,1.001391,1.55715,-0.119772,0.820625,1.179538,-0.658756,-1.249462,-0.343689,0.805319,-0.552436,-0.936188,-1.48455,1.106843,-0.14858,-0.15711,-1.326866,0.00795,-0.05262,-0.07463,-0.06629,-0.06458,-0.0356
0.885667,0.659193,0.587496,0.450847,0.486615,0.562127,0.541024,0.186308,-0.727334,1.46764,0.079916,0.139631,-1.650902,0.826234,-1.578423,-1.721366,1.515955,0.08907,0.71727,0.665313,-0.02788,-0.05056,-0.03895,-0.02305,-0.06897,0.05219
0.560832,-0.546023,1.480182,0.7267,0.916431,0.830868,-1.200054,-1.641258,1.204868,-0.356824,0.024918,0.271898,-0.870696,-0.072207,-0.127158,1.428814,-0.759086,-0.818756,1.00169,0.73521,-0.06452,0.06427,-0.00226,-0.05366,-0.02574,0.0634
1.023804,-1.561366,0.271041,1.086125,-1.43658,1.622245,-0.465137,-1.174306,0.982663,0.823386,-0.689412,0.472802,0.856446,1.428125,-0.854023,-0.047267,-0.049882,0.184911,0.553332,-0.718367,-0.03736,0.03114,0.04887,0.06972,-0.04192,-0.06055
-1.291451,1.325205,-0.311743,1.616808,-1.537844,-0.898473,0.032659,1.634365,-1.652052,-1.463325,0.03462,0.306691,-1.561441,1.659685,1.63129,-1.537833,0.978639,1.678491,0.600976,1.179203,-0.06273,0.06969,0.0048,0.0735,0.05219,-0.01564
-0.520076,1.218518,-1.622102,0.771864,0.995599,0.649764,-1.734465,-1.546336,0.648007,-0.462591,-1.109228,-0.12633,0.693663,-1.477084,-0.664552,-1.037586,-1.009595,1.164335,-0.813551,-0.616272,0.03956,-0.02738,0.04854,-0.0352,0.07723,0.08189
-0.886455,-0.057245,-1.238783,1.519483,0.958358,-0.130267,1.232676,0.83643,0.525357,1.709067,-0.038721,-1.244341,0.079983,-0.27378,0.898847,-0.398332,1.115309,0.273866,-1.036511,1.531619,0.00602,0.04713,0.04331,0.06394,0.02625,0.04891
-1.607048,0.99906,-0.496539,1.699066,-1.252485,-1.624256,-0.277621,1.636148,1.214486,-0.882179,0.306937,0.470584,1.540879,1.641538,-1.002801,-1.239285,0.302839,-0.519331,-0.173541,1.0067,0.01372,0.00505,0.04232,-0.03475,-0.03481,-0.03134
-0.206869,-0.962341,0.246437,-0.390127,-0.972152,-0.091849,-0.728168,1.457723,-0.263688,1.35954,0.596539,-0.25311,0.563438,0.863748,0.900181,0.688964,-1.584302,0.199221,-0.957396,-0.426649,0.03465,0.03203,0.03874,-0.02561,-0.05587,-0.0465
1.289825,0.68848,0.191262,-1.341284,1.200318,-1.46118,1.39072,-0.447941,0.192778,-0.707674,-0.028557,-0.293515,1.662202,0.765816,-1.050091,0.598254,0.938939,0.522278,-0.413086,0.683468,-0.02138,0.0165,-0.02297,-0.03472,-0.00554,0.025
0.447471,1.0444,1.626823,-1.026027,1.413462,-0.368862,-1.423038,0.10445,0.866064,0.601815,1.334627,0.491601,-1.246871,1.092073,-1.121393,-1.458376,-0.609894,-1.231461,1.367543,0.173341,0.00049,-0.07136,-0.01472,0.00949,0.07634,0.0503
1.515756,-0.956107,-0.87093,0.013781,1.375518,1.683338,-0.683715,-1.218972,0.22553,1.303923,0.985815,0.158785,-0.395294,-0.1388,-1.557827,-1.472402,-1.288522,-0.963765,1.424404,1.350618,-0.05693,0.04481,0.07124,-0.03492,-0.03528,0.021
0.567131,1.173183,1.159224,-0.239361,-1.385908,-1.621944,-1.26025,-0.582714,-1.589702,-0.460803,-0.404402,0.184348,-1.388831,-1.28575,-0.960579,0.942596,0.963115,-0.070446,-0.164302,1.727095,-0.01358,-0.00274,0.05351,0.07656,0.07164,0.0302
-0.522006,1.715599,-0.184098,-1.632368,-0.520123,0.12935,0.358084,0.995887,0.96722,-1.245013,0.204568,0.927279,0.454094,0.542456,-1.435006,-1.649515,1.443153,-0.368785,0.546639,0.227492,-0.05642,-0.05171,-0.0266,0.07824,-0.00826,-0.02296
-0.330147,-0.532136,1.60021,0.849781,-0.547386,-0.662573,0.703285,0.535081,0.203031,1.235925,-0.121514,0.865963,0.843358,0.051527,0.165132,-1.573894,-0.098855,-0.357085,-1.276996,0.06748,0.03886,0.07717,-0.04093,-0.06555,-0.06344,0.02991
0.562324,-0.699419,-1.298138,-0.983228,0.745737,0.95621,-0.506758,-0.099561,1.718089,0.817199,0.275916,-1.09012,-0.57118,-0.298485,-1.694317,-0.341856,0.276649,-0.187832,0.887547,-1.684751,0.06814,0.05174,0.03681,-0.01183,0.0532,-0.01415
-0.940382,1.42934,1.328154,-0.381294,-0.875484,-1.670754,-1.144197,-1.140213,0.118087,0.384645,0.47197,0.907871,0.509988,1.720403,-1.024145,0.252145,-0.116547,-1.137546,-1.59583,-0.059281,0.03098,0.0206,-0.00577,0.06962,0.07368,0.00424
-0.498439,1.435568,1.159084,-0.828772,-0.062525,-0.394514,0.773017,-0.629896,-0.740602,-0.076621,-1.194109,-0.093872,-1.58665,-1.299039,-1.542943,0.392869,-0.85127,-1.134647,1.622423,-1.294826,-0.0215,-0.00141,0.04331,0.01414,-0.0335,0.00837
-1.726986,-1.252284,1.239413,-0.694063,-0.609565,0.092441,1.618611,1.49575,-1.162938,1.588797,0.665487,0.085446,1.273855,-0.854123,1.381344,0.266757,0.705491,0.520634,1.544801,-0.599152,-0.04543,-0.03045,-0.03897,-0.01934,-0.05839,-0.0734
0.564627,1.214585,1.210769,-0.753492,-0.417367,-1.624287,0.176575,1.350445,-0.493289,0.588107,-0.949631,1.632406,-1.100146,-1.577503,0.186197,-1.151978,0.408813,-0.931497,-1.516692,0.666137,0.00776,-0.02903,-0.00038,0.02308,0.02169,0.0297
1.378401,0.361129,0.222558,0.785122,-0.115939,-0.343038,1.317422,0.96565,-1.541167,-0.698929,0.369696,1.416303,0.610431,0.773919,-0.84044,-0.343937,-0.192123,-0.851929,1.269444,-1.436185,-0.06022,0.04073,0.02416,-0.07625,-0.06492,0.05304
-0.288805,0.026731,1.265873,0.351895,0.360937,-1.040672,-1.38484,-1.643448,-0.519876,-0.311535,1.481922,0.773898,-1.010768,-1.312837,0.208079,-1.286241,0.183592,0.014913,-1.013012,-0.935599,-0.03673,0.00149,0.0314,-0.07246,-0.03204,0.03775
-0.110773,-0.544897,-1.496424,-0.560523,0.163396,1.500237,0.852354,1.60909,-0.766537,-1.417718,-1.425114,0.623035,1.479539,-1.255124,-1.017064,0.08594,-1.343827,-1.478228,0.042209,-0.483507,-0.07241,0.03456,-0.03667,0.05263,-0.0555,0.00804
1.20174,0.112205,-0.797851,1.117602,-0.764349,-0.889411,0.419619,-0.03247,0.097284,1.333493,0.737067,-1.160201,1.538281,-1.036393,1.63514,0.92199,-0.605611,-0.180967,-0.633307,-0.103526,0.02464,0.00346,0.01927,-0.06658,-0.00475,0.0421
-0.378485,0.335619,0.678584,0.428194,1.167563,0.194409,0.931927,-0.439632,1.66904,-1.145952,-1.22607,-0.350065,-0.043766,0.695792,0.590358,-1.72085,-1.154254,-1.400061,0.514076,-0.054009,-0.03763,0.00103,-0.03615,-0.00856,-0.05092,0.03411
0.109445,1.232657,-0.491613,1.262059,0.303239,1.158455,0.518598,-0.08706,1.409934,-0.920975,0.522295,-1.738908,-0.776702,-0.419149,-0.261837,-0.928361,1.176984,0.103495,1.032674,0.327415,0.06713,-0.00444,-0.04157,-0.02076,0.07273,0.05033
1.501592,1.400558,0.798647,0.075975,0.707778,0.415793,0.221648,-0.872344,1.323003,-1.447591,-0.274808,0.551343,-0.922197,-0.394721,-1.585996,0.014914,-0.936315,0.503492,-0.631329,0.462449,-0.05905,0.06507,0.06657,-0.04107,0.04937,-0.00971
-0.574352,-1.402999,-1.447391,-1.5486,0.248898,-1.263271,-0.757551,1.15414,-0.673303,0.656254,1.785824,-1.598126,0.157278,-1.614253,-1.25886,-0.50701,-1.354544,1.614451,1.207035,-1.300556,-0.07778,0.04175,-0.03802,-0.03568,-0.06959,-0.06658
1.590181,1.060779,0.647235,-0.255844,-0.659504,0.286683,-0.68158,0.073243,-0.793673,-0.595905,0.588152,-0.747363,0.239826,-0.623053,0.427039,-0.815234,-1.373358,-0.880412,1.151725,0.725049,-0.02324,0.04236,0.04894,0.06795,0.05518,-0.00029
-0.29556,-1.565911,-0.106035,1.444628,-0.375386,0.521686,1.089968,0.049385,-1.402032,0.049816,-0.440537,-0.330232,-0.391182,-0.081946,1.732628,-0.785502,-1.082849,1.779679,1.130766,-1.23163,-0.00161,0.0449,-0.01905,0.04178,0.07707,-0.01267
-0.568722,0.761117,-0.158554,-0.045735,0.722296,1.705413,-0.497972,-0.892891,-0.344232,0.603817,1.327574,0.609987,0.299479,0.347842,0.009779,-0.097088,1.405456,-0.265375,1.563182,-1.309646,-0.06774,0.05404,0.06752,-0.02529,-0.00375,-0.01301
-1.320578,-1.055429,0.020158,-0.655808,-1.344145,0.221219,0.342539,-0.387693,-1.440112,0.291162,-0.732146,1.329235,-1.3406,-1.317051,1.150004,0.816714,1.439947,-0.290613,0.111665,-0.913897,0.02131,0.03885,-0.04573,0.00847,0.04541,-0.0847
-1.479272,0.704216,0.351765,1.505185,1.208314,1.151044,1.095834,-1.452902,0.169388,1.665467,-1.216428,1.244375,0.360047,1.665637,1.375504,1.640851,-0.122272,-0.745571,0.093092,-0.373109,-0.04321,-0.04836,-0.058,0.004,0.05589,0.00677
-1.068754,-0.047692,-0.463896,-0.831593,0.326895,-1.260983,0.629782,1.5159,0.879588,1.664761,1.613007,1.142602,-1.224356,-1.230231,-0.153212,0.099071,-1.357723,-1.410128,1.418386,0.006588,-0.0127,-0.04101,0.00413,0.00809,0.02495,-0.05137
-1.23332,0.122408,1.343857,1.7527,-1.699597,1.304002,-0.38557,0.228456,-1.147239,0.222768,-1.176881,-0.299182,-1.632283,-0.480577,1.606958,-0.778472,0.313288,-0.854424,1.069809,1.294825,0.0367,0.05187,-0.0036,0.01201,0.01973,0.02512
-1.207899,0.537407,-0.042344,-0.779518,0.515848,-0.365219,0.271892,1.296791,0.513849,1.063056,-1.190915,1.392332,-1.108235,1.245221,1.149227,1.472857,0.372174,0.950274,-0.781497,1.516872,-0.02762,-0.02471,-0.0379,0.03238,-0.02783,-0.0415
-0.116408,0.407694,0.20311,0.297253,0.490386,1.455055,-0.216326,-1.498249,0.65245,-0.161357,1.059153,-0.602519,-0.106192,0.471468,1.739373,0.650483,-1.408078,-0.999515,1.226467,-0.908246,0.0723,-0.0242,-0.01023,0.04251,0.0235,0.02074
-1.005411,-0.413963,-0.743132,0.664656,1.14806,1.644676,-1.26672,-1.102669,0.363167,-1.363884,0.37319,1.508817,1.441113,1.759087,0.311776,1.531772,1.001875,1.28207,0.733522,0.97126,0.00451,-0.00276,0.06053,0.01044,0.00313,0.00696
-0.719359,0.224704,0.895347,-0.576486,-0.02674,0.6883,-0.598925,1.515831,0.874004,0.001792,-0.439568,-1.026093,1.247259,1.355462,-0.827531,-0.162992,0.521961,-0.981172,1.733141,-1.687727,-0.0279,-0.06478,0.06465,0.07181,0.0418,-0.02235
0.821978,0.05313,-0.977255,0.180888,0.76489,-0.155325,1.676859,1.480642,-1.259971,0.206073,-1.595287,0.970736,-0.561828,-0.612837,-1.69188,-1.26773,-0.088944,-1.190778,0.417596,-0.949813,0.04923,0.02982,0.01565,0.06498,0.02217,0.07363
-0.975688,-0.902988,-0.468687,0.585154,0.521909,-1.633118,-0.627152,-0.777535,1.209613,-1.321411,1.496364,-0.292187,-1.287027,-1.582464,-1.1893,0.693672,-1.283417,-1.286925,-0.26734,-0.000297,-0.05853,0.07291,-0.00854,0.05889,0.05016,-0.02501
1.408228,-0.832354,0.320238,0.603648,-1.358089,1.254061,-0.220657,-0.996766,0.752881,-1.235311,-0.133857,-0.098603,-0.833907,0.459386,-0.998108,-1.664387,-1.646432,0.16125,-1.149797,-0.065913,-0.04404,0.00719,-0.07603,0.01422,-0.01087,-0.01728
1.271193,1.569219,0.812481,0.868797,0.53607,-1.334981,0.13435,-1.529613,1.311251,0.052433,1.778299,0.698662,1.264768,1.250243,-1.160835,1.215181,0.933555,-1.08087,-1.631411,0.665055,-0.05802,0.00378,0.01084,0.00233,0.05845,0.03996
0.115287,0.358651,-0.936048,-1.182148,-0.148928,1.705681,1.052477,1.522398,-1.046762,-0.154581,-0.758068,-0.991712,0.123381,-0.072405,0.793756,-0.141307,0.537099,-0.458119,0.933386,-0.612766,-0.07852,0.00034,0.04211,-0.0051,-0.00761,-0.01985
0.164938,-0.676975,0.896375,-0.597856,1.395671,1.651767,1.142662,-0.633122,-1.563376,-0.909211,-0.653026,-0.106684,-0.329914,-1.417195,1.568417,1.043298,1.231157,-1.375139,0.903111,1.100302,0.06496,-0.03813,0.07558,-0.03237,0.07459,0.00789
0.541301,0.828732,-1.234414,-1.332901,0.521837,0.015496,-0.805785,1.231032,1.672282,0.833517,-0.400156,-0.226911,1.465319,1.080331,-0.121599,-0.602814,1.570601,-1.197851,0.620822,1.600685,-0.05433,-0.04867,-0.01908,-0.07412,-0.03959,0.01936
-0.667306,-1.715752,-1.244935,-0.607179,0.999998,1.51155,1.471089,1.220394,-1.611628,0.200173,1.500926,1.232671,0.147306,-1.657156,-0.05528,-0.115931,-0.002085,0.818755,-0.305913,-1.525713,0.00351,-0.05638,-0.03434,0.01334,-0.00043,-0.0531
-0.973696,-1.085155,1.409514,0.451589,-0.832523,1.292287,0.458816,-1.275153,1.372351,0.704126,0.325371,1.523745,0.13829,1.052867,0.920065,-0.003834,-1.456076,-1.499386,1.324832,1.438707,-0.01811,0.01105,0.04484,0.01012,-0.07419,-0.0031
-0.15066,0.976874,-1.550895,-0.818499,-1.572737,-1.167646,1.601073,0.617537,0.482949,-0.923226,1.226359,-1.20234,-1.769912,-1.355733,0.885815,1.009622,-0.445772,0.23018,1.376109,-0.753142,-0.01947,0.01878,-0.00046,-0.02241,0.03522,0.01607
0.849033,0.026309,-0.863844,0.648819,1.261346,1.484973,0.207891,-0.593598,1.2608,-1.199759,-0.665423,-0.299082,-0.987969,-0.027203,-0.46737,0.683617,-0.137647,0.354479,-0.266597,-1.473436,-0.00379,0.00753,-0.03752,-0.00183,-0.0633,0.06306
0.717497,0.714535,0.340685,1.564063,0.796527,-0.624557,1.62681,1.457005,0.044646,-0.085794,0.046579,1.083289,-1.303958,-1.324465,0.329268,1.654634,0.761479,-0.622026,0.880716,-0.744925,-0.04723,0.05758,-0.05066,0.0335,0.05161,0.07597
0.712241,0.304716,-0.18952,-0.054986,-1.336117,-1.318618,-1.17334,1.258292,-0.545669,-0.462179,-1.346755,1.653254,1.310808,-1.299684,-0.60999,-0.076993,0.13147,-0.846615,1.079826,-0.824727,-0.06041,-0.06709,-0.01475,0.03894,0.04123,0.00068
0.416685,-1.607191,-0.228112,0.447508,-1.403669,0.553442,1.298013,0.773743,0.808822,-0.728088,0.126103,-1.683132,1.124806,0.97026,-1.121379,-1.140849,-0.124686,1.765345,1.023127,0.265617,-0.07174,-0.03261,-0.01357,0.05713,-0.03447,-0.0555
1.653479,0.210422,-0.762761,1.404286,1.672853,-0.129142,-0.89215,0.563058,-1.637493,-0.844791,0.035725,0.055754,1.569504,-1.596998,0.775636,-0.136555,0.510302,1.372229,1.702923,-0.169443,0.01575,-0.0436,-0.01389,0.05952,0.07837,0.11198
-1.306652,1.070861,-1.5432,-1.443086,-0.879678,-0.076372,1.276438,-1.481919,-1.188795,-0.964568,0.507475,0.5679,1.46531,0.134099,0.866708,0.179217,0.655139,-0.292434,-0.051797,1.236075,0.07229,-0.06539,-0.01977,0.06422,0.00913,-0.05662
1.296675,-0.654921,-0.909703,0.38707,-1.438641,-0.495728,-0.605135,-0.246225,1.257563,-1.061331,-1.475286,-1.175397,0.497793,0.504747,0.873475,1.350427,-0.088915,0.693916,-0.893868,-0.566774,-0.00799,-0.068,0.03774,0.04047,-0.02502,-0.00579
1.058713,1.329306,1.607697,-0.039203,-1.422781,0.61127,0.939325,-0.210343,-0.326767,-1.238514,0.980065,0.48315,-1.006117,1.428683,1.724501,-0.163578,-1.337657,0.169449,-0.297908,-0.091014,-0.03991,0.04846,-0.02874,0.06435,0.02323,0.02822
0.975482,-0.905189,1.406747,1.53624,1.255917,0.30285,-0.362493,0.737803,-0.654859,1.207037,0.135676,-1.329996,-0.138385,-1.059841,-0.262411,-0.313321,-1.452297,0.800788,-0.252029,-0.378292,0.04292,-0.04674,-0.03599,0.00484,-0.07239,0.06813
0.190931,-0.299915,-0.45524,0.758782,0.802499,-0.405353,-0.198348,-0.892698,0.067978,0.442738,0.218274,-1.720932,-1.526418,-0.177824,1.39409,1.594393,0.65383,-1.517164,-1.244375,1.189998,-0.02128,0.06025,-0.00745,0.06798,0.00373,0.0311
0.298602,-0.533557,-1.094722,0.569066,-1.55766,-1.116245,0.584537,-1.248135,1.690741,1.520238,-0.787386,1.103247,0.112335,0.33616,1.669037,0.93661,1.342563,-1.762252,-0.304088,0.382172,-0.04721,0.0682,0.07018,-0.0408,0.00367,0.01246
0.00467,-1.115334,-1.320386,0.742418,-0.050887,1.499137,-1.681611,1.002711,1.060288,0.105448,-1.4669,0.221347,0.657962,1.696567,0.097979,-1.229365,1.291712,-1.740896,-1.265993,-1.112863,0.03186,0.05381,0.05905,0.01247,-0.06455,0.01317
-0.421883,-1.346592,0.99497,0.820527,-0.192778,0.873437,-1.722548,-0.196896,1.151037,1.052408,-0.30136,0.694697,-0.875824,0.424601,-1.719061,1.036409,-0.203559,-1.0789,-0.647386,0.415446,0.02429,-8e-05,0.0268,-0.05338,-0.07498,-0.00811
-1.431731,1.736869,1.535222,1.24943,0.731394,-1.64019,-0.614919,0.411451,0.046283,0.297469,-0.822218,-0.220053,-0.129823,-0.597574,-0.460457,0.193175,1.373455,0.497748,1.063609,1.682965,-0.07166,0.00378,-0.05561,-0.07772,-0.05536,0.0401
0.343268,0.697241,0.715113,-0.932342,-1.409577,-1.079244,-0.22493,-0.43332,0.594038,0.800588,0.679627,-0.33716,-1.290273,-0.716777,-0.395862,1.475927,-0.670964,-0.780918,-0.22803,1.424616,-0.05763,0.07791,-0.05427,0.04886,0.05402,-0.02411
1.538705,-0.334382,0.831278,-0.646408,1.013143,-0.998798,0.493613,-0.869367,0.494345,0.626365,-0.103167,-0.12234,1.143445,1.54788,-1.650392,-0.508308,1.387065,-1.2181,-0.594167,0.106587,0.01382,-0.04143,-0.00281,0.02592,-0.03998,0.0423
0.377785,-1.44152,1.291077,-0.132974,0.33878,-1.341193,-0.501544,1.53002,1.197817,1.663956,0.384207,0.491226,-0.608701,-1.002319,-1.095327,-0.629815,0.655546,0.717913,-0.59472,-0.365326,0.03542,0.05876,-0.01575,0.0046,0.0038,-0.0121
0.348064,0.32601,-1.724639,0.626023,-0.652131,-1.154304,-0.477072,-0.601715,0.370697,-0.449223,0.833466,-1.760283,-1.588909,-0.610105,0.556299,-0.967623,-1.345954,-0.620003,0.125287,0.95037,0.07598,-0.07152,0.04771,-0.05469,0.00991,0.07419
1.07596,0.960498,1.010482,-1.063894,-1.265326,1.334839,1.568938,1.338425,-0.523424,1.556932,-0.940836,0.377175,-0.346013,-1.172581,-0.442878,-0.172537,-1.524655,0.32253,-0.212851,1.661876,0.01841,-0.0615,0.0669,-0.06002,0.07398,-0.01714
-0.459821,0.557688,0.095734,1.529977,-1.127566,0.667798,0.834149,1.616881,1.309427,-0.337926,1.24521,0.458244,1.220355,0.124923,1.794677,-0.832672,0.477118,1.733281,0.339133,-1.344083,0.07641,-0.00537,-0.05043,-0.00313,0.04096,0.02804
0.976559,0.658523,-0.160861,-0.298077,0.068544,0.598171,1.504367,-0.990983,-0.481066,-0.793139,1.123641,-0.645703,1.68603,0.186193,-1.562925,0.435925,0.333269,-1.394576,0.295499,1.03904,0.0702,0.07074,-0.04919,-0.01118,-0.03539,0.00876
-1.668689,0.563926,-0.068791,-0.943513,1.020768,-0.532501,0.326364,1.489537,1.69779,0.583095,-0.281056,0.86242,-1.66536,-1.154292,0.729076,-1.656234,1.444594,-1.3201,-1.06539,1.261037,-0.04291,0.03453,0.01599,0.05395,-0.06166,-0.06813
-1.514099,0.370959,0.602896,-0.7024,-1.025485,-0.637637,-0.463392,-1.171249,0.216683,-1.236812,-0.265325,0.372804,-1.797281,0.949324,1.590293,-0.452304,0.861053,-0.939297,0.815406,-0.521162,-0.06496,0.04013,0.05334,-0.04929,0.0154,-0.07986
0.056401,-0.346674,0.47863,-0.329376,0.704068,0.048131,-1.624899,0.960885,-1.662058,-0.82779,-0.49179,-1.343374,-0.189985,0.031451,1.652415,1.169517,1.441444,-1.697429,-0.542566,1.555752,-0.06953,0.03676,0.03981,0.05666,0.05492,-0.00046
1.596752,-1.291905,-0.037298,-0.181938,0.653047,0.815646,-1.147262,-1.054176,1.241017,-1.050029,-1.060296,1.438618,1.615451,0.063994,-0.64514,-0.09941,-1.288651,0.272849,0.631436,0.113117,-0.07252,-0.01283,-0.06287,-0.04183,-0.02824,-0.02651
-1.701955,-1.444169,-0.732527,-1.54749,1.00409,-1.659198,-0.584284,-0.266685,-0.205767,-1.003563,-0.106626,0.401353,-0.563114,1.595886,-0.780274,-0.062615,1.368828,0.670884,-1.658411,0.135908,-0.06897,0.07119,-0.05617,-0.03471,-0.06281,-0.08116
1.221108,1.038477,-1.633207,-1.054323,0.761847,1.255513,1.342148,0.041507,-1.625858,1.346175,-0.40388,0.396513,-0.962885,0.430634,-0.04217,0.075089,-0.463527,0.132803,-1.13483,-0.362254,0.02244,0.02632,-0.04634,0.0152,0.03298,0.03388
-1.578613,0.992086,-0.251061,1.324612,-0.109133,-0.863592,1.405858,1.333435,-0.37313,-0.037437,0.504436,-1.48257,0.557131,-1.039846,0.298105,-1.004449,-1.414012,0.097723,0.041818,0.261047,-0.06127,-0.05873,-0.05895,0.00998,0.04485,0.00209
-0.754635,-0.586945,0.689984,-1.62128,-1.449093,0.816599,-1.646092,1.287926,-1.226482,0.397637,0.101962,0.739456,0.398364,-0.527163,1.270205,1.486452,0.083406,0.040356,-0.120501,-1.170965,-0.02695,0.07369,0.05244,0.04126,0.05544,-0.08533
-0.835556,0.183347,1.437626,-0.488287,-0.471024,-0.243339,0.010655,0.154595,-0.989786,1.456491,-1.569473,1.110575,-0.394389,1.380516,1.611236,-0.245637,-0.536539,0.533643,-1.115605,-0.8374,0.00219,0.03983,0.06959,-0.05956,-0.01827,0.00535
1.263751,-0.650659,-0.840131,0.928775,-1.110252,-0.186527,1.035963,0.055201,0.385357,-0.149397,-1.512723,0.423688,0.523827,1.230543,-1.68762,1.402616,0.631168,-0.755858,0.215888,1.305212,-0.01799,-0.07279,-0.05582,0.06905,0.02909,0.02103
-0.793627,0.484931,0.166646,1.587403,1.345713,0.971588,-1.329621,1.154038,0.308508,-0.493945,0.258196,-0.600104,-0.584888,1.60654,0.262115,0.196181,-0.79901,-0.54502,-1.112982,-0.73955,-0.07789,-0.03719,-0.03581,-0.02478,-0.01431,0.06691
-1.368556,-1.238706,0.593998,-0.372592,0.089116,-1.159183,0.253016,-0.724261,0.97733,-0.853087,-1.28154,-0.183638,0.550246,-0.671318,1.321855,-0.667033,0.742519,0.123223,-0.768713,-0.957625,-0.048,-0.01571,-0.0649,-0.00824,-0.01724,-0.06665
-1.216395,-0.310359,-1.141824,-0.918184,-1.669108,0.146838,1.04523,0.182718,-1.053053,-0.662546,-1.568762,0.708877,0.917672,-0.523173,0.480106,-1.343631,-0.965332,0.10638,1.324185,-1.267909,0.0517,-0.06583,0.04774,0.01852,-0.01463,-0.0811
0.983577,0.176213,1.37605,1.772391,-0.178084,-1.531698,-0.063775,0.981203,0.987085,-0.859586,-0.369084,0.00506,1.623181,-1.467773,-0.486576,1.153188,1.558735,1.170121,0.748527,1.441619,-0.01155,-0.02952,0.00804,-0.03386,0.05004,0.08813
1.20042,1.154262,0.423184,-0.018887,0.57675,1.161188,1.588342,0.989147,-1.493864,-1.391749,-0.004287,1.5458,0.141658,1.773545,-1.411404,1.320876,-0.474271,-0.750944,-1.002825,-1.411967,0.0467,0.05911,0.02377,0.02361,0.06253,0.00249
0.305555,1.288627,0.666542,1.50793,1.084619,0.449307,-0.138504,0.348178,-0.831769,0.142642,1.347244,-0.080936,0.08155,0.729274,-1.448707,0.69371,-0.455054,0.489248,-0.58581,1.500647,0.00847,-0.02617,0.07109,0.00293,0.01001,0.09984
0.463031,-1.127877,-1.10461,-1.472189,-1.006109,1.66152,1.108888,-0.845406,-0.579679,0.866735,-1.387083,1.384341,-0.329869,0.409141,1.603736,-1.50973,-0.559413,-0.062717,1.566939,0.770308,-0.06357,-0.06768,-0.02691,0.0551,-0.07461,-0.07459
1.310024,0.136312,-1.391581,-0.977456,-1.286616,-1.457291,1.201223,-0.942482,-1.477422,0.05849,0.866611,0.223045,-0.307697,-1.612721,-1.12469,1.023292,-1.231839,-1.260179,-0.509685,1.768428,0.04602,0.05524,-0.04805,-0.05882,-0.02648,0.00587
-0.79491,0.634106,0.237341,0.113709,-1.565487,0.571639,-1.019941,-1.537651,1.571307,0.095273,-0.629454,0.529398,-1.02986,-0.836818,-0.383422,-0.704033,1.043521,-1.025983,0.989772,-0.776645,0.02046,-0.07284,-0.04908,-0.04216,0.0004,-0.02618
0.909167,-1.444439,0.867405,0.556595,-0.286311,0.057499,-1.431922,0.03126,0.516692,0.65134,-0.490004,-0.785534,1.712295,-1.435018,0.398068,1.674475,1.161361,1.487194,1.422518,-1.245942,0.01015,0.07095,-0.06473,-0.01368,0.06962,-0.03462
1.389648,-1.068544,0.882082,-0.055003,-0.423615,1.444387,0.635749,-0.351079,0.57511,0.398802,-0.349117,1.141537,0.830597,-1.005383,0.216695,-1.452372,1.040093,-0.382361,0.472985,0.098971,-0.00747,-0.065,-0.03877,-0.05868,-0.01879,-0.01248
-0.975436,1.329581,-0.843934,-1.046347,1.143998,1.631991,-1.164441,-1.449859,0.161983,-0.719621,-1.51534,1.209048,-0.247435,-0.617729,0.351151,-1.094245,1.087044,-0.322776,1.074421,-0.228255,-0.07931,0.0039,0.02103,-0.0076,-0.04341,-0.00542
-0.638642,1.00669,-1.459215,-0.564759,-0.151535,0.271258,0.415034,0.453395,-0.719237,0.034726,0.066013,0.195365,0.297038,-0.842416,1.437876,-1.364604,-1.561062,0.536342,0.626839,0.874972,0.03917,0.03079,0.00225,-0.06244,-0.0484,0.01886
-1.114998,-0.67907,-1.672393,-0.347205,0.655602,-1.210245,1.426367,1.124319,-0.353153,-0.864522,1.145333,0.020005,0.270156,-0.894951,-0.328494,-1.649345,-1.030641,1.123736,-0.399443,-1.486847,-0.01803,0.07101,-0.04849,0.04071,0.01223,-0.02041
-1.446043,-0.014234,1.463138,1.248027,1.068853,-0.398059,0.352202,-0.045167,0.773606,0.391252,1.426827,-0.883789,-0.271914,1.584873,1.068594,-0.291943,0.204435,0.468168,0.63986,-1.40437,0.01758,-0.03301,0.0011,-0.04287,0.07093,0.03258
1.65878,-0.706209,0.502898,0.21396,1.351653,-1.226443,1.327652,0.719564,0.575574,0.79907,-0.120502,0.901163,-0.460794,-0.632686,-1.019888,1.403907,1.560661,-0.4489,0.354028,0.004216,-0.04541,0.00227,-0.05112,0.06535,0.07073,0.03567
0.770641,0.633166,-1.857946,0.839889,-0.623972,-0.441638,1.445744,-0.628766,-1.706573,-1.537829,0.238323,0.542399,-1.175609,0.37379,0.370224,1.600279,0.662923,-0.097856,0.717122,-0.331819,0.01655,0.06086,-0.00188,-0.07499,-0.06582,0.07778
-0.031453,0.521464,-1.131751,1.616605,0.428066,0.936071,-0.647832,-0.193242,0.389388,-1.515057,0.229092,0.551395,0.211204,-1.55687,1.01918,1.544081,1.55314,0.868876,1.075232,-1.671546,0.03576,0.03334,0.00459,0.04328,0.02356,0.07446
-1.614708,0.128227,1.516906,1.361811,1.324595,0.780246,0.13648,1.445262,-0.466924,-0.790798,1.101282,-0.588147,0.123849,0.408197,-0.653319,1.551427,-0.721268,0.854256,0.930593,-0.279075,0.00438,0.01423,-0.01881,-0.03101,-0.03369,0.04198
-0.325601,1.476066,-0.42475,-0.382791,0.577907,-0.005389,-0.415259,-0.205073,-1.308664,1.032893,-1.110909,1.527533,0.413963,0.100352,-1.483668,-0.923307,0.19731,0.597788,0.822441,0.834361,-0.07302,0.00159,-0.03803,0.0504,-0.01933,0.01855
1.41128,-1.379908,0.210469,0.38771,0.109925,1.011968,0.327478,1.328792,-0.931628,1.554407,0.808744,1.528709,-1.208657,-1.597125,0.979025,0.931609,-0.735568,1.363408,-1.390846,1.095741,0.02633,-0.04676,-0.04926,-0.0378,-0.01161,-0.02812
1.010942,-1.362097,-1.832959,-0.178625,0.90739,0.668086,-0.321214,-1.286722,0.538006,-1.659542,-1.14579,1.663016,0.789153,0.765473,-1.683041,-1.306688,0.667576,-0.992768,0.725433,-1.435461,-0.02444,0.02591,-0.00769,0.00736,-0.03452,0.00203
-1.162154,-1.650043,1.549108,1.451013,-1.6065,-0.67922,1.433756,0.074458,0.573959,-1.347274,-0.466194,-0.331086,-1.237947,-0.753507,0.488437,-1.665843,1.242393,1.695603,-0.027937,0.777512,-0.07366,0.00592,0.00109,-0.00159,-0.02771,-0.00544
1.024625,-0.866387,1.468523,-0.858341,0.999623,0.183565,-0.183612,0.521916,-0.075332,1.257177,0.79432,0.922263,1.486313,-0.381193,-0.716221,0.181872,-1.45016,-0.091533,1.448048,1.504222,0.02046,0.0352,-0.05528,0.01598,-0.05524,0.00258
-0.816082,-1.658387,-1.257095,1.674595,0.88953,1.662416,-0.859337,1.041165,0.053788,1.130684,-1.378299,1.517775,0.200821,-0.553545,-0.655932,-0.223489,1.077225,-1.416497,0.690916,1.52694,-0.05338,-0.07265,0.01534,0.05044,-0.05608,0.0197
0.151676,-1.618389,1.379689,1.446991,-0.762044,-0.806953,-1.441818,1.071085,-0.294147,0.18486,-1.306424,0.764786,-0.005191,-0.264195,0.934883,0.546562,0.459282,-1.471007,1.436386,1.22734,-0.07665,0.02764,-0.04775,-0.06228,-0.0422,-0.01406
1.3037,-0.237284,-0.490397,0.579456,-1.350272,0.176362,-0.51403,1.038661,0.493375,0.669539,0.118136,-0.33184,-0.812786,-0.960745,1.036767,-0.858343,0.748023,1.647507,-0.576984,-0.570741,0.0168,0.03889,0.02897,-0.00305,-0.04975,0.02014
0.47676,-0.937394,0.933663,-1.60087,-0.966171,1.318572,0.013652,-1.500477,-0.301682,0.841876,1.628769,1.284657,-0.767017,0.74757,-0.805126,-0.450192,-0.823535,0.026315,1.046487,-1.652996,-0.07373,-0.01855,-0.04092,-0.0049,-0.05118,-0.07394
1.735515,-0.856407,-0.240364,0.37522,-0.453195,0.529803,-0.010671,-0.493559,0.917137,1.740631,-1.282188,-1.602739,0.461443,-0.309961,-0.805344,1.28774,-1.551273,-1.362788,0.156174,-1.40378,0.02898,-0.05162,-0.06003,0.06864,0.03691,-0.00239
0.513592,-1.620258,-0.196241,-0.454674,1.435831,0.293513,-0.667646,-1.203019,-0.704075,0.65021,-0.996751,-0.056991,0.672106,-1.219455,-0.815202,-0.252926,0.821195,-0.3875,0.92702,-0.491293,0.02932,0.01813,0.06926,0.04019,-0.0389,-0.0493
1.284636,1.091878,0.893703,0.649468,0.035821,-0.963793,-1.261885,-0.917721,-0.419897,1.38848,-1.160103,-1.731112,-0.574056,-1.315763,0.866507,-1.134964,0.879989,-1.760239,-1.071423,0.212328,0.07039,0.06562,-0.07683,0.04066,0.06536,0.01971
1.191575,-0.27508,0.961541,0.013588,0.068622,1.386344,-1.550274,-1.37959,0.808879,1.487285,1.777431,-0.631743,1.445624,1.446961,1.492098,0.9556,-1.100899,-1.040342,-1.376534,1.202997,0.00278,0.02513,0.0758,0.00887,0.07849,0.0396
1.079247,-1.440055,0.04969,0.601101,-0.646715,0.182893,-0.537617,1.029035,-1.272524,-0.834474,0.539968,-1.43977,-1.086587,-0.106239,0.68896,0.387341,-0.37343,-0.754493,0.341902,1.112615,0.05378,-0.06,-0.07097,0.00392,0.02014,-0.02215
-0.867877,1.768829,-1.040196,-1.101845,-1.400056,1.353996,-0.78103,-0.766936,0.901573,1.507952,1.038275,0.305545,-0.28279,0.22685,0.218267,-0.767325,-0.228055,-0.539585,0.305514,-1.215014,-0.00515,-0.05317,0.0439,-0.06922,-0.03049,-0.04162
-0.090455,1.077035,0.54459,1.204643,0.426287,-0.638601,-1.56899,0.639521,1.530476,0.673819,-0.325419,-1.172173,1.135167,0.768267,1.398517,0.896251,-1.047571,0.814751,-0.469787,1.114692,-0.00534,0.00635,-0.04985,-0.04419,-0.05429,0.07135
-0.059904,-1.205425,0.30684,0.743344,1.326114,1.525614,1.46774,1.381877,-0.623485,1.440035,-0.845229,0.388974,1.107106,-0.730125,0.719227,-0.427772,1.501433,0.276702,-1.266377,-0.679998,0.03848,-0.04951,-0.01341,0.0139,0.03982,-0.01281
-0.216665,-0.312055,-0.314448,1.242368,-0.68603,0.075043,-0.488013,-0.207951,-0.043968,-1.316234,1.634921,0.429079,-1.110559,-0.630181,-0.570829,-0.740211,-0.404365,-1.794506,-0.043933,0.428622,0.04623,0.06019,0.02267,0.02397,0.05941,0.01722
0.12098,0.243928,1.591132,-0.991971,0.960666,-0.861552,-1.523828,-1.209215,-1.352954,-1.216129,0.85931,1.536592,-0.482583,-1.638096,-1.518838,-0.477284,-1.374505,-1.747412,0.627891,-0.361943,0.05804,-0.01288,0.00225,0.06118,0.04377,0.04758
0.175194,0.280439,-0.407059,-1.218043,1.194146,-1.565456,0.846923,-1.127441,-1.321557,-0.379646,1.694308,-0.920837,-0.857257,-1.667471,-0.596387,-0.685274,0.915829,1.264069,0.933085,-0.125161,0.01313,0.03345,0.07146,0.02677,0.03863,-0.0061
-0.899156,0.759592,-0.886895,-0.370004,1.140645,-1.015895,1.254243,0.549072,-0.38292,1.515269,0.702233,0.837355,-0.467262,0.831678,-0.147713,-1.672408,0.23264,-1.084375,0.327494,0.391455,0.03647,-0.01506,-0.03297,-0.00433,-0.07079,-0.00666
-0.883309,-0.671542,-1.538541,0.082617,-0.573477,0.067038,-1.320081,1.423266,1.13145,0.32306,-0.626869,0.31528,0.144835,-0.245348,-0.414304,0.100715,-0.873997,-0.14552,1.009116,-0.591876,0.0656,-0.01549,0.02213,0.03317,0.0027,-0.01749
-1.463155,-1.216877,-0.857005,-0.939889,1.651929,0.25117,-0.081291,-1.199916,0.675996,0.38686,0.39249,-0.612493,-0.385646,-1.314641,-0.544321,1.456518,-0.670369,0.448874,-1.652519,1.221507,-0.01417,0.0674,0.03081,0.03622,-0.05935,-0.0492
0.997398,-1.374658,1.07017,-0.600755,-0.511517,-0.425986,0.600564,0.035035,-1.141721,0.87377,1.36497,1.721641,0.408096,-0.480436,-0.630874,-1.607224,-1.678397,-0.760622,1.453884,1.201518,-0.05536,-0.02315,0.01356,0.04803,-0.05058,-0.01198
-0.48714,-0.50889,1.180783,-0.518676,-1.22904,0.585767,-0.764648,-1.152976,0.512658,-0.261435,-0.986339,1.343388,-0.790583,0.497729,-0.54687,0.107422,0.69186,1.182457,1.509977,0.298211,-0.05645,-0.00674,-0.00477,-0.00016,-0.04995,-0.0205
0.005273,1.223554,-0.987542,0.477292,-0.967251,0.972078,1.496316,0.716297,-0.021633,0.072004,-1.592398,1.073081,-1.276254,-1.442434,-0.49412,-1.114222,0.356546,0.200123,0.741516,0.201169,0.04024,0.04438,0.0184,-0.06546,-0.01765,0.02945
1.665089,0.941592,1.209386,1.317552,1.104764,0.5984,-1.622571,0.918027,-1.289643,0.742653,0.555299,-1.088077,-1.70449,0.479945,-1.198519,1.15012,0.210302,0.35842,-0.795772,0.555359,0.04338,-0.00394,0.04759,0.02778,-0.04524,0.07618
-1.031001,-1.356637,-0.360269,-0.560727,-0.092689,0.039466,-1.114575,-0.645926,1.389803,-1.563864,-0.766859,0.018702,0.986612,0.321153,-0.047021,0.924309,0.283292,-1.370633,-1.38049,-0.117384,0.03812,-0.01166,0.07321,0.0031,0.00634,-0.06685
-0.911443,0.389297,0.225898,-0.065716,0.535838,-0.757505,0.479916,1.150143,-1.545225,1.387213,0.581227,0.441887,1.319405,0.458329,-1.389057,1.64503,1.572331,1.161669,-0.36938,0.343968,0.00094,0.06574,-0.05672,0.00233,-0.06901,-0.02623
1.671262,0.345169,-0.99641,0.552943,1.167877,-1.072304,-0.436317,0.737609,0.353054,0.710778,-1.029265,-1.448758,0.653597,0.970418,1.60878,1.100572,-0.721169,-0.40318,1.320797,0.428463,-0.01202,0.02619,0.00426,-0.05164,0.06017,0.07737
1.097048,-1.510224,-1.565711,0.382246,-0.704641,1.087978,-0.570276,-0.858979,-0.890415,-1.611876,-0.666843,1.116985,1.265932,0.101598,-1.203534,1.224452,-1.518186,-0.478072,-1.170714,0.45399,0.04221,0.04486,-0.06104,-0.00973,-0.06887,-0.00695
0.080947,1.530685,0.04648,-1.275932,0.99738,1.460863,1.172716,0.117834,0.59758,-1.148371,0.222161,0.120592,-0.290762,-1.008577,-1.657976,0.070833,-0.080438,-1.574656,-1.03759,-0.411832,0.05314,-0.03761,-0.07547,0.02504,-0.01118,0.0085
1.037134,0.359904,1.563443,-0.21309,0.410102,-1.110849,-1.010822,-1.380937,1.566682,0.933029,-0.759881,-0.764087,-1.190088,1.681304,-0.102541,-1.35965,1.192537,-0.369938,1.005805,-1.64684,0.06011,-0.01114,-0.06011,-0.0314,-0.03464,0.056
-1.375372,0.331474,0.172024,-0.407913,0.997185,0.714005,0.899196,1.588272,-0.482522,1.493392,-1.399243,-1.187681,0.282568,1.078344,-1.04578,0.187391,-0.350122,-1.075603,-1.431333,-0.518042,0.03923,0.05452,-0.00519,0.06657,0.06003,-0.05071
-0.928231,0.27582,-0.011477,0.392684,0.267952,-1.027678,-0.5057,1.55853,-1.428627,-1.284169,0.367114,0.448305,-0.042524,-0.287938,-1.131731,0.925271,-1.323813,1.623824,1.098868,0.268453,0.04528,0.0313,-0.04061,-0.01802,0.04159,-0.00245
1.402114,-1.19032,-1.446512,-0.758697,-0.463283,0.733441,-0.273889,-0.497035,1.449785,1.245384,0.00683,-1.60699,1.536259,0.87272,0.168748,-0.162693,-1.348078,1.209018,-1.086892,0.347188,0.04833,0.03331,0.0558,0.01562,0.07368,-0.02532
0.820324,0.377705,-1.030513,0.583407,0.685598,-0.824971,-1.495095,0.149728,1.687271,0.712608,-1.014709,0.98072,0.202237,-0.555203,-1.583835,1.239217,-1.670896,-0.726404,-1.039469,-1.020271,0.07434,0.03688,0.01592,-0.01868,0.07711,0.06742
1.077532,-0.720706,0.173374,1.645872,-0.510722,0.115615,-1.44432,-0.27367,-0.599809,-0.563758,0.134503,-0.200078,1.424608,-0.432704,-0.544995,0.22979,1.180914,-0.805587,0.57912,-0.370662,-0.0246,-0.03003,-0.00902,0.03363,0.06079,0.03346
-1.584953,1.130219,0.611103,-1.117882,1.540083,-0.680019,-0.41121,0.924654,1.444419,1.038259,-1.515186,0.381111,1.324871,-0.544171,1.047981,0.289275,0.769468,0.614758,1.428035,0.549179,-0.05957,0.07487,0.02764,0.07874,0.01424,-0.06575
1.132501,0.506498,-0.594246,1.374833,-0.306535,0.962505,0.33328,-1.446019,-0.965698,-0.039979,1.59973,1.352058,1.536402,0.758315,1.434905,0.361008,0.729012,0.844131,-0.791588,-0.699655,-0.00239,0.07738,-0.03028,0.05146,0.04289,0.06364
-0.614286,1.270726,1.454789,0.743387,0.38768,-0.807588,-0.908715,-0.108539,-1.665259,-0.232785,1.043387,1.30885,-0.656726,-0.973709,0.051068,-0.574536,1.079994,0.346173,-1.274274,-0.244165,-0.02498,0.02063,0.01045,-0.07267,-0.00211,0.07239
0.803896,-1.287021,0.435376,-1.07011,-0.213672,-0.610011,0.600262,0.108898,0.362429,-1.365098,1.681559,0.625651,-1.314221,-1.280277,0.111737,-1.016133,0.642744,-1.743342,1.010844,-0.7688,-0.01903,0.05344,0.04768,0.01041,-0.02619,-0.06314
-0.453062,1.170292,1.14127,-0.477594,0.325321,1.7189,0.241348,-0.504377,0.49467,1.256143,0.834555,-1.306852,-1.548473,-1.175376,-0.867212,0.383974,-0.02576,-0.043976,-1.320682,-0.574634,-0.06086,0.02562,0.03337,-0.01529,-0.04171,0.03962
-1.381814,-1.517403,0.421665,-1.001635,0.931506,0.908005,-0.780178,-0.050209,-0.978392,0.221327,1.401435,1.090569,0.944472,1.355883,0.813713,-1.337186,-0.714274,-0.432939,1.177941,1.367171,0.01965,0.04401,0.03271,-0.02558,0.01377,-0.06152
0.171238,0.071197,1.580164,0.733185,0.534962,-0.978682,-0.462832,0.817975,-0.534889,0.768924,-1.497372,-0.046371,-1.586495,0.181478,-1.066067,0.683334,0.563394,1.742323,1.109564,1.774868,-0.01208,-0.06799,-0.06563,0.02377,0.07462,0.07759
0.611901,1.634667,0.352114,-0.906861,-1.108436,-1.409136,0.065666,1.036955,1.274205,-0.243681,-0.551617,-0.561263,-0.329591,-0.036569,0.92809,1.319373,0.670259,-1.064933,-0.127372,-1.423647,-0.06228,-0.04137,-0.01505,-0.07382,0.00895,-0.02352
1.641071,1.112932,-0.887938,1.232462,1.579211,0.560886,0.18045,1.482833,1.261183,0.702168,-0.223405,0.377426,-1.316792,0.456453,-1.432264,-1.665562,1.592453,0.535044,-1.441739,-0.751426,0.03533,0.05192,0.03382,0.02644,0.07004,0.05126
1.26553,-0.589155,-1.787792,-0.545402,0.503829,-0.572025,-0.266832,-0.265635,-0.423524,-1.097048,-0.988315,0.934526,-0.409606,-1.387355,1.204229,-0.801908,-0.663301,0.158822,0.638618,1.555145,-0.00424,0.03363,-0.02663,0.07128,0.02654,0.05052
-0.502696,-0.953695,0.112283,-1.506866,1.621838,-1.429434,1.589553,-0.383061,1.306586,0.060627,-1.38143,-1.800606,-1.770138,0.913154,-0.361443,1.442363,-0.549578,-0.746723,0.636928,-1.362612,0.06782,0.05602,-0.03082,-0.03025,0.02921,-0.05733
1.649249,0.254245,-1.70904,0.165869,-0.866985,-0.114512,0.434432,0.633914,1.127656,1.355134,-1.207269,0.19936,0.185889,-1.584539,1.551164,0.132969,-0.08971,1.187505,-0.940347,1.605111,-0.07396,0.00421,0.04883,0.01852,-0.02843,0.05646
0.777817,0.897128,-1.282116,-1.09932,-1.096818,1.462122,1.059702,-0.96467,-1.613728,-1.391977,-1.518163,-0.469483,1.374654,-1.428252,0.58338,-0.875385,-0.60171,0.446916,1.101163,0.545609,-0.02807,0.05846,0.01187,0.07514,-0.01295,-0.00514
-1.442248,0.325112,-0.443974,-0.198741,1.392318,0.540587,-0.278172,0.510822,-0.682129,-0.833538,-1.466249,-1.775933,1.341041,1.380983,-0.119795,-0.579257,1.24374,0.671006,-1.586174,-0.116363,0.00798,-0.02312,0.02777,0.07523,-0.00905,-0.04162
0.05732,-0.797986,0.37282,-1.545974,0.613038,1.625544,1.529138,-1.117889,1.387675,-1.050703,-0.261781,0.480182,1.346476,0.115727,-1.720755,-1.331249,0.025002,-1.403282,1.101555,-1.412059,0.04498,-0.02112,0.06443,0.05816,0.06765,-0.03764
0.853873,1.564801,-0.552156,-1.600169,-1.537829,0.506073,-1.31236,-1.170551,1.404123,-1.448486,0.12037,-0.541388,1.2432,-0.42653,-0.560754,-0.778921,0.734791,0.189909,0.213058,0.592023,0.00471,0.03221,-0.04506,0.04524,0.05565,-0.04437
0.283798,0.468527,-1.101908,-0.738179,0.706854,0.889198,-0.439565,-0.874566,1.102585,-1.318337,0.761269,-0.336054,-1.015639,-0.70993,-0.701959,-0.515713,1.259777,-0.235211,-1.249723,1.601001,0.01403,0.01648,-0.06198,0.02311,-0.06921,0.01854
0.743801,1.2102,-1.728452,1.41078,1.278645,1.600924,-1.761485,-1.205089,-0.785984,-0.434735,-0.805454,-1.523028,-1.490116,-0.625282,0.378431,-0.529645,0.754057,1.093241,-1.19003,0.285866,0.00608,0.07603,-0.01001,-0.03478,-0.04974,0.12006
0.571589,-0.668428,-1.135369,0.093172,-1.488148,-0.639407,1.368395,-0.308693,-1.277597,1.179447,-0.448255,-0.824915,-1.064577,1.43942,1.12454,-0.661115,-1.15388,1.352157,-1.503941,-1.551348,-0.03285,0.06293,0.03638,-0.00943,-0.03008,-0.01222
-1.175217,-0.141689,-0.582214,-0.752435,-1.626874,0.580867,-1.499004,-0.936723,-0.347914,-0.982327,-0.618297,1.184943,-0.547218,1.287941,-0.635881,0.205891,-0.00138,0.881217,1.413302,-1.026791,0.01938,-0.07384,0.03343,-0.05359,-0.05423,-0.06389
-1.586741,1.585687,-0.163523,0.774114,-0.664314,-1.133611,1.592086,-0.959054,-1.092229,-1.527932,-1.021338,-0.344528,0.495437,-1.465535,-1.373485,-0.255579,1.026129,-0.134982,1.484617,1.322846,-0.07478,0.03308,0.05557,-0.02059,-0.03185,-0.03743
-0.379075,1.519664,0.774769,0.772302,1.511067,-1.063462,1.492144,0.193403,-0.193331,-1.499337,1.50961,1.448474,0.966376,1.572543,-0.249488,1.030037,-0.466743,0.882005,-0.991323,-0.51185,-0.04444,0.03733,0.00085,0.01858,0.0294,0.08675
0.737261,0.196399,-0.320757,-1.193279,-1.441512,-0.467668,1.129044,-0.420445,-0.026221,-1.098313,1.734342,0.659893,0.065132,1.106851,-0.522685,0.290632,1.154988,1.631552,0.419265,-0.690698,0.06798,-0.01376,-0.04895,-0.01442,-0.01004,-0.01249
0.497229,-0.435494,-1.70592,1.046819,-1.083066,-0.407754,-0.099188,1.358239,1.674515,0.573918,-0.185004,0.139665,-1.246752,0.298745,-1.711447,-1.719799,1.352323,-0.862101,0.326218,-0.056731,0.02434,0.00516,-0.02694,0.04099,0.02821,0.03972
-1.428905,-0.528334,0.524438,0.383791,0.60913,0.622657,0.061846,0.393647,-0.216601,1.124977,-1.567209,-1.184699,-1.213181,-0.570268,0.170887,-0.420606,-0.0273,0.769121,-1.564012,-0.252357,-0.03196,0.03137,-0.01812,-0.0461,0.0747,-0.02542
1.300209,1.240878,0.538385,-0.389317,-1.07946,0.231362,0.7332,-0.854994,1.63106,-1.339018,-1.185408,0.720821,1.24043,-1.15971,1.738682,-1.509703,-1.248766,1.676325,0.708431,-0.923083,0.03014,-0.02826,0.03266,-0.01941,-0.00228,-0.02146
1.436605,-0.766202,1.018605,1.713266,-1.117557,0.332763,0.238695,-1.662594,0.374165,1.123157,-1.517229,-0.401043,-0.327793,0.088068,-0.652694,-1.613154,-0.960523,-0.718858,-0.514164,0.362792,-0.05327,0.02255,-0.05085,0.00587,0.05349,0.04494
-1.718865,0.84292,-0.73296,0.890144,0.986221,1.545464,0.067758,0.797798,-1.450141,-0.310446,1.567988,0.815232,-0.818378,-1.494871,-0.456214,-1.359684,-0.035068,0.335923,-1.429231,-1.092453,0.01743,-0.06807,-0.04778,0.0422,0.0244,-0.01593
0.855529,1.084291,-1.631347,0.507977,-1.179375,-1.437311,1.186579,-0.037829,1.306151,-1.471708,-0.141685,-0.987435,-0.173028,-0.71028,0.040055,-0.586249,-1.226495,1.779175,-1.019516,-1.224443,-0.0525,-0.03983,0.03317,0.0342,0.04833,0.04965
-0.053139,1.731168,-1.007043,-1.402652,0.038006,1.308843,1.507013,0.257493,0.596697,0.659034,-0.574666,0.707184,1.337053,0.41147,1.094674,-0.548901,-0.634981,0.262531,-0.797024,0.731634,-0.04927,0.03809,0.0717,0.00118,0.02772,0.00164
1.295494,-0.236417,0.732297,-1.172462,-1.398287,-0.154032,0.361039,0.06519,-0.680112,1.103584,0.272551,1.285061,0.045001,1.356752,0.028895,1.022521,1.640118,-0.575918,-0.063873,-0.522889,0.07417,0.01147,0.06113,0.00188,0.04422,-0.03136
-0.768181,0.189507,1.00904,0.81109,0.647311,1.58491,-0.125061,1.4754,-0.626081,1.000021,-0.361097,-0.236572,0.226768,-1.053979,0.561623,0.357465,-0.524188,-0.979127,-0.540799,-0.631654,0.0289,-0.06596,0.04914,0.0566,0.04386,0.03967
-0.701149,-0.333184,-1.826687,-0.269017,-0.268919,0.500918,-0.11059,1.418529,1.473842,-1.114562,-0.237698,0.200524,0.085754,-0.59129,1.574721,1.176194,-0.154629,1.56527,-0.241365,-1.424728,-0.00405,0.01872,0.03742,0.00222,0.07689,-0.00844
0.85654,0.528668,-0.947755,0.718,1.189211,-0.790711,0.789792,-0.340829,0.353395,-1.298707,-0.097086,1.726255,-0.216105,1.3507,0.54716,0.49103,1.285961,-0.278753,1.108235,-1.199712,-0.03302,0.07818,-0.06998,0.00408,-0.0686,0.07718
-0.916873,-0.439891,-0.855955,-0.5088,1.463355,-1.508657,0.587139,-0.248488,0.31998,-0.721365,0.166924,-0.374978,-0.402707,-0.4016,-0.706199,0.428998,-1.348017,1.748621,-0.080667,0.590851,0.03147,0.00203,-0.00744,-0.00568,0.04763,-0.0192
0.74034,-1.134972,-0.004627,-0.954614,1.535603,-0.550616,0.378156,-1.230809,-1.18842,0.117064,1.456034,-1.638286,1.422927,-0.260807,-1.157275,0.16001,0.266672,1.486829,-0.114019,-1.216957,0.01071,-1e-05,-0.01041,-0.03506,0.05734,-0.03074
0.519568,-0.850466,-1.208156,-1.42205,0.557856,-0.69039,-1.556792,1.534618,-0.056594,-0.890257,-1.259398,0.510552,1.544167,-0.4371,-0.593243,1.147697,-0.237932,1.592822,-0.684879,-1.289048,-0.01261,-0.05141,0.07718,0.0641,0.009,-0.04104
1.65514,-1.499336,-0.87971,0.361069,0.840709,0.460341,0.776002,-0.500683,0.34828,-1.022463,1.081653,0.113715,1.262086,1.607324,0.648145,-0.038917,0.773887,1.729719,0.405866,-1.313302,0.03874,0.02861,0.03997,0.03534,0.07895,-0.01488
0.955091,-1.620029,0.971307,1.22093,0.477053,-1.043625,-0.779023,1.661911,1.233799,1.308934,1.188398,-0.847526,-0.755836,1.203458,0.746778,-0.232367,-1.084919,0.430295,-0.657955,0.267994,-0.02639,-0.04045,0.00444,-0.07145,-0.00278,-0.00298
1.556372,-0.819138,0.99274,1.138899,0.288055,1.629888,-0.980802,-0.076231,0.997755,-0.270085,-0.337784,-1.159878,-0.14109,-0.660942,-1.364568,1.648183,0.222879,-1.647704,-1.033556,-1.677129,-0.0409,0.03486,0.04586,-0.03957,0.05815,0.04762
1.46099,-0.881511,0.386481,-1.620224,-1.709818,-1.649222,0.945956,-1.065171,1.395269,-1.2055,1.702389,-0.261778,1.438416,-0.918109,-0.317553,0.839274,-1.25627,0.868057,1.335839,-1.43572,-0.04096,-0.07417,-0.00735,-0.01809,0.04252,-0.07822
-1.463381,1.388449,1.569175,0.662929,0.700666,-1.042796,-0.463205,0.139722,-1.248646,0.872203,0.06526,0.579726,0.706838,0.697728,-0.931514,-1.691907,0.936967,0.85346,-1.472194,-0.723281,0.07574,-0.01518,-0.04786,0.0385,-0.0136,0.02485
0.183584,0.53795,-0.711296,-1.182104,-0.403179,0.990344,-0.098338,-0.251328,-1.021072,-0.23419,0.280794,1.663784,0.62855,-0.132682,-1.740867,-0.908243,0.514157,0.019793,-0.308363,0.792997,0.03199,-0.0182,-0.0075,-0.07411,-0.02128,-0.01542
