,0,1,2,3,4,5,6,7,8,9,10,11,12,13,14,15,16,17,18,19
0,0.051438,-0.19121,0.751945,1.524852,-1.493127,-1.015995,0.723455,-0.14901,1.342302,1.751346,1.581451,-0.654254,1.533794,1.063785,0.226146,1.292717,-1.088832,0.881782,0.011405,-1.497321
1,-0.557687,-1.082053,0.176205,1.01018,-0.408187,1.319932,-1.305178,1.400687,1.38298,-0.906663,-1.167682,-1.412458,-0.657642,0.998821,-1.320248,-0.714682,-1.407376,-1.146105,-0.708055,0.952246
2,1.575108,1.466656,1.19948,-0.921275,-1.683003,-0.517682,1.432926,-1.513341,0.996256,-0.127968,0.858126,-1.264804,1.317862,-1.667044,0.79539,1.008083,0.715033,1.275867,1.439011,-0.781004
3,0.877096,-0.217418,-0.711057,1.330489,1.694649,1.625428,1.581406,1.583136,0.189427,0.935619,1.440466,-1.415179,-0.143867,0.554953,1.229952,1.305925,-1.687859,1.702432,-0.888824,-0.0958
4,-0.023998,-0.695738,1.462971,-0.731138,-0.833685,-1.605773,1.511131,0.354593,-0.513891,-1.202479,1.045023,-1.828457,-0.207392,-1.566072,-1.496979,1.200544,1.218563,-1.420926,0.047047,-1.474625
5,-0.270248,-0.071616,-1.832676,-0.66374,1.611346,-0.871963,-1.256493,-0.263772,0.032321,-0.414207,0.559991,-0.103921,-1.624378,1.560448,0.930789,-1.017202,-0.174161,-1.605819,0.052883,-1.01928
6,-0.744528,1.444141,-1.466309,1.310247,-0.461807,-1.486117,-0.318011,1.222272,1.752286,-1.526714,-0.17556,0.812406,1.488653,1.152046,-0.960998,0.74318,1.583292,0.905808,-0.505701,-1.351091
7,0.231455,0.014778,-1.341927,0.083811,-0.030537,-1.679409,0.887471,0.627302,0.793694,-1.362213,0.503489,-1.599432,1.16806,-1.39187,0.758507,-1.478594,1.328937,1.226867,0.020646,1.105038
8,-0.147386,-0.218726,0.029094,1.764794,-1.204191,-1.55006,0.629615,1.647682,1.3789,-1.677142,0.764225,1.680357,0.14467,1.23226,1.71614,-1.666419,1.629235,-1.049317,0.393525,1.574791
9,0.091562,1.679622,1.503652,1.538182,-0.34543,0.502791,-1.38013,0.306219,-0.135517,1.386164,-1.346496,-1.171379,-1.545784,1.624225,1.092507,0.293767,0.044173,-1.512149,-0.109084,-0.183597
10,1.447423,-1.163029,1.53888,1.772621,-0.275472,1.566965,1.373139,-1.621081,-1.046918,1.026801,0.348645,-0.083602,-0.273972,-0.590671,-1.582927,0.583809,0.970722,0.191094,0.27537,-0.472866
11,-1.091494,-1.690658,1.434083,0.674212,0.858551,1.512228,0.574537,0.170756,-0.713802,-0.090717,1.40706,0.958164,-1.524623,-1.565327,-1.549399,-1.362443,0.934398,0.016468,-0.716233,-0.487004
12,-0.970737,-1.294736,-0.447949,-0.219196,1.609408,-0.237256,0.401926,-0.729742,-1.090313,-1.121957,1.743994,-1.866129,-1.001936,0.359442,0.839305,-1.030665,-0.491236,-1.550074,1.257918,-1.456952
13,1.46099,-0.881511,0.386481,-1.620224,-1.709818,-1.649222,0.945956,-1.065171,1.395269,-1.2055,1.702389,-0.261778,1.438416,-0.918109,-0.317553,0.839274,-1.25627,0.868057,1.335839,-1.43572
14,-1.728503,1.660339,1.09407,-0.714449,-0.317982,1.291199,-0.674557,0.592935,-1.335562,-0.576529,1.722937,-1.086389,-0.621507,0.121102,1.688365,1.292656,1.61395,1.187244,-1.570903,-0.371588
15,1.191575,-0.27508,0.961541,0.013588,0.068622,1.386344,-1.550274,-1.37959,0.808879,1.487285,1.777431,-0.631743,1.445624,1.446961,1.492098,0.9556,-1.100899,-1.040342,-1.376534,1.202997
16,1.54392,-1.588833,-0.341445,1.744878,1.232175,-0.138935,0.738159,0.865767,0.030514,1.011925,1.038447,-1.052191,1.22231,1.335374,1.091086,-1.447326,1.646776,-0.430193,0.310096,-1.160043
17,-0.502696,-0.953695,0.112283,-1.506866,1.621838,-1.429434,1.589553,-0.383061,1.306586,0.060627,-1.38143,-1.800606,-1.770138,0.913154,-0.361443,1.442363,-0.549578,-0.746723,0.636928,-1.362612
18,,,,,,,,,,,,,,,,,,,,
19,1.48259,-1.392682,0.639474,0.109003,1.554561,-1.093312,0.17597,0.315098,1.547224,-1.192941,-0.359662,-1.627311,0.196138,1.268439,-0.474224,1.104359,-1.449121,1.323087,-1.203071,0.576374
20,-1.005411,-0.413963,-0.743132,0.664656,1.14806,1.644676,-1.26672,-1.102669,0.363167,-1.363884,0.37319,1.508817,1.441113,1.759087,0.311776,1.531772,1.001875,1.28207,0.733522,0.97126
21,0.652606,1.689464,1.442281,-0.378828,1.374098,-1.195592,0.457324,-0.780454,-1.157291,1.478885,0.5604,-0.759331,-1.409954,-0.158599,0.925838,-0.35198,-0.378136,-1.124542,1.370883,-1.250706
22,-0.756588,-1.705514,-1.325077,1.192185,-0.885488,1.032463,0.967456,0.027687,-0.565355,1.569487,0.072518,1.543135,0.706732,-0.857423,1.574151,0.603795,-1.206988,-0.285832,-1.495115,0.870406
23,-1.291451,1.325205,-0.311743,1.616808,-1.537844,-0.898473,0.032659,1.634365,-1.652052,-1.463325,0.03462,0.306691,-1.561441,1.659685,1.63129,-1.537833,0.978639,1.678491,0.600976,1.179203
24,-1.709693,1.191073,-1.038772,-1.560246,-0.37472,0.503043,0.966996,0.347294,0.165394,-0.970642,0.944637,-1.637307,-0.112901,1.529179,0.227015,-0.6304,-0.864803,-1.794031,-1.462309,0.638429
25,-0.907945,1.601636,-1.508421,1.147629,0.846637,-1.594353,0.708313,-1.614127,1.420979,-0.20701,-0.456479,-0.103549,1.017582,-1.403441,-1.107647,-0.730556,0.574445,0.572325,1.323088,-0.670614
26,0.668946,1.420412,0.928747,-0.385511,1.115165,0.030452,1.439705,-1.120795,-1.622798,-1.60951,-0.752944,0.649579,0.932825,-0.505134,-1.49962,1.15246,-0.150869,-0.730846,-0.210338,-0.750311
27,1.071992,-1.686368,1.347944,0.64913,-0.478884,-0.560565,-0.721964,1.241337,1.101075,-1.48523,-1.554947,0.20051,1.542173,0.233319,1.001546,-0.212717,-0.60674,0.303652,-0.837421,1.122649
28,-1.225778,0.998973,0.652762,-1.354094,1.436889,-0.302377,-0.176697,-0.511483,1.256059,1.596018,-1.631841,-0.363477,-1.140678,-0.195863,1.554387,-0.404537,-1.152277,-0.850842,-1.192663,-0.981039
29,-1.122262,-0.420253,1.45703,1.250127,0.739007,0.804672,1.514271,-0.342297,0.318019,-1.24328,0.210772,1.049801,1.232126,0.580055,-0.078073,-0.902975,-0.807416,1.369305,1.485539,1.493144
30,0.712241,0.304716,-0.18952,-0.054986,-1.336117,-1.318618,-1.17334,1.258292,-0.545669,-0.462179,-1.346755,1.653254,1.310808,-1.299684,-0.60999,-0.076993,0.13147,-0.846615,1.079826,-0.824727
31,1.107699,-0.773947,0.09994,1.640737,-0.442836,-1.526173,-0.745678,-0.345585,0.183463,-0.566652,-1.400882,-1.289129,-0.977192,-0.557245,-0.300231,0.806335,-1.647797,-1.78598,-0.11853,-1.670717
32,-0.571915,-0.664585,0.005488,0.802552,-1.11909,1.699594,1.5254,-0.103306,-0.969669,-1.487336,0.919037,0.137115,1.638521,-1.397767,1.493769,-0.893547,0.184745,1.277499,-1.09478,1.259794
33,1.516645,1.453716,-0.342931,0.088818,1.304059,0.799198,-1.443323,-1.535376,-1.557755,-0.19515,-0.62843,0.987444,-0.362378,0.053486,0.502561,-0.651693,-0.703478,-1.523254,1.728564,-0.853161
34,-1.028598,1.563104,-0.703414,1.540137,-0.797272,1.101017,-0.531445,-1.010099,-0.781529,-0.012157,-0.292971,-1.223235,-1.374885,-0.870301,-0.741085,0.569144,-0.927129,-1.443095,-1.610878,-0.699568
35,-0.973696,-1.085155,1.409514,0.451589,-0.832523,1.292287,0.458816,-1.275153,1.372351,0.704126,0.325371,1.523745,0.13829,1.052867,0.920065,-0.003834,-1.456076,-1.499386,1.324832,1.438707
36,-0.801648,-1.471182,1.307936,1.786445,-1.327633,1.527727,0.342711,-0.121349,0.426877,-0.107532,-1.511646,1.629768,0.551113,1.76714,-0.540202,0.074886,1.278583,-1.255435,1.028573,0.120903
37,,,,,,,,,,,,,,,,,,,,
38,-1.545226,1.716163,-1.60428,-0.605712,-0.420995,1.655496,0.181672,0.528282,0.991586,0.270959,0.217005,1.574223,0.127857,-0.623921,-0.234506,-0.292923,-0.479749,1.380875,-0.894664,-0.664451
39,1.364266,1.405257,-0.561739,-0.816019,-0.549232,1.384001,0.757962,1.117633,0.93591,-0.747483,1.036561,-1.168446,-1.80395,1.347018,-1.223785,-0.211893,1.5937,-0.295774,-0.788638,-0.129829
40,1.593455,1.784304,1.571551,0.383184,-0.46265,0.190258,0.721478,0.254612,-0.066035,-0.06855,-1.211976,0.341889,1.251064,1.612465,1.502367,-1.013642,-0.468869,-0.389452,1.731688,1.673195
41,-1.17759,-0.990231,-0.42794,1.42921,1.605469,1.023294,-1.183432,1.31949,0.465286,-0.358098,0.857358,-1.206333,1.664963,0.031457,1.595457,0.809748,0.039538,0.392083,1.100889,1.683617
42,0.12098,0.243928,1.591132,-0.991971,0.960666,-0.861552,-1.523828,-1.209215,-1.352954,-1.216129,0.85931,1.536592,-0.482583,-1.638096,-1.518838,-0.477284,-1.374505,-1.747412,0.627891,-0.361943
43,0.956713,-0.26916,0.85634,0.891907,-0.89153,0.475224,-1.463922,1.128941,0.576305,1.265821,-0.510773,-0.035767,-1.556626,-1.554222,1.691498,0.600761,-0.951423,0.85324,1.113276,-1.223146
44,0.830493,-0.000596,-0.004208,-0.147447,-1.027179,-0.253549,1.596787,1.66677,1.184574,-1.318517,1.382438,1.684735,0.440531,0.92606,-0.185467,0.022346,-1.291044,1.545748,-1.561609,-0.277722
45,-0.15066,0.976874,-1.550895,-0.818499,-1.572737,-1.167646,1.601073,0.617537,0.482949,-0.923226,1.226359,-1.20234,-1.769912,-1.355733,0.885815,1.009622,-0.445772,0.23018,1.376109,-0.753142
46,1.163112,1.361339,-0.591578,1.070187,0.358621,0.040945,1.268389,-1.297413,1.410056,-0.842465,1.468408,-0.5464,-0.264413,-0.397751,1.365104,0.271806,1.644922,-1.148576,1.208629,-0.134406
47,-1.479272,0.704216,0.351765,1.505185,1.208314,1.151044,1.095834,-1.452902,0.169388,1.665467,-1.216428,1.244375,0.360047,1.665637,1.375504,1.640851,-0.122272,-0.745571,0.093092,-0.373109
48,1.132501,0.506498,-0.594246,1.374833,-0.306535,0.962505,0.33328,-1.446019,-0.965698,-0.039979,1.59973,1.352058,1.536402,0.758315,1.434905,0.361008,0.729012,0.844131,-0.791588,-0.699655
49,-1.622951,0.508949,-1.1953,-1.599154,-1.060825,-0.69182,-1.319771,1.542677,1.308664,-0.784083,-1.300026,-1.362222,-1.28277,1.517921,-0.942969,-0.716882,0.652403,0.208215,-0.923651,-0.169592
50,0.269848,0.280825,1.446553,0.80736,-1.369344,-0.485613,0.257887,-0.751771,-1.42725,-1.536192,1.485798,-1.822978,-0.195686,-0.019354,1.704121,-0.686357,1.609103,-1.312617,-1.126163,-0.15195
51,0.010488,1.248868,0.910127,1.103671,1.515239,1.577039,-1.543037,1.676151,-0.836355,-1.646837,-1.347637,0.384099,0.4436,1.619163,-0.642163,1.515454,-0.50159,-1.118926,-0.374963,-0.201929
52,0.461594,-1.63262,0.313989,0.341364,-1.132934,-1.607818,-1.112108,0.04273,0.661853,1.048722,-0.105456,-1.402209,0.38496,0.52304,-0.630514,-1.62109,1.379545,0.559032,1.466964,-0.95915
53,0.427248,-0.436717,1.578325,-0.186471,-1.628838,-0.632278,-1.452767,-0.189168,-0.918222,-0.515529,-1.045498,1.543537,-1.414803,1.469038,1.161647,-0.211206,-1.060682,0.913232,-0.066492,-1.291345
54,-1.162154,-1.650043,1.549108,1.451013,-1.6065,-0.67922,1.433756,0.074458,0.573959,-1.347274,-0.466194,-0.331086,-1.237947,-0.753507,0.488437,-1.665843,1.242393,1.695603,-0.027937,0.777512
55,1.048407,-0.617589,-0.302992,1.4975,-1.542345,0.080002,0.966591,1.053481,1.303607,0.5784,0.795373,-1.780436,0.63232,-1.029707,1.402123,-0.302609,0.21601,-1.169132,-1.454849,-0.7802
56,,,,,,,,,,,,,,,,,,,,
57,1.300209,1.240878,0.538385,-0.389317,-1.07946,0.231362,0.7332,-0.854994,1.63106,-1.339018,-1.185408,0.720821,1.24043,-1.15971,1.738682,-1.509703,-1.248766,1.676325,0.708431,-0.923083
58,-0.350792,0.294659,0.724716,1.367844,-1.303957,0.95029,1.568046,-1.169855,1.44911,-1.658524,-0.909497,1.270574,-1.338496,-1.273472,1.66065,-0.383168,-0.92346,0.424333,1.084718,-1.197604
59,0.956396,0.787402,0.943896,-0.120057,-1.520784,-1.628041,0.962762,0.910864,-1.699078,-0.421126,0.65589,-1.167611,1.3713,0.099966,-0.696557,0.057321,1.534435,1.331762,1.182493,-0.847818
60,-0.334791,0.123758,0.036071,-0.686449,-0.65556,1.670363,-0.922349,-1.663974,-1.291783,-0.822253,0.82088,-0.743554,-1.785792,-1.481075,-1.458167,1.028075,0.985351,1.28405,-0.619667,-0.600191
61,1.653479,0.210422,-0.762761,1.404286,1.672853,-0.129142,-0.89215,0.563058,-1.637493,-0.844791,0.035725,0.055754,1.569504,-1.596998,0.775636,-0.136555,0.510302,1.372229,1.702923,-0.169443
62,-0.370218,0.909903,-1.300179,0.626413,-1.516727,0.722616,0.909188,-0.419792,0.827076,-0.602221,1.683376,0.541976,-0.774217,-1.487679,-1.413659,-1.108248,0.255303,-1.583554,0.302855,1.407111
63,-1.46137,-0.703473,-1.754803,1.03066,0.607408,-0.926171,0.205288,1.434857,0.436583,-1.296165,1.368445,0.228556,0.076663,-1.307844,0.137774,-0.669376,-0.874288,1.424187,-0.529151,-1.177318
64,0.47676,-0.937394,0.933663,-1.60087,-0.966171,1.318572,0.013652,-1.500477,-0.301682,0.841876,1.628769,1.284657,-0.767017,0.74757,-0.805126,-0.450192,-0.823535,0.026315,1.046487,-1.652996
65,1.271193,1.569219,0.812481,0.868797,0.53607,-1.334981,0.13435,-1.529613,1.311251,0.052433,1.778299,0.698662,1.264768,1.250243,-1.160835,1.215181,0.933555,-1.08087,-1.631411,0.665055
66,-1.463155,-1.216877,-0.857005,-0.939889,1.651929,0.25117,-0.081291,-1.199916,0.675996,0.38686,0.39249,-0.612493,-0.385646,-1.314641,-0.544321,1.456518,-0.670369,0.448874,-1.652519,1.221507
67,-1.514535,1.219367,0.011805,-1.605614,1.32126,-1.169589,1.308732,0.995557,-1.161566,-0.174963,-1.629648,1.403441,-0.041246,-1.294834,0.147048,-0.433788,-1.089911,-0.258035,1.565437,1.331344
68,-0.167838,-1.057104,-0.545216,1.785106,0.470335,-1.028973,1.545473,-0.560022,-0.754185,-0.761735,0.485225,0.817921,0.254531,-1.275578,-1.094437,0.215805,1.55629,0.478865,-1.664365,-0.062656
69,0.803896,-1.287021,0.435376,-1.07011,-0.213672,-0.610011,0.600262,0.108898,0.362429,-1.365098,1.681559,0.625651,-1.314221,-1.280277,0.111737,-1.016133,0.642744,-1.743342,1.010844,-0.7688
70,0.447471,1.0444,1.626823,-1.026027,1.413462,-0.368862,-1.423038,0.10445,0.866064,0.601815,1.334627,0.491601,-1.246871,1.092073,-1.121393,-1.458376,-0.609894,-1.231461,1.367543,0.173341
71,0.780157,-0.881264,1.167637,-0.012435,-1.659917,0.573396,0.552933,-1.393289,1.759836,0.0956,-0.567013,-1.583241,0.759187,1.126967,0.597367,1.623268,-1.210932,-1.731182,-0.710718,-0.791055
72,-0.282855,-0.654545,-1.361898,-1.369074,1.53513,0.710548,-0.535246,1.371067,1.024884,-0.110199,-0.529457,1.191162,-0.645061,1.44704,1.512746,-1.381322,0.89915,0.33684,-1.512824,0.723927
73,1.228836,0.249589,1.228832,-0.292462,-1.581468,-0.903751,-1.425313,1.255241,-1.521192,-1.235515,-1.420471,-0.801557,1.078146,-0.21746,-0.458662,0.02325,1.386997,1.233879,0.456943,1.390871
74,0.983577,0.176213,1.37605,1.772391,-0.178084,-1.531698,-0.063775,0.981203,0.987085,-0.859586,-0.369084,0.00506,1.623181,-1.467773,-0.486576,1.153188,1.558735,1.170121,0.748527,1.441619
75,,,,,,,,,,,,,,,,,,,,
76,0.770641,0.633166,-1.857946,0.839889,-0.623972,-0.441638,1.445744,-0.628766,-1.706573,-1.537829,0.238323,0.542399,-1.175609,0.37379,0.370224,1.600279,0.662923,-0.097856,0.717122,-0.331819
77,1.655004,0.204959,-0.727732,0.204693,-1.450095,-1.369011,-1.571331,1.501511,-0.724649,0.031026,1.61638,1.504411,0.968778,1.001061,-0.315845,0.556661,-1.222517,-1.452676,-0.239942,0.290883
78,-1.309417,-1.096108,0.18751,-0.259962,1.225706,-0.646171,-0.613656,0.203673,-1.058576,1.448543,-0.253231,-0.672626,-0.628445,1.48626,-1.412386,1.583363,-0.523189,-0.110521,-0.646891,-1.460094
79,-0.667306,-1.715752,-1.244935,-0.607179,0.999998,1.51155,1.471089,1.220394,-1.611628,0.200173,1.500926,1.232671,0.147306,-1.657156,-0.05528,-0.115931,-0.002085,0.818755,-0.305913,-1.525713
80,-0.465973,1.030708,-1.463665,-0.696161,0.656441,-1.66695,0.844207,1.205758,1.464059,0.680798,-1.465695,0.8661,-0.420948,-0.157619,0.35886,1.361814,-1.335738,0.084596,-1.497057,-0.020613
81,-1.375372,0.331474,0.172024,-0.407913,0.997185,0.714005,0.899196,1.588272,-0.482522,1.493392,-1.399243,-1.187681,0.282568,1.078344,-1.04578,0.187391,-0.350122,-1.075603,-1.431333,-0.518042
82,0.820324,0.377705,-1.030513,0.583407,0.685598,-0.824971,-1.495095,0.149728,1.687271,0.712608,-1.014709,0.98072,0.202237,-0.555203,-1.583835,1.239217,-1.670896,-0.726404,-1.039469,-1.020271
83,1.641071,1.112932,-0.887938,1.232462,1.579211,0.560886,0.18045,1.482833,1.261183,0.702168,-0.223405,0.377426,-1.316792,0.456453,-1.432264,-1.665562,1.592453,0.535044,-1.441739,-0.751426
84,-0.766049,1.077499,0.638181,0.76404,-1.445406,-1.036205,1.385355,1.469291,-0.099414,-0.227387,-1.085403,-0.594397,0.3731,-0.302997,-1.619957,0.744144,0.644981,1.191483,-1.546197,-1.227682
85,-1.446043,-0.014234,1.463138,1.248027,1.068853,-0.398059,0.352202,-0.045167,0.773606,0.391252,1.426827,-0.883789,-0.271914,1.584873,1.068594,-0.291943,0.204435,0.468168,0.63986,-1.40437
86,-1.701955,-1.444169,-0.732527,-1.54749,1.00409,-1.659198,-0.584284,-0.266685,-0.205767,-1.003563,-0.106626,0.401353,-0.563114,1.595886,-0.780274,-0.062615,1.368828,0.670884,-1.658411,0.135908
87,0.497229,-0.435494,-1.70592,1.046819,-1.083066,-0.407754,-0.099188,1.358239,1.674515,0.573918,-0.185004,0.139665,-1.246752,0.298745,-1.711447,-1.719799,1.352323,-0.862101,0.326218,-0.056731
88,0.743801,1.2102,-1.728452,1.41078,1.278645,1.600924,-1.761485,-1.205089,-0.785984,-0.434735,-0.805454,-1.523028,-1.490116,-0.625282,0.378431,-0.529645,0.754057,1.093241,-1.19003,0.285866
89,1.07596,0.960498,1.010482,-1.063894,-1.265326,1.334839,1.568938,1.338425,-0.523424,1.556932,-0.940836,0.377175,-0.346013,-1.172581,-0.442878,-0.172537,-1.524655,0.32253,-0.212851,1.661876
90,-0.378485,0.335619,0.678584,0.428194,1.167563,0.194409,0.931927,-0.439632,1.66904,-1.145952,-1.22607,-0.350065,-0.043766,0.695792,0.590358,-1.72085,-1.154254,-1.400061,0.514076,-0.054009
91,-0.774751,-0.152814,-0.515959,-0.010168,1.454707,1.702816,-0.99552,-1.505117,1.484801,1.489889,1.614701,-0.263385,-1.279821,0.250262,-0.760931,-0.560496,-1.395391,0.096212,-0.429556,-0.994992
92,1.46401,-0.942934,1.000293,-0.349165,-1.189484,-1.402704,0.172443,1.276405,1.046831,-0.738214,-1.568875,1.132897,0.740891,0.467633,-1.205126,-0.337156,1.399663,-1.77912,0.482201,1.698258
93,-0.214325,-0.81231,-0.586875,0.115815,-0.899104,-0.203927,-0.685033,0.232139,-0.952621,-0.640188,1.702079,-1.152858,1.18259,1.688964,-0.312755,-1.612581,1.398596,-0.761175,-1.138929,-1.45614
94,,,,,,,,,,,,,,,,,,,,
95,-1.323526,-0.57151,1.063067,-1.096085,-0.445351,-1.385095,0.801301,-0.482594,0.756793,-1.252189,1.77524,0.486958,0.739222,-1.015399,-0.130508,0.489365,0.724555,1.232924,-0.707926,0.926617
96,-0.365257,-1.703543,-0.664228,0.981029,-1.213037,0.326206,0.911066,-0.056081,-1.615575,1.556408,-0.992582,-1.328521,1.33743,0.162747,-0.576723,0.582445,1.326178,0.826729,-0.84864,0.92808
97,-0.459821,0.557688,0.095734,1.529977,-1.127566,0.667798,0.834149,1.616881,1.309427,-0.337926,1.24521,0.458244,1.220355,0.124923,1.794677,-0.832672,0.477118,1.733281,0.339133,-1.344083
98,-1.254195,-0.714288,-1.209791,1.712059,-0.201947,1.568689,-1.698222,-0.482162,1.69403,0.878535,-0.354848,0.449628,1.55597,-0.287006,-1.123094,-1.02957,-0.126701,-1.368645,0.733566,-1.218912
99,-1.485502,1.149497,0.324685,-1.693295,-1.028349,-0.887001,0.63686,-1.497073,-1.509057,1.451042,0.499074,1.334617,0.607386,0.924572,0.132526,-1.183526,-1.660948,-0.785074,1.609801,-0.53665
100,-0.221256,1.490486,-0.198808,-1.007541,0.575333,-1.359314,0.94615,0.321591,-0.871539,-1.588017,1.59517,0.011956,-0.043636,1.617997,-0.126939,-1.123371,-0.628954,1.474952,-0.682849,-0.841
101,0.293366,-1.471393,0.668543,-1.680622,-0.002238,0.275063,0.514945,-0.728489,0.931147,-0.313502,0.499604,1.699995,-0.487557,1.679129,-1.148091,-1.323308,0.034257,0.402761,-0.820258,1.76563
102,-1.23332,0.122408,1.343857,1.7527,-1.699597,1.304002,-0.38557,0.228456,-1.147239,0.222768,-1.176881,-0.299182,-1.632283,-0.480577,1.606958,-0.778472,0.313288,-0.854424,1.069809,1.294825
103,-0.075685,-0.422975,1.396336,-1.543081,-0.825153,0.139328,1.591209,-0.784657,-0.417061,-1.664548,1.041213,-1.319016,0.782368,-0.991448,0.649785,1.310652,-0.270304,1.365872,1.298106,1.710011
104,0.858076,-1.540327,-1.527851,0.784219,-1.463109,-0.545934,-0.548327,-1.500622,0.853973,1.147216,-1.011462,1.695393,-0.537264,-0.252068,-1.429581,0.137915,1.574981,0.552359,1.397419,-0.860406
105,0.821978,0.05313,-0.977255,0.180888,0.76489,-0.155325,1.676859,1.480642,-1.259971,0.206073,-1.595287,0.970736,-0.561828,-0.612837,-1.69188,-1.26773,-0.088944,-1.190778,0.417596,-0.949813
106,-0.042762,-0.609929,-1.563315,0.065343,-0.485944,0.480336,1.394341,0.262772,-1.071576,-0.485368,-1.564402,0.174168,0.369654,1.712552,-1.473124,-1.494874,1.091834,0.611208,-1.32805,-0.998854
107,-0.860381,0.427594,-0.562069,-1.039192,-0.018154,-1.263535,-1.448477,-1.295284,1.113907,1.062035,-1.453672,0.196436,1.404057,-0.151572,0.418217,0.071722,-1.359124,0.141963,1.145903,-0.685216
108,0.855529,1.084291,-1.631347,0.507977,-1.179375,-1.437311,1.186579,-0.037829,1.306151,-1.471708,-0.141685,-0.987435,-0.173028,-0.71028,0.040055,-0.586249,-1.226495,1.779175,-1.019516,-1.224443
109,0.519568,-0.850466,-1.208156,-1.42205,0.557856,-0.69039,-1.556792,1.534618,-0.056594,-0.890257,-1.259398,0.510552,1.544167,-0.4371,-0.593243,1.147697,-0.237932,1.592822,-0.684879,-1.289048
110,0.909167,-1.444439,0.867405,0.556595,-0.286311,0.057499,-1.431922,0.03126,0.516692,0.65134,-0.490004,-0.785534,1.712295,-1.435018,0.398068,1.674475,1.161361,1.487194,1.422518,-1.245942
111,-0.515648,-1.454764,1.141984,-1.215894,0.676567,0.783262,0.135429,-0.572192,0.891517,-1.628682,-1.642848,-1.726644,1.370914,-0.918735,0.254651,-0.126778,-0.366024,-0.43065,-0.007092,1.683324
112,-0.198303,0.582341,1.124767,-1.145578,1.115034,-0.046237,-1.222899,0.087776,-0.670012,0.686046,1.351211,-1.758615,0.745965,0.114461,0.721073,-1.105054,-0.549767,0.101796,-0.180435,1.389978
113,,,,,,,,,,,,,,,,,,,,
114,0.955091,-1.620029,0.971307,1.22093,0.477053,-1.043625,-0.779023,1.661911,1.233799,1.308934,1.188398,-0.847526,-0.755836,1.203458,0.746778,-0.232367,-1.084919,0.430295,-0.657955,0.267994
115,-1.267401,0.336456,-1.704028,1.419026,1.30547,-1.644941,-0.512161,0.692543,-0.893222,-0.287894,-0.781681,1.073463,0.55078,0.999867,-0.584763,0.503085,0.84102,1.793793,0.956365,0.934833
116,1.108597,-0.362535,-1.678567,-1.68441,1.161819,0.458226,-0.200874,-1.325788,-0.714382,-0.935068,0.62305,1.717549,-1.525059,1.466733,-1.204199,0.839567,-0.665302,-0.801668,-0.142421,-0.953063
117,0.130942,0.561992,-0.630045,0.830747,-0.32652,-0.619327,0.440959,-0.211651,-0.836202,1.51021,-0.356783,-0.029861,1.689081,-1.415093,1.221229,-0.344963,-0.371559,-0.000862,-1.360456,-1.384004
118,-0.090455,1.077035,0.54459,1.204643,0.426287,-0.638601,-1.56899,0.639521,1.530476,0.673819,-0.325419,-1.172173,1.135167,0.768267,1.398517,0.896251,-1.047571,0.814751,-0.469787,1.114692
119,1.389648,-1.068544,0.882082,-0.055003,-0.423615,1.444387,0.635749,-0.351079,0.57511,0.398802,-0.349117,1.141537,0.830597,-1.005383,0.216695,-1.452372,1.040093,-0.382361,0.472985,0.098971
120,1.665898,1.701742,0.535989,1.372752,-0.775494,-1.239033,-1.374883,-1.026664,-0.293754,0.225509,0.181984,-0.567678,-0.496588,-0.232981,-1.619344,-0.763885,-1.380394,0.767229,-0.973715,0.206592
121,-0.729169,-0.496277,-1.265194,0.342358,-0.798663,-0.703327,-1.585063,-1.43983,0.698203,1.277986,1.509044,-0.854295,-0.123422,0.8402,1.221721,1.128997,-1.102731,-0.189715,-1.183122,-0.601658
122,0.372439,0.950951,1.238301,-1.372323,-1.385879,0.531328,-1.412199,1.430505,0.260549,-0.007879,-0.303997,0.438184,1.131449,-1.173715,-0.047103,0.375652,-0.645243,-0.538027,-1.531576,0.604305
123,-0.441128,1.334079,0.38753,-0.243944,0.003955,1.207444,-1.07344,1.458791,1.199154,-1.216457,-0.567011,0.274375,0.131845,-1.151739,0.738348,1.198006,1.009438,-1.125782,-0.763034,-1.498213
124,-1.222672,-0.589164,0.535585,0.829194,-1.675144,-1.017516,0.689773,-1.552387,0.001721,-0.568891,1.359718,-0.187833,-0.399782,1.513951,-1.335373,0.188314,0.670581,-0.182437,-1.044371,0.729875
125,0.139048,0.598635,0.291863,-1.423045,0.0296,-0.953888,0.639714,-0.96849,-0.686721,0.327353,-1.454956,0.561236,-1.037711,-0.938143,1.466595,-0.5395,1.60215,-1.504544,0.577444,0.291955
126,1.596752,-1.291905,-0.037298,-0.181938,0.653047,0.815646,-1.147262,-1.054176,1.241017,-1.050029,-1.060296,1.438618,1.615451,0.063994,-0.64514,-0.09941,-1.288651,0.272849,0.631436,0.113117
127,-1.163274,0.064565,1.058284,1.587829,-1.28755,-0.917727,-1.554135,-1.251197,-1.188816,1.241915,0.941138,-0.985986,0.165725,0.761351,-0.805784,-0.309421,-0.606983,1.669874,-1.185027,-0.177869
128,-1.668689,0.563926,-0.068791,-0.943513,1.020768,-0.532501,0.326364,1.489537,1.69779,0.583095,-0.281056,0.86242,-1.66536,-1.154292,0.729076,-1.656234,1.444594,-1.3201,-1.06539,1.261037
129,-0.928231,0.27582,-0.011477,0.392684,0.267952,-1.027678,-0.5057,1.55853,-1.428627,-1.284169,0.367114,0.448305,-0.042524,-0.287938,-1.131731,0.925271,-1.323813,1.623824,1.098868,0.268453
130,-1.306652,1.070861,-1.5432,-1.443086,-0.879678,-0.076372,1.276438,-1.481919,-1.188795,-0.964568,0.507475,0.5679,1.46531,0.134099,0.866708,0.179217,0.655139,-0.292434,-0.051797,1.236075
131,-0.324453,1.000374,0.964517,-1.681534,-1.087884,0.085882,-0.066216,-0.603963,-1.609815,1.472407,1.369058,0.639021,-0.386072,-0.53365,0.163765,0.032326,1.506896,-1.114005,0.837122,0.104525
132,,,,,,,,,,,,,,,,,,,,
133,-0.782734,1.064091,0.57274,-0.77104,-0.374492,-0.085567,0.363656,-1.088375,-0.153514,-1.267722,1.64246,-0.125269,-1.73925,0.346148,-1.235624,1.620666,-0.214977,1.676141,1.100401,1.746976
134,1.18559,0.644234,-0.322088,-1.389281,0.986747,-0.892253,0.698426,-0.585219,0.132949,-0.295311,-0.678317,-1.142486,1.111756,1.14995,-0.846586,-0.051142,1.312937,1.055246,-1.662729,0.108181
135,0.151676,-1.618389,1.379689,1.446991,-0.762044,-0.806953,-1.441818,1.071085,-0.294147,0.18486,-1.306424,0.764786,-0.005191,-0.264195,0.934883,0.546562,0.459282,-1.471007,1.436386,1.22734
136,-0.655968,1.745932,0.612061,-1.237836,0.708227,1.400148,-1.040661,1.274265,-1.18459,-1.182285,0.81887,0.543225,-0.897947,-0.40608,0.563036,1.651596,1.376159,1.673285,1.416327,0.831755
137,-1.652368,0.73472,-0.145573,-0.048387,-0.474121,1.47443,0.669829,-0.831494,-1.543664,-1.238017,1.032609,1.073497,-1.073761,0.509882,-1.453585,-0.93043,0.90674,-0.1378,-0.296432,0.26931
138,0.416685,-1.607191,-0.228112,0.447508,-1.403669,0.553442,1.298013,0.773743,0.808822,-0.728088,0.126103,-1.683132,1.124806,0.97026,-1.121379,-1.140849,-0.124686,1.765345,1.023127,0.265617
139,1.41128,-1.379908,0.210469,0.38771,0.109925,1.011968,0.327478,1.328792,-0.931628,1.554407,0.808744,1.528709,-1.208657,-1.597125,0.979025,0.931609,-0.735568,1.363408,-1.390846,1.095741
140,-0.816082,-1.658387,-1.257095,1.674595,0.88953,1.662416,-0.859337,1.041165,0.053788,1.130684,-1.378299,1.517775,0.200821,-0.553545,-0.655932,-0.223489,1.077225,-1.416497,0.690916,1.52694
141,-1.582963,0.174901,-1.830543,1.03982,-0.759313,-0.006875,0.086518,-0.746248,0.992706,1.286316,-0.570192,0.422106,1.202627,1.485025,-0.839215,0.094396,0.606053,0.85579,-1.091204,-1.318215
142,1.725305,0.116222,-1.252347,0.937328,0.873627,-0.234546,-1.203676,-1.002373,0.220549,-1.352358,1.312275,-1.477925,-1.212411,1.024476,1.37588,-0.098266,-1.346002,0.55084,-1.490474,1.587015
143,1.530425,0.841765,0.117163,-1.418842,1.009105,1.54653,-1.294204,-1.408804,-1.163266,0.194143,0.625291,-0.975348,-1.474071,-0.506905,-1.156365,-0.311994,-1.444715,0.934937,0.768577,-0.28485
144,0.840496,-0.901018,1.558664,1.770833,-1.630089,-0.91424,-0.24129,0.692139,-1.257887,-0.581827,-0.46898,-0.239774,-0.897086,-0.435818,1.138853,-1.461549,-0.52283,-0.936719,-1.585009,-0.635116
145,-1.075081,-1.538477,-0.979652,1.358038,0.554652,1.44306,-0.195094,-1.562885,1.379388,1.097749,0.851595,0.26587,-0.87495,-0.949244,-0.11813,1.578921,0.863937,0.799762,-1.082365,-1.304319
146,1.058713,1.329306,1.607697,-0.039203,-1.422781,0.61127,0.939325,-0.210343,-0.326767,-1.238514,0.980065,0.48315,-1.006117,1.428683,1.724501,-0.163578,-1.337657,0.169449,-0.297908,-0.091014
147,-0.875536,-0.333302,-1.750007,-0.744254,1.428914,1.607861,0.639317,0.296442,0.189119,-1.422794,0.876941,-1.877641,1.317889,1.717056,1.337177,1.349188,-0.789188,-0.009546,-0.285485,1.34046
148,-1.381814,-1.517403,0.421665,-1.001635,0.931506,0.908005,-0.780178,-0.050209,-0.978392,0.221327,1.401435,1.090569,0.944472,1.355883,0.813713,-1.337186,-0.714274,-0.432939,1.177941,1.367171
149,-1.7468,0.968009,1.10156,1.358667,-0.717863,-1.270333,0.304543,-0.85803,-0.356079,1.164692,0.813401,-1.610224,1.370615,1.034677,0.407893,-1.379671,0.215339,-1.688152,1.181089,-0.207443
150,0.996476,-0.840079,1.171717,0.134567,-0.648401,-0.246973,0.18292,-0.09209,0.358532,-0.868907,-0.65435,-1.78714,-0.698233,-0.83448,-0.448402,-0.977846,1.167047,0.187588,-1.451833,-1.39246
151,,,,,,,,,,,,,,,,,,,,
152,-0.861537,0.687281,-1.571092,1.447636,0.687154,-0.228427,-1.329809,1.641088,0.7964,-0.237869,-1.456997,0.411414,1.175545,-1.585536,0.836842,0.377866,1.311236,-1.750169,1.43767,1.304741
153,-0.886455,-0.057245,-1.238783,1.519483,0.958358,-0.130267,1.232676,0.83643,0.525357,1.709067,-0.038721,-1.244341,0.079983,-0.27378,0.898847,-0.398332,1.115309,0.273866,-1.036511,1.531619
154,1.164878,0.410843,1.607552,-0.300823,1.18926,-0.862312,1.530836,-1.115082,-0.36625,0.987036,0.913561,1.484198,0.075159,-1.154692,1.426043,0.13712,-1.103309,1.254202,-0.779798,-1.564526
155,0.283798,0.468527,-1.101908,-0.738179,0.706854,0.889198,-0.439565,-0.874566,1.102585,-1.318337,0.761269,-0.336054,-1.015639,-0.70993,-0.701959,-0.515713,1.259777,-0.235211,-1.249723,1.601001
156,-0.733915,0.406602,0.467283,-0.82004,1.144287,-0.802753,0.16939,-0.587826,0.237525,1.528079,-0.263752,1.382224,0.76131,-1.576453,-0.126536,1.075494,-1.065937,-1.629779,-0.828525,-0.158838
157,0.885667,0.659193,0.587496,0.450847,0.486615,0.562127,0.541024,0.186308,-0.727334,1.46764,0.079916,0.139631,-1.650902,0.826234,-1.578423,-1.721366,1.515955,0.08907,0.71727,0.665313
158,-0.523342,0.429036,0.674799,-1.573967,-1.384071,1.226742,-1.396329,0.100009,-1.024697,-0.968897,0.35452,1.388932,-0.260905,-1.436265,0.302989,0.640866,-0.644612,-1.134317,1.146621,-0.753089
159,-0.50331,0.641977,0.0975,-1.282284,1.1996,-1.62255,1.646281,1.464069,-0.148963,0.691944,1.344358,1.560206,0.158826,-1.250547,-0.182563,0.702101,-0.289543,1.624278,0.063799,1.024525
160,-1.031001,-1.356637,-0.360269,-0.560727,-0.092689,0.039466,-1.114575,-0.645926,1.389803,-1.563864,-0.766859,0.018702,0.986612,0.321153,-0.047021,0.924309,0.283292,-1.370633,-1.38049,-0.117384
161,0.947249,-1.379494,-0.904362,0.1531,0.122663,0.530617,-1.703589,0.192499,-1.553439,1.204033,0.284842,-1.301094,-1.273525,0.949411,0.350288,0.714596,-0.31251,1.450311,-0.95839,-0.170202
162,-0.701231,-1.469768,-0.570576,0.024566,-0.758883,-0.354231,-1.522947,-1.334612,-0.711134,0.590475,0.349782,0.39398,0.390304,-1.412385,0.534198,-0.267723,-1.392993,1.182403,1.397359,1.674607
163,-0.498439,1.435568,1.159084,-0.828772,-0.062525,-0.394514,0.773017,-0.629896,-0.740602,-0.076621,-1.194109,-0.093872,-1.58665,-1.299039,-1.542943,0.392869,-0.85127,-1.134647,1.622423,-1.294826
164,0.842691,1.04221,-0.132034,-0.706763,1.106757,1.228508,-0.958629,-1.076371,-0.88886,-1.445148,-0.064318,-0.440922,1.457983,0.330351,-0.934273,-0.268743,-1.244424,-0.109307,-1.268149,0.691352
165,-0.522006,1.715599,-0.184098,-1.632368,-0.520123,0.12935,0.358084,0.995887,0.96722,-1.245013,0.204568,0.927279,0.454094,0.542456,-1.435006,-1.649515,1.443153,-0.368785,0.546639,0.227492
166,0.160604,-1.159393,0.600381,0.473074,-1.633129,0.303218,-1.37471,-0.734444,-1.62183,0.047301,0.196036,0.036162,-1.212579,-1.536269,-1.133789,-1.356453,-0.373802,0.043506,-0.098604,-0.226919
167,0.175194,0.280439,-0.407059,-1.218043,1.194146,-1.565456,0.846923,-1.127441,-1.321557,-0.379646,1.694308,-0.920837,-0.857257,-1.667471,-0.596387,-0.685274,0.915829,1.264069,0.933085,-0.125161
168,-1.701799,1.718422,-0.037852,-0.32414,-1.698917,1.035206,0.651859,1.397349,-0.298194,-0.125258,-1.151835,0.942372,-0.562609,-0.186202,-0.557995,-1.439088,1.468848,-0.000627,-0.492308,1.525399
169,1.457756,0.434944,-0.135182,1.776244,-1.318231,0.685867,0.24397,-1.321451,0.050248,-0.397376,0.305639,-1.045104,0.512826,1.268687,-0.021907,-0.916832,0.907397,1.483963,1.048263,-1.086456
170,,,,,,,,,,,,,,,,,,,,
171,-1.584953,1.130219,0.611103,-1.117882,1.540083,-0.680019,-0.41121,0.924654,1.444419,1.038259,-1.515186,0.381111,1.324871,-0.544171,1.047981,0.289275,0.769468,0.614758,1.428035,0.549179
172,0.193745,0.945388,-0.625552,0.907204,-0.434519,0.364449,-0.491798,1.447158,-0.122358,-0.797565,1.287023,1.538562,-0.235543,0.152673,1.124387,-0.181373,1.346631,-0.449173,-1.393882,-0.24246
173,-0.031453,0.521464,-1.131751,1.616605,0.428066,0.936071,-0.647832,-0.193242,0.389388,-1.515057,0.229092,0.551395,0.211204,-1.55687,1.01918,1.544081,1.55314,0.868876,1.075232,-1.671546
174,1.629333,-0.14837,1.435908,0.311386,1.604248,0.336869,0.423014,-1.438764,-1.563637,-1.611021,-0.606892,0.227854,0.482246,-0.402975,-0.947419,-1.693602,-0.30272,-0.602173,0.502307,0.855362
175,-0.110773,-0.544897,-1.496424,-0.560523,0.163396,1.500237,0.852354,1.60909,-0.766537,-1.417718,-1.425114,0.623035,1.479539,-1.255124,-1.017064,0.08594,-1.343827,-1.478228,0.042209,-0.483507
176,0.395681,-0.333969,1.375033,-0.548371,0.763657,0.840117,-1.008663,0.979064,-0.107753,0.554764,-0.214537,1.397488,1.669469,1.652057,-0.174221,-0.608938,1.613658,-1.390122,-0.797391,0.892342
177,-0.503083,1.596719,1.551949,1.400409,0.217592,0.909419,-0.131226,-1.219854,1.270074,1.648314,0.339531,-0.79263,1.05884,-1.056687,-0.690316,0.354176,-0.604053,-0.854449,0.652093,-0.569673
178,0.370619,1.015472,0.49248,-1.681607,0.799197,1.37089,0.272965,0.263502,0.931889,0.135005,-0.274566,0.04513,-1.195093,1.730154,-1.169087,-0.887569,-1.492626,0.628699,0.347813,1.122522
179,-0.6004,1.501412,0.920671,1.677937,-0.618259,-0.413899,-0.930505,0.344715,0.280842,1.137786,-0.971737,1.403562,0.355549,-1.084273,1.353123,1.610952,-1.508262,-0.09522,0.482886,1.256409
180,-1.213534,-1.200807,0.390352,-0.826142,-0.156653,-0.688375,1.019208,-0.906794,0.60191,-1.612189,1.771802,-1.533803,1.489595,1.044537,0.521414,-0.964877,-1.528167,-1.041008,-0.672764,0.862177
181,-0.725354,-0.97011,-0.764695,0.334686,0.566285,-1.340442,-1.351478,1.048684,-0.558092,-0.77615,-0.780748,-1.81131,0.349715,-1.500596,0.197002,1.270036,-0.800908,-0.935312,1.034385,-0.633804
182,-0.255925,1.02732,-1.338197,0.795077,0.622629,0.36506,-0.734599,0.94266,-0.530748,0.560774,-0.834967,-1.40966,0.7383,0.330026,0.341761,-0.465192,-0.983152,0.938536,0.510594,-1.540407
183,-0.975436,1.329581,-0.843934,-1.046347,1.143998,1.631991,-1.164441,-1.449859,0.161983,-0.719621,-1.51534,1.209048,-0.247435,-0.617729,0.351151,-1.094245,1.087044,-0.322776,1.074421,-0.228255
184,-1.175217,-0.141689,-0.582214,-0.752435,-1.626874,0.580867,-1.499004,-0.936723,-0.347914,-0.982327,-0.618297,1.184943,-0.547218,1.287941,-0.635881,0.205891,-0.00138,0.881217,1.413302,-1.026791
185,0.175115,-0.71197,0.083438,-0.512722,-1.611146,-0.602222,0.438093,-1.623493,-1.59051,-0.617936,0.004822,-0.374693,-0.376118,0.728441,0.406431,-0.873659,-1.370277,-1.213168,-1.271054,1.288452
186,-1.607048,0.99906,-0.496539,1.699066,-1.252485,-1.624256,-0.277621,1.636148,1.214486,-0.882179,0.306937,0.470584,1.540879,1.641538,-1.002801,-1.239285,0.302839,-0.519331,-0.173541,1.0067
187,-0.92058,-1.529737,0.390381,-0.80783,0.847118,0.407487,-1.00727,-0.954955,1.092246,-0.921717,-0.39858,-0.771988,-0.9276,0.639823,-1.679851,-0.9138,-1.211182,0.351268,-1.121524,-0.67258
188,0.00467,-1.115334,-1.320386,0.742418,-0.050887,1.499137,-1.681611,1.002711,1.060288,0.105448,-1.4669,0.221347,0.657962,1.696567,0.097979,-1.229365,1.291712,-1.740896,-1.265993,-1.112863
189,,,,,,,,,,,,,,,,,,,,
190,1.556372,-0.819138,0.99274,1.138899,0.288055,1.629888,-0.980802,-0.076231,0.997755,-0.270085,-0.337784,-1.159878,-0.14109,-0.660942,-1.364568,1.648183,0.222879,-1.647704,-1.033556,-1.677129
191,-0.453062,1.170292,1.14127,-0.477594,0.325321,1.7189,0.241348,-0.504377,0.49467,1.256143,0.834555,-1.306852,-1.548473,-1.175376,-0.867212,0.383974,-0.02576,-0.043976,-1.320682,-0.574634
192,-1.426901,0.526279,-0.873049,0.678685,1.050859,-0.503816,0.087876,-0.697597,-1.335745,1.607782,-0.365664,1.068134,1.209286,0.498985,-0.646334,-1.037449,0.772088,-1.041551,0.996591,1.135568
193,-0.568722,0.761117,-0.158554,-0.045735,0.722296,1.705413,-0.497972,-0.892891,-0.344232,0.603817,1.327574,0.609987,0.299479,0.347842,0.009779,-0.097088,1.405456,-0.265375,1.563182,-1.309646
194,1.212763,-0.988259,-0.169819,-0.33544,1.517983,-0.708273,1.389643,-0.576406,0.884153,-0.211193,0.062721,-0.003216,0.945355,0.812236,-0.194488,-0.351945,-0.495363,1.044253,1.271753,0.268153
195,0.698465,-1.381237,-0.109264,-0.900733,0.122958,-0.89465,-0.176174,1.693211,1.618344,0.54439,-1.322762,0.154589,0.724388,-1.597897,-0.498952,0.228203,-1.038022,-0.400293,0.951041,-0.508936
196,0.579345,1.353659,0.456313,1.672919,1.678214,0.938916,-1.158075,1.648646,0.977311,-0.418798,1.518037,-0.640742,0.250088,0.878398,-0.430873,-1.009008,0.152489,0.638469,0.989141,-0.240994
197,-0.638642,1.00669,-1.459215,-0.564759,-0.151535,0.271258,0.415034,0.453395,-0.719237,0.034726,0.066013,0.195365,0.297038,-0.842416,1.437876,-1.364604,-1.561062,0.536342,0.626839,0.874972
198,-0.531223,-0.11408,1.003347,-1.294038,-0.697678,1.197621,1.417705,-0.871546,-0.505996,0.407004,1.176167,1.269176,0.277279,-1.224847,-1.53661,-0.440639,-0.114282,0.189756,-1.375342,-0.258657
199,1.645682,1.086314,1.114556,-1.211163,-0.58957,0.408421,1.677204,0.755227,-0.800395,1.143695,-0.392795,1.664304,-1.072614,-0.805492,0.054032,-1.395709,-0.977624,0.856313,-0.454402,-1.451685
200,-1.524659,1.553577,0.356772,0.436579,1.161699,-0.611556,-0.616144,1.336199,0.661378,0.793429,-0.398417,1.578836,-1.808728,0.654237,-0.051723,-1.109361,0.630381,0.415881,-0.31548,-0.462961
201,0.259825,-1.097133,0.260728,-1.129184,-1.375265,-1.523041,-0.720462,1.591643,1.154261,1.39676,0.365365,-0.055498,-0.896574,-0.46037,-1.602287,1.65702,0.393956,0.177701,0.521948,-0.517726
202,0.15834,-0.342776,-0.996496,1.584428,1.119682,-0.949272,1.486664,0.32688,-0.662248,-1.229767,0.435181,-1.37546,0.141898,0.695762,-0.736657,-1.708304,0.250809,-0.838627,0.629966,-0.143709
203,-0.932594,1.326699,1.321936,0.1353,-0.331403,-0.571631,-0.214201,-1.584341,1.600835,1.444679,-1.595333,0.881705,1.026661,-1.596199,1.30139,-0.656868,-0.99053,0.651082,-0.902826,-0.170098
204,0.77369,-1.269612,-1.608216,-0.834512,1.701057,0.890714,-0.423106,-0.479193,-0.776039,0.008268,1.100044,-0.128546,-0.406914,-0.47788,0.961674,-1.218309,-1.688986,-0.388366,-1.436741,-0.546649
205,-0.940382,1.42934,1.328154,-0.381294,-0.875484,-1.670754,-1.144197,-1.140213,0.118087,0.384645,0.47197,0.907871,0.509988,1.720403,-1.024145,0.252145,-0.116547,-1.137546,-1.59583,-0.059281
206,1.1342,-1.620089,0.548194,0.995674,-1.266513,0.500356,-0.566147,-0.489057,1.540315,0.693009,-1.365188,-0.340595,1.677375,1.167361,-0.99326,0.945045,-0.071357,-0.115632,1.027584,0.320419
207,-1.190595,0.7536,0.939947,-0.978533,-1.710773,0.655756,0.14704,-0.624347,-1.3324,-0.743853,-0.389254,0.424713,0.20083,-0.807911,-1.689025,-0.105202,-0.753881,-1.258431,-1.675114,0.425644
208,,,,,,,,,,,,,,,,,,,,
209,1.246157,0.893424,1.211363,-0.37809,0.654176,-1.592638,0.491936,0.474213,-0.932383,1.782203,0.952503,0.087428,0.277217,0.277691,0.284831,-0.177459,1.146509,-0.109395,-1.229017,1.448346
210,-0.205619,-1.377803,1.623457,0.390103,1.078511,1.346362,-0.35675,0.87056,-0.121269,-1.447615,-0.341459,0.164339,0.721965,-0.037288,-0.113097,0.058215,1.64074,1.595244,1.719976,1.424711
211,0.853873,1.564801,-0.552156,-1.600169,-1.537829,0.506073,-1.31236,-1.170551,1.404123,-1.448486,0.12037,-0.541388,1.2432,-0.42653,-0.560754,-0.778921,0.734791,0.189909,0.213058,0.592023
212,1.373533,1.327043,-0.529664,-1.607178,-0.958848,-0.021678,1.629248,-0.915897,-0.689861,-0.200825,-1.506533,0.2976,-1.756158,-0.771257,-1.245338,-0.670688,-1.002187,-1.30911,0.037039,1.305791
213,-0.046254,-0.596422,1.057549,0.687921,0.172722,0.150506,1.470691,1.322919,-1.395128,0.805112,0.162515,-0.942541,0.828256,0.336527,0.825546,-1.081938,1.430874,1.699932,-0.090445,-1.119373
214,0.080947,1.530685,0.04648,-1.275932,0.99738,1.460863,1.172716,0.117834,0.59758,-1.148371,0.222161,0.120592,-0.290762,-1.008577,-1.657976,0.070833,-0.080438,-1.574656,-1.03759,-0.411832
215,0.737261,0.196399,-0.320757,-1.193279,-1.441512,-0.467668,1.129044,-0.420445,-0.026221,-1.098313,1.734342,0.659893,0.065132,1.106851,-0.522685,0.290632,1.154988,1.631552,0.419265,-0.690698
216,0.577737,-1.343034,1.178436,0.967735,-1.179295,0.044643,-1.700243,-1.075862,-0.007258,-0.509187,0.25027,-0.552971,-1.773499,0.490134,1.022235,1.319075,-0.468242,1.430236,1.243364,-1.028167
217,0.471689,-1.528247,-0.512892,-0.911993,1.693623,-1.523776,-0.428177,-1.272957,-0.880155,1.191142,-0.121262,0.142754,0.251669,-0.569235,-0.080251,0.58047,1.002105,-0.950399,1.446806,-1.461758
218,-1.718865,0.84292,-0.73296,0.890144,0.986221,1.545464,0.067758,0.797798,-1.450141,-0.310446,1.567988,0.815232,-0.818378,-1.494871,-0.456214,-1.359684,-0.035068,0.335923,-1.429231,-1.092453
219,-0.116408,0.407694,0.20311,0.297253,0.490386,1.455055,-0.216326,-1.498249,0.65245,-0.161357,1.059153,-0.602519,-0.106192,0.471468,1.739373,0.650483,-1.408078,-0.999515,1.226467,-0.908246
220,-0.143103,-1.305922,0.484472,1.19257,1.008102,-0.202823,-0.511608,-0.183034,1.174275,0.801689,-0.240253,-1.514524,-1.055531,0.526773,0.930659,0.7629,0.954143,-0.737276,-0.09161,0.708758
221,1.077532,-0.720706,0.173374,1.645872,-0.510722,0.115615,-1.44432,-0.27367,-0.599809,-0.563758,0.134503,-0.200078,1.424608,-0.432704,-0.544995,0.22979,1.180914,-0.805587,0.57912,-0.370662
222,0.190931,-0.299915,-0.45524,0.758782,0.802499,-0.405353,-0.198348,-0.892698,0.067978,0.442738,0.218274,-1.720932,-1.526418,-0.177824,1.39409,1.594393,0.65383,-1.517164,-1.244375,1.189998
223,0.560867,1.199218,0.552802,-1.320674,1.600544,0.132811,-1.666819,-0.43199,-0.377622,-0.300216,-0.690194,-0.071402,0.940588,0.058665,0.479256,0.112346,1.501876,-0.339454,-1.03467,-0.921947
224,0.422987,-0.499461,0.814166,-0.468,-0.355433,-1.147382,1.438668,0.788496,-1.704048,1.452987,1.353198,1.327689,0.478787,1.563347,-0.240994,0.192487,1.106473,-0.33402,-0.72301,-1.216748
225,-0.614391,0.077353,-1.781809,-0.787749,-1.216288,-1.715339,-0.448046,0.039254,-0.1958,-0.466545,1.263275,-0.328948,-0.261378,1.172721,-0.208539,1.08838,-0.109623,1.083189,-0.005744,-0.565165
226,1.010942,-1.362097,-1.832959,-0.178625,0.90739,0.668086,-0.321214,-1.286722,0.538006,-1.659542,-1.14579,1.663016,0.789153,0.765473,-1.683041,-1.306688,0.667576,-0.992768,0.725433,-1.435461
227,,,,,,,,,,,,,,,,,,,,
228,0.976559,0.658523,-0.160861,-0.298077,0.068544,0.598171,1.504367,-0.990983,-0.481066,-0.793139,1.123641,-0.645703,1.68603,0.186193,-1.562925,0.435925,0.333269,-1.394576,0.295499,1.03904
229,-0.429261,0.151626,-0.858092,0.139323,1.542399,0.640245,0.454194,1.14674,0.435016,-1.557055,1.712885,-1.859116,1.671406,1.176214,0.790564,0.50394,1.165632,1.786384,1.557797,0.583707
230,0.564627,1.214585,1.210769,-0.753492,-0.417367,-1.624287,0.176575,1.350445,-0.493289,0.588107,-0.949631,1.632406,-1.100146,-1.577503,0.186197,-1.151978,0.408813,-0.931497,-1.516692,0.666137
231,0.015408,-0.982123,-1.274731,1.209078,0.765916,-0.290908,-0.302347,1.223452,0.665915,0.989251,0.892982,1.477836,-1.401236,-0.033055,0.566466,0.530663,0.836209,1.265253,0.603959,1.461998
232,0.484934,1.074926,0.144681,-1.702023,-0.434115,-1.584241,1.259808,0.484212,1.279673,1.066882,1.662332,-0.585076,-1.435135,1.733509,-0.44198,1.544745,0.174084,0.045323,0.68765,0.571221
233,-1.708973,0.602353,0.37322,-1.594086,-0.751814,1.611903,1.11822,-0.135716,1.423755,-1.571692,1.248124,-0.613797,-1.011877,1.414454,1.259784,0.633769,-0.717229,0.368706,0.604462,-0.125708
234,1.590181,1.060779,0.647235,-0.255844,-0.659504,0.286683,-0.68158,0.073243,-0.793673,-0.595905,0.588152,-0.747363,0.239826,-0.623053,0.427039,-0.815234,-1.373358,-0.880412,1.151725,0.725049
235,-0.719359,0.224704,0.895347,-0.576486,-0.02674,0.6883,-0.598925,1.515831,0.874004,0.001792,-0.439568,-1.026093,1.247259,1.355462,-0.827531,-0.162992,0.521961,-0.981172,1.733141,-1.687727
236,-0.840264,-0.292847,-0.582534,-1.116352,0.690594,0.712591,-1.266087,0.307404,-0.059442,0.257112,-1.347442,0.768635,-1.339628,1.274108,-0.185839,0.663452,1.493348,-0.062211,1.187047,1.766081
237,-1.726986,-1.252284,1.239413,-0.694063,-0.609565,0.092441,1.618611,1.49575,-1.162938,1.588797,0.665487,0.085446,1.273855,-0.854123,1.381344,0.266757,0.705491,0.520634,1.544801,-0.599152
238,-0.330147,-0.532136,1.60021,0.849781,-0.547386,-0.662573,0.703285,0.535081,0.203031,1.235925,-0.121514,0.865963,0.843358,0.051527,0.165132,-1.573894,-0.098855,-0.357085,-1.276996,0.06748
239,0.046499,-1.051349,-1.308398,-0.642469,1.303247,-1.483578,1.411398,-0.537575,-0.586897,1.748499,-1.480102,-1.246126,0.183159,-0.711373,1.202559,1.507536,-1.290682,0.015569,0.224373,-0.885923
240,0.687633,0.35356,-1.700439,-0.493702,0.252242,-1.465293,1.277699,-0.521581,1.428531,-0.286997,1.163667,-0.627381,1.499248,-0.741579,1.57045,-0.262297,-0.492259,-0.019174,-0.28872,-0.684579
241,1.671262,0.345169,-0.99641,0.552943,1.167877,-1.072304,-0.436317,0.737609,0.353054,0.710778,-1.029265,-1.448758,0.653597,0.970418,1.60878,1.100572,-0.721169,-0.40318,1.320797,0.428463
242,-0.288805,0.026731,1.265873,0.351895,0.360937,-1.040672,-1.38484,-1.643448,-0.519876,-0.311535,1.481922,0.773898,-1.010768,-1.312837,0.208079,-1.286241,0.183592,0.014913,-1.013012,-0.935599
243,-1.442248,0.325112,-0.443974,-0.198741,1.392318,0.540587,-0.278172,0.510822,-0.682129,-0.833538,-1.466249,-1.775933,1.341041,1.380983,-0.119795,-0.579257,1.24374,0.671006,-1.586174,-0.116363
244,-1.317265,0.126129,-0.800381,1.189539,-1.593525,0.79823,-1.004373,-0.363475,1.531958,-0.138852,-0.84982,-0.728046,0.957619,0.183885,-0.561624,0.099243,0.925747,1.60822,1.383682,-1.000987
245,0.672337,-1.237009,0.881452,-0.841024,-0.421621,1.498105,0.54204,0.46221,1.453047,-0.638059,-1.153028,-0.138794,-1.552357,1.444631,1.602467,0.314306,1.583824,-0.289458,-1.618579,1.373519
246,,,,,,,,,,,,,,,,,,,,
247,0.734285,-1.638564,-1.152127,-1.618649,-0.815416,0.832294,1.482548,-0.405396,-1.64024,-0.956096,-1.333873,0.35311,-1.134215,0.587741,-0.614584,-1.615912,0.991573,-0.932871,1.454154,0.929313
248,-0.680461,1.57859,-1.513706,-1.188931,1.335267,-0.052376,0.629738,0.254748,0.71544,0.425155,-0.497439,1.156113,1.080648,-1.56095,-1.279616,0.934958,0.739283,1.393106,-0.167249,0.406702
249,-1.514099,0.370959,0.602896,-0.7024,-1.025485,-0.637637,-0.463392,-1.171249,0.216683,-1.236812,-0.265325,0.372804,-1.797281,0.949324,1.590293,-0.452304,0.861053,-0.939297,0.815406,-0.521162
250,1.20042,1.154262,0.423184,-0.018887,0.57675,1.161188,1.588342,0.989147,-1.493864,-1.391749,-0.004287,1.5458,0.141658,1.773545,-1.411404,1.320876,-0.474271,-0.750944,-1.002825,-1.411967
251,-0.638771,-0.236115,1.157967,0.939759,1.132105,-0.27282,1.316416,0.263706,0.004083,-0.656906,0.19943,1.570102,-0.332647,-0.075431,0.440303,-0.821796,0.743419,1.768582,-1.201601,0.179087
252,-1.315462,-0.294398,-0.405593,-0.877142,0.234942,1.125367,-0.93063,1.4944,0.134327,-0.434748,0.586826,1.705299,0.824524,0.153776,1.048552,0.847145,0.234445,-0.385738,1.006261,0.636597
253,-0.439371,0.302094,-1.043554,-0.391163,-1.48408,-0.318728,-1.350667,-0.856673,0.701034,1.05992,-0.502838,-0.162222,0.087391,1.165297,1.78184,1.239504,0.417779,0.076042,1.180056,-1.30064
254,-0.867877,1.768829,-1.040196,-1.101845,-1.400056,1.353996,-0.78103,-0.766936,0.901573,1.507952,1.038275,0.305545,-0.28279,0.22685,0.218267,-0.767325,-0.228055,-0.539585,0.305514,-1.215014
255,-0.019055,1.03342,1.02527,-0.989512,-1.286674,-0.607938,-1.396649,0.385106,0.031619,-0.179395,-0.695541,-1.412484,-0.314953,-0.073546,0.618301,-0.324693,1.504442,-0.787697,0.522159,1.625024
256,0.750723,-0.324423,0.801944,-1.173732,1.258539,-0.104781,0.363073,-0.79916,-0.103237,-0.824467,0.918268,-1.28953,-1.018786,-1.28387,1.10972,0.389063,-1.153532,-0.420367,-0.898125,-0.761468
257,1.735515,-0.856407,-0.240364,0.37522,-0.453195,0.529803,-0.010671,-0.493559,0.917137,1.740631,-1.282188,-1.602739,0.461443,-0.309961,-0.805344,1.28774,-1.551273,-1.362788,0.156174,-1.40378
258,-1.350176,0.645613,0.704997,1.345081,0.818777,-1.634242,0.565245,-0.885609,0.116305,-0.67663,-1.304066,1.087295,1.36093,-1.623086,-0.236659,1.354489,1.203515,0.828139,0.515228,0.348927
259,0.590396,-1.396102,-0.138124,0.159082,-0.086334,-0.649988,1.494664,0.968005,-0.703899,0.375294,-1.583057,1.563886,0.452813,-1.682663,1.434465,1.547922,-0.364019,-0.233613,-1.552865,1.043112
260,-0.799166,-1.135102,-1.46092,-0.333312,0.712587,-1.376075,0.645483,0.415283,0.022552,-1.043237,-1.453397,-0.407592,0.645954,-0.456102,-0.824605,-0.970019,-0.905667,0.538842,-0.078655,-1.172276
261,1.608357,-1.209262,-1.779178,-1.439331,0.248525,0.527244,1.551149,1.413984,0.681356,-0.415,0.134913,-1.085891,-0.185342,-0.167342,1.677947,-0.075947,-0.20797,-0.896709,0.989351,1.059349
262,1.570079,0.422079,-0.064409,0.190386,1.668488,-0.962644,1.388401,1.373249,0.978785,-0.932653,-0.368418,-1.840757,0.24775,1.111729,-1.248955,0.01878,-1.327773,-0.278769,-0.03907,-1.068348
263,-0.099554,0.462502,-1.493921,-0.020806,-1.422748,-0.560502,0.456367,-0.859415,-0.260448,-0.409708,1.38797,-0.078583,-1.734439,0.640432,-1.244767,0.813053,0.774616,-1.601666,0.194393,-1.225775
264,-1.463381,1.388449,1.569175,0.662929,0.700666,-1.042796,-0.463205,0.139722,-1.248646,0.872203,0.06526,0.579726,0.706838,0.697728,-0.931514,-1.691907,0.936967,0.85346,-1.472194,-0.723281
265,,,,,,,,,,,,,,,,,,,,
266,-1.390568,-1.345619,0.57804,-0.772001,-0.29434,-1.067911,-1.058319,1.38809,0.368089,-1.120188,-1.353763,0.600378,1.534307,0.299,0.120641,-1.417085,0.600879,0.371289,-1.529906,0.609858
267,1.079247,-1.440055,0.04969,0.601101,-0.646715,0.182893,-0.537617,1.029035,-1.272524,-0.834474,0.539968,-1.43977,-1.086587,-0.106239,0.68896,0.387341,-0.37343,-0.754493,0.341902,1.112615
268,0.449379,0.910914,0.980105,-0.174037,-1.136213,1.568617,1.397443,0.525221,-1.453546,1.065988,-0.29597,-0.640488,-0.888359,0.319342,-0.065279,1.288577,1.415967,0.213546,0.746899,0.021397
269,-0.701149,-0.333184,-1.826687,-0.269017,-0.268919,0.500918,-0.11059,1.418529,1.473842,-1.114562,-0.237698,0.200524,0.085754,-0.59129,1.574721,1.176194,-0.154629,1.56527,-0.241365,-1.424728
270,0.631211,-1.514999,0.363242,1.185042,0.40296,-1.179369,1.073718,0.57324,-1.057886,-0.006382,-0.398781,-0.229178,1.30546,0.406768,-1.473199,0.110257,0.110368,1.795069,-1.164595,0.869787
271,-0.894464,-0.799145,-0.475195,0.912134,-0.723961,-0.04439,0.534043,0.161366,1.223108,0.966655,0.065445,-0.050095,0.146178,-0.129987,1.27961,-0.761481,1.264324,0.819,1.53312,1.41582
272,0.641144,0.147015,0.497183,-0.899728,0.225892,0.134391,-1.569188,0.549801,-0.274197,0.376183,-0.886772,-0.164068,-1.378252,0.126912,-1.20409,1.286906,-0.462561,1.588501,-1.27945,0.300416
273,-0.874654,1.370525,1.600103,-0.338881,-0.261775,0.283852,1.20808,-0.535696,0.278747,-0.487343,-0.145318,1.228558,0.531183,1.211552,-0.380532,-1.36682,0.944741,0.882049,1.679607,-0.505906
274,-0.768181,0.189507,1.00904,0.81109,0.647311,1.58491,-0.125061,1.4754,-0.626081,1.000021,-0.361097,-0.236572,0.226768,-1.053979,0.561623,0.357465,-0.524188,-0.979127,-0.540799,-0.631654
275,-0.212508,0.984058,0.19648,-0.844531,-1.394947,-0.097401,-1.768574,-0.013374,-1.513067,-0.370356,0.869068,-0.920264,1.252454,-0.663151,-0.447777,-1.714902,-0.959372,1.208141,-0.05551,1.088427
276,-1.578613,0.992086,-0.251061,1.324612,-0.109133,-0.863592,1.405858,1.333435,-0.37313,-0.037437,0.504436,-1.48257,0.557131,-1.039846,0.298105,-1.004449,-1.414012,0.097723,0.041818,0.261047
277,-0.006219,1.142081,-0.332865,0.779128,-0.183188,0.206411,0.666681,-0.649216,0.720006,0.673627,-0.277097,-1.342421,-1.76093,0.194876,-0.644974,-1.209279,0.757697,-1.564661,0.250922,-1.310433
278,0.85654,0.528668,-0.947755,0.718,1.189211,-0.790711,0.789792,-0.340829,0.353395,-1.298707,-0.097086,1.726255,-0.216105,1.3507,0.54716,0.49103,1.285961,-0.278753,1.108235,-1.199712
279,-0.343538,1.674122,0.841677,0.479367,-0.350962,-1.117623,0.735391,-0.800969,-1.379357,0.367924,-0.930203,-1.259505,-0.585286,-1.405789,-0.287213,0.836635,0.177874,-1.31429,-1.032977,-1.153405
280,0.270967,-0.710709,-0.200699,-0.985946,0.018113,-1.232797,-0.926652,-1.391375,0.459414,1.229798,1.425187,-0.658252,-0.382257,0.691115,-0.548705,-1.535964,-0.301532,0.020679,-1.545697,-1.24843
281,-0.916225,-1.437975,1.437848,-0.988791,0.116929,0.623181,1.420375,0.36974,-1.422312,-1.059059,1.320494,1.503746,1.581918,0.038817,0.070344,-1.721842,-0.44817,-1.547187,1.530592,0.204676
282,1.650191,-0.259963,0.581005,-0.563945,0.424485,-0.906652,-0.114408,1.257751,-0.171571,0.068229,-1.060514,1.606759,0.666593,-0.516393,0.206228,1.619563,-0.614275,1.051325,1.69491,-0.70555
283,0.611901,1.634667,0.352114,-0.906861,-1.108436,-1.409136,0.065666,1.036955,1.274205,-0.243681,-0.551617,-0.561263,-0.329591,-0.036569,0.92809,1.319373,0.670259,-1.064933,-0.127372,-1.423647
284,,,,,,,,,,,,,,,,,,,,
