departwb,departdaytype,fetchdays,fetchdow,dtd,ALLminpA,ALLminpAl1,ALLminpAl2,ALLminpAl7,ALLavgpA,ALLavgpAl1,ALLavgpAl2,ALLavgpAl7,ALLnumquotesA,ALLnumquotesAl1,ALLnumquotesAl2,ALLnumquotesAl7,ALLminp0,ALLminp0l1,ALLminp0l2,ALLavgp0,ALLavgp0l1,ALLavgp0l2,ALLnumquotes0,ALLnumquotes0l1,ALLnumquotes0l2,ALLminp2,ALLminp2l1,ALLminp2l2,ALLavgp2,ALLavgp2l1,ALLavgp2l2,ALLnumquotes2,ALLnumquotes2l1,ALLnumquotes2l2,ALLminp4,ALLminp4l1,ALLminp4l2,ALLavgp4,ALLavgp4l1,ALLavgp4l2,ALLnumquotes4,ALLnumquotes4l1,ALLnumquotes4l2,aAAminpA,aAAminpAl1,aAAminpAl2,aAAavgpA,aAAavgpAl1,aAAavgpAl2,aAAnumquotesA,aAAnumquotesAl1,aAAnumquotesAl2,aAAminp0,aAAminp0l1,aAAminp0l2,aAAavgp0,aAAavgp0l1,aAAavgp0l2,aAAnumquotes0,aAAnumquotes0l1,aAAnumquotes0l2,aAAminp2,aAAminp2l1,aAAminp2l2,aAAavgp2,aAAavgp2l1,aAAavgp2l2,aAAnumquotes2,aAAnumquotes2l1,aAAnumquotes2l2,aAAminp4,aAAminp4l1,aAAminp4l2,aAAavgp4,aAAavgp4l1,aAAavgp4l2,aAAnumquotes4,aAAnumquotes4l1,aAAnumquotes4l2,aCOminpA,aCOminpAl1,aCOminpAl2,aCOavgpA,aCOavgpAl1,aCOavgpAl2,aCOnumquotesA,aCOnumquotesAl1,aCOnumquotesAl2,aCOminp0,aCOminp0l1,aCOminp0l2,aCOavgp0,aCOavgp0l1,aCOavgp0l2,aCOnumquotes0,aCOnumquotes0l1,aCOnumquotes0l2,aCOminp2,aCOminp2l1,aCOminp2l2,aCOavgp2,aCOavgp2l1,aCOavgp2l2,aCOnumquotes2,aCOnumquotes2l1,aCOnumquotes2l2,aCOminp4,aCOminp4l1,aCOminp4l2,aCOavgp4,aCOavgp4l1,aCOavgp4l2,aCOnumquotes4,aCOnumquotes4l1,aCOnumquotes4l2,aDLminpA,aDLminpAl1,aDLminpAl2,aDLavgpA,aDLavgpAl1,aDLavgpAl2,aDLnumquotesA,aDLnumquotesAl1,aDLnumquotesAl2,aDLminp0,aDLminp0l1,aDLminp0l2,aDLavgp0,aDLavgp0l1,aDLavgp0l2,aDLnumquotes0,aDLnumquotes0l1,aDLnumquotes0l2,aDLminp2,aDLminp2l1,aDLminp2l2,aDLavgp2,aDLavgp2l1,aDLavgp2l2,aDLnumquotes2,aDLnumquotes2l1,aDLnumquotes2l2,aDLminp4,aDLminp4l1,aDLminp4l2,aDLavgp4,aDLavgp4l1,aDLavgp4l2,aDLnumquotes4,aDLnumquotes4l1,aDLnumquotes4l2,aF9minpA,aF9minpAl1,aF9minpAl2,aF9avgpA,aF9avgpAl1,aF9avgpAl2,aF9numquotesA,aF9numquotesAl1,aF9numquotesAl2,aF9minp0,aF9minp0l1,aF9minp0l2,aF9avgp0,aF9avgp0l1,aF9avgp0l2,aF9numquotes0,aF9numquotes0l1,aF9numquotes0l2,aF9minp2,aF9minp2l1,aF9minp2l2,aF9avgp2,aF9avgp2l1,aF9avgp2l2,aF9numquotes2,aF9numquotes2l1,aF9numquotes2l2,aF9minp4,aF9minp4l1,aF9minp4l2,aF9avgp4,aF9avgp4l1,aF9avgp4l2,aF9numquotes4,aF9numquotes4l1,aF9numquotes4l2,aFLminpA,aFLminpAl1,aFLminpAl2,aFLavgpA,aFLavgpAl1,aFLavgpAl2,aFLnumquotesA,aFLnumquotesAl1,aFLnumquotesAl2,aFLminp0,aFLminp0l1,aFLminp0l2,aFLavgp0,aFLavgp0l1,aFLavgp0l2,aFLnumquotes0,aFLnumquotes0l1,aFLnumquotes0l2,aFLminp2,aFLminp2l1,aFLminp2l2,aFLavgp2,aFLavgp2l1,aFLavgp2l2,aFLnumquotes2,aFLnumquotes2l1,aFLnumquotes2l2,aFLminp4,aFLminp4l1,aFLminp4l2,aFLavgp4,aFLavgp4l1,aFLavgp4l2,aFLnumquotes4,aFLnumquotes4l1,aFLnumquotes4l2,aMULTminpA,aMULTminpAl1,aMULTminpAl2,aMULTavgpA,aMULTavgpAl1,aMULTavgpAl2,aMULTnumquotesA,aMULTnumquotesAl1,aMULTnumquotesAl2,aMULTminp0,aMULTminp0l1,aMULTminp0l2,aMULTavgp0,aMULTavgp0l1,aMULTavgp0l2,aMULTnumquotes0,aMULTnumquotes0l1,aMULTnumquotes0l2,aMULTminp2,aMULTminp2l1,aMULTminp2l2,aMULTavgp2,aMULTavgp2l1,aMULTavgp2l2,aMULTnumquotes2,aMULTnumquotes2l1,aMULTnumquotes2l2,aMULTminp4,aMULTminp4l1,aMULTminp4l2,aMULTavgp4,aMULTavgp4l1,aMULTavgp4l2,aMULTnumquotes4,aMULTnumquotes4l1,aMULTnumquotes4l2,aSYminpA,aSYminpAl1,aSYminpAl2,aSYavgpA,aSYavgpAl1,aSYavgpAl2,aSYnumquotesA,aSYnumquotesAl1,aSYnumquotesAl2,aSYminp0,aSYminp0l1,aSYminp0l2,aSYavgp0,aSYavgp0l1,aSYavgp0l2,aSYnumquotes0,aSYnumquotes0l1,aSYnumquotes0l2,aSYminp2,aSYminp2l1,aSYminp2l2,aSYavgp2,aSYavgp2l1,aSYavgp2l2,aSYnumquotes2,aSYnumquotes2l1,aSYnumquotes2l2,aSYminp4,aSYminp4l1,aSYminp4l2,aSYavgp4,aSYavgp4l1,aSYavgp4l2,aSYnumquotes4,aSYnumquotes4l1,aSYnumquotes4l2,aUAminpA,aUAminpAl1,aUAminpAl2,aUAavgpA,aUAavgpAl1,aUAavgpAl2,aUAnumquotesA,aUAnumquotesAl1,aUAnumquotesAl2,aUAminp0,aUAminp0l1,aUAminp0l2,aUAavgp0,aUAavgp0l1,aUAavgp0l2,aUAnumquotes0,aUAnumquotes0l1,aUAnumquotes0l2,aUAminp2,aUAminp2l1,aUAminp2l2,aUAavgp2,aUAavgp2l1,aUAavgp2l2,aUAnumquotes2,aUAnumquotes2l1,aUAnumquotes2l2,aUAminp4,aUAminp4l1,aUAminp4l2,aUAavgp4,aUAavgp4l1,aUAavgp4l2,aUAnumquotes4,aUAnumquotes4l1,aUAnumquotes4l2,aUSminpA,aUSminpAl1,aUSminpAl2,aUSavgpA,aUSavgpAl1,aUSavgpAl2,aUSnumquotesA,aUSnumquotesAl1,aUSnumquotesAl2,aUSminp0,aUSminp0l1,aUSminp0l2,aUSavgp0,aUSavgp0l1,aUSavgp0l2,aUSnumquotes0,aUSnumquotes0l1,aUSnumquotes0l2,aUSminp2,aUSminp2l1,aUSminp2l2,aUSavgp2,aUSavgp2l1,aUSavgp2l2,aUSnumquotes2,aUSnumquotes2l1,aUSnumquotes2l2,aUSminp4,aUSminp4l1,aUSminp4l2,aUSavgp4,aUSavgp4l1,aUSavgp4l2,aUSnumquotes4,aUSnumquotes4l1,aUSnumquotes4l2,aOTHERminpA,aOTHERminpAl1,aOTHERminpAl2,aOTHERavgpA,aOTHERavgpAl1,aOTHERavgpAl2,aOTHERnumquotesA,aOTHERnumquotesAl1,aOTHERnumquotesAl2,aOTHERminp0,aOTHERminp0l1,aOTHERminp0l2,aOTHERavgp0,aOTHERavgp0l1,aOTHERavgp0l2,aOTHERnumquotes0,aOTHERnumquotes0l1,aOTHERnumquotes0l2,aOTHERminp2,aOTHERminp2l1,aOTHERminp2l2,aOTHERavgp2,aOTHERavgp2l1,aOTHERavgp2l2,aOTHERnumquotes2,aOTHERnumquotes2l1,aOTHERnumquotes2l2,aOTHERminp4,aOTHERminp4l1,aOTHERminp4l2,aOTHERavgp4,aOTHERavgp4l1,aOTHERavgp4l2,aOTHERnumquotes4,aOTHERnumquotes4l1,aOTHERnumquotes4l2,fdisoweekday1,fdisoweekday2,fdisoweekday3,fdisoweekday4,fdisoweekday5,fdisoweekday6,fdisoweekday7,target_LBL+ALLminpA+bt7d_000,target_LBL+ALLminp0+bt7d_000,target_LBL+aDLminpA+bt7d_000,target_LBL+aCOminpA+bt7d_000,target_LBL+aFLminpA+bt7d_000,target_LBL+aUAminpA+bt7d_000
121,1,82,4,39,277,277,277,279,396.85,417.28,424.57,380.85,1128,1128,1125,486,279,279,279,389.97,412.26,412.83,140,140,140,290,290,290,398.39,419.15,430.71,702,616,643,277,277,277,396.41,416.07,417.83,286,372,342,321,321,321,385.44,385.44,383.72,50,50,50,435,435,425,465.77,465.77,455.77,13,13,13,383,383,378,406.33,406.33,405.31,12,12,13,321,321,321,333.64,333.64,333.0,25,25,24,299,299,309,378.02,399.38,409.59,120,224,160,299,299,309,314.0,314.0,324.0,6,6,6,348,348,378,366.47,369.61,386.1,87,99,93,425,425,450,429.44,428.45,453.82,27,119,61,290,290,290,406.01,441.83,443.24,572,490,539,299,299,299,398.12,427.84,427.84,105,105,105,290,290,290,420.44,457.23,460.22,396,346,383,299,299,299,337.18,342.97,347.41,71,39,51,293,293,293,313.43,314.9,325.73,23,21,22,279,279,279,389.97,412.26,412.83,0,0,0,290,290,290,398.39,419.15,430.71,0,0,0,293,293,293,313.43,314.9,325.73,23,21,22,277,277,277,295.72,294.83,289.17,29,30,29,279,279,279,389.97,412.26,412.83,0,0,0,290,290,290,398.39,419.15,430.71,0,0,0,277,277,277,295.72,294.83,289.17,29,30,29,966,966,966,966.0,966.0,966.0,12,12,12,279,279,279,389.97,412.26,412.83,0,0,0,290,290,290,398.39,419.15,430.71,0,0,0,966,966,966,966.0,966.0,966.0,12,12,12,279,279,279,279.0,279.0,279.0,1,1,1,279,279,279,279.0,279.0,279.0,1,1,1,290,290,290,398.39,419.15,430.71,0,0,0,277,277,277,396.41,416.07,417.83,0,0,0,299,299,309,381.15,388.05,401.4,300,284,239,299,299,309,305.0,305.0,315.0,15,15,15,348,348,378,369.18,368.09,386.4,207,159,154,425,425,450,427.55,428.22,452.91,78,110,70,371,483,371,417.71,495.06,419.97,21,16,73,279,279,279,389.97,412.26,412.83,0,0,0,290,290,290,398.39,419.15,430.71,0,0,0,371,483,371,417.71,495.06,419.97,21,16,73,277,277,277,396.85,417.28,424.57,1128,1128,1125,279,279,279,389.97,412.26,412.83,0,0,0,290,290,290,398.39,419.15,430.71,0,0,0,277,277,277,396.41,416.07,417.83,0,0,0,0,0,0,1,0,0,0,0.05707,0.04939,0.05423,0.05143,0.05323,0.05142
114,1,96,4,18,309,283,309,307,445.28,443.98,450.89,445.43,1131,1138,1133,1137,309,309,309,452.02,452.76,442.01,132,139,144,319,319,319,451.68,449.85,457.24,480,536,621,327,283,328,437.64,434.54,443.66,519,463,368,331,331,331,401.16,395.88,399.46,50,50,50,420,420,410,455.36,454.62,437.5,14,13,14,398,398,353,450.58,434.0,416.62,12,13,21,331,331,331,344.83,343.42,339.93,24,24,15,366,366,366,426.42,425.04,429.73,451,416,388,412,412,417,464.5,464.5,417.0,4,4,4,366,366,366,431.18,430.02,445.93,90,91,115,423,423,423,424.79,423.13,423.0,357,321,269,309,309,309,476.35,474.9,472.47,290,347,385,309,309,309,471.11,471.32,463.75,93,101,105,319,319,319,485.15,478.03,476.15,185,237,277,329,431,437,381.42,432.44,437.67,12,9,3,366,366,366,411.0,393.0,394.47,14,15,15,309,309,309,452.02,452.76,442.01,0,0,0,319,319,319,451.68,449.85,457.24,0,0,0,366,366,366,411.0,393.0,394.47,14,15,15,327,283,328,381.47,345.43,348.88,19,23,17,309,309,309,452.02,452.76,442.01,0,0,0,319,319,319,451.68,449.85,457.24,0,0,0,327,283,328,381.47,345.43,348.88,19,23,17,1144,1144,1147,1144.0,1144.0,1147.0,8,8,8,309,309,309,452.02,452.76,442.01,0,0,0,319,319,319,451.68,449.85,457.24,0,0,0,1144,1144,1147,1144.0,1144.0,1147.0,8,8,8,609,550,550,609.0,550.0,550.0,1,1,1,609,550,550,609.0,550.0,550.0,1,1,1,319,319,319,451.68,449.85,457.24,0,0,0,327,283,328,437.64,434.54,443.66,0,0,0,309,309,309,430.12,426.8,435.95,255,254,245,309,309,309,350.6,350.6,330.6,20,20,20,386,386,391,429.22,425.91,442.41,193,195,208,470,470,480,472.12,470.36,480.82,42,39,17,457,457,457,480.23,495.71,577.96,43,24,24,309,309,309,452.02,452.76,442.01,0,0,0,319,319,319,451.68,449.85,457.24,0,0,0,457,457,457,480.23,495.71,577.96,43,24,24,309,283,309,445.28,443.98,450.89,1131,1138,1133,309,309,309,452.02,452.76,442.01,0,0,0,319,319,319,451.68,449.85,457.24,0,0,0,327,283,328,437.64,434.54,443.66,0,0,0,0,0,0,1,0,0,0,0.05831,0.04939,0.04591,0.04307,0.05438,0.04306
170,1,134,7,36,244,199,199,268,497.1,502.74,505.36,521.19,1165,1152,1151,1134,314,199,199,500.33,489.89,494.25,123,122,122,338,328,328,532.72,533.21,533.67,515,524,545,244,273,273,461.53,474.28,476.3,527,506,484,338,199,199,449.54,423.82,428.54,50,50,50,362,199,199,470.87,432.25,432.25,15,16,16,338,328,328,440.4,419.85,426.79,35,34,34,244,273,273,461.53,474.28,476.3,0,0,0,447,447,447,477.57,479.21,480.87,346,350,337,565,565,565,565.0,565.0,565.0,4,4,4,473,473,473,527.34,522.79,522.14,93,97,105,447,447,447,457.58,460.85,460.39,249,249,228,407,407,407,519.3,522.39,523.9,292,292,280,407,407,407,495.26,487.1,493.92,80,78,78,417,417,417,532.91,538.85,539.28,198,204,189,427,427,462,464.14,461.9,480.15,14,10,13,298,298,298,383.09,383.09,388.05,23,23,22,314,199,199,500.33,489.89,494.25,0,0,0,338,328,328,532.72,533.21,533.67,0,0,0,298,298,298,383.09,383.09,388.05,23,23,22,244,273,273,303.13,323.75,322.1,78,52,48,314,199,199,500.33,489.89,494.25,0,0,0,338,328,328,532.72,533.21,533.67,0,0,0,244,273,273,303.13,323.75,322.1,78,52,48,897,897,897,897.0,897.0,897.0,12,12,12,314,199,199,500.33,489.89,494.25,0,0,0,338,328,328,532.72,533.21,533.67,0,0,0,897,897,897,897.0,897.0,897.0,12,12,12,314,314,314,324.0,324.0,324.0,4,4,4,314,314,314,324.0,324.0,324.0,4,4,4,338,328,328,532.72,533.21,533.67,0,0,0,244,273,273,461.53,474.28,476.3,0,0,0,513,513,513,539.04,538.74,538.71,344,353,381,565,565,565,565.0,565.0,565.0,20,20,20,539,539,539,552.27,552.86,551.1,189,189,217,513,513,513,516.67,516.56,516.38,135,144,144,517,517,497,613.81,613.81,599.88,16,16,17,314,199,199,500.33,489.89,494.25,0,0,0,338,328,328,532.72,533.21,533.67,0,0,0,517,517,497,613.81,613.81,599.88,16,16,17,244,199,199,497.1,502.74,505.36,1165,1152,1151,314,199,199,500.33,489.89,494.25,0,0,0,338,328,328,532.72,533.21,533.67,0,0,0,244,273,273,461.53,474.28,476.3,0,0,0,0,0,0,0,0,0,1,0.05027,0.04939,0.03626,0.0545,0.04689,0.05448
107,1,78,7,29,279,279,279,279,433.89,433.46,400.54,401.28,1121,1121,480,482,279,279,279,435.53,435.53,434.13,144,144,143,343,343,343,444.25,444.42,387.59,601,602,224,283,283,283,416.7,415.06,383.7,376,375,113,349,349,349,408.6,409.3,402.56,50,50,50,425,425,425,453.57,453.57,455.77,14,14,13,378,378,378,407.47,409.53,408.85,17,17,13,349,349,349,376.47,376.47,370.33,19,19,24,366,366,366,424.89,424.97,393.29,187,196,52,392,392,392,392.0,392.0,392.0,4,4,4,366,366,366,412.09,411.64,392.36,74,75,47,430,430,442,434.78,434.64,442.0,109,117,1,343,343,332,459.47,459.95,428.8,476,480,147,385,385,332,444.57,444.57,442.55,105,105,105,343,343,343,467.16,467.69,394.43,351,355,42,354,354,283,402.7,403.2,383.7,20,20,0,293,293,293,301.48,301.48,300.5,23,23,16,279,279,279,435.53,435.53,434.13,0,0,0,343,343,343,444.25,444.42,387.59,0,0,0,293,293,293,301.48,301.48,300.5,23,23,16,283,283,283,283.59,287.6,283.57,39,40,37,279,279,279,435.53,435.53,434.13,0,0,0,343,343,343,444.25,444.42,387.59,0,0,0,283,283,283,283.59,287.6,283.57,39,40,37,966,966,998,984.5,978.33,1010.33,8,6,6,279,279,279,435.53,435.53,434.13,0,0,0,343,343,343,444.25,444.42,387.59,0,0,0,966,966,998,984.5,978.33,1010.33,8,6,6,279,279,279,279.0,279.0,279.0,1,1,1,279,279,279,279.0,279.0,279.0,1,1,1,343,343,343,444.25,444.42,387.59,0,0,0,283,283,283,416.7,415.06,383.7,0,0,0,366,366,366,420.28,420.21,385.73,290,293,146,392,392,392,392.0,392.0,392.0,20,20,20,366,366,366,412.58,410.82,381.13,159,155,122,430,430,420,436.41,437.33,494.75,111,118,4,379,379,379,420.68,427.03,427.48,47,32,25,279,279,279,435.53,435.53,434.13,0,0,0,343,343,343,444.25,444.42,387.59,0,0,0,379,379,379,420.68,427.03,427.48,47,32,25,279,279,279,433.89,433.46,400.54,1121,1121,480,279,279,279,435.53,435.53,434.13,0,0,0,343,343,343,444.25,444.42,387.59,0,0,0,283,283,283,416.7,415.06,383.7,0,0,0,0,0,0,0,0,0,1,0.05748,0.0446,0.04472,0.05101,0.05438,0.051
121,1,99,7,22,262,198,262,268,423.19,395.56,422.63,440.85,1132,236,1128,1161,279,279,279,424.69,337.09,414.35,140,22,140,319,386,319,431.88,393.07,427.6,666,124,668,262,198,262,404.8,413.27,415.86,326,90,320,331,198,331,392.14,395.56,394.1,50,236,50,420,279,420,454.62,337.09,454.62,13,0,13,398,386,398,421.46,393.07,426.36,13,0,14,331,198,331,342.42,413.27,340.26,24,0,23,309,309,309,416.14,393.21,422.72,109,53,138,309,309,309,363.0,363.0,360.5,6,6,6,396,396,391,418.69,397.06,415.2,102,47,104,475,198,463,475.0,413.27,464.0,1,0,28,309,198,309,437.79,395.56,431.49,491,236,492,309,279,309,439.33,337.09,425.84,105,0,105,319,386,319,450.91,393.07,446.09,339,0,332,328,198,328,339.72,413.27,354.11,47,0,55,268,198,268,310.0,279.22,308.04,24,27,24,279,279,279,424.69,337.09,414.35,0,0,0,319,386,319,431.88,393.07,427.6,0,0,0,268,198,268,310.0,279.22,308.04,24,27,24,262,262,262,274.87,274.18,275.03,31,28,31,279,279,279,424.69,337.09,414.35,0,0,0,319,386,319,431.88,393.07,427.6,0,0,0,262,262,262,274.87,274.18,275.03,31,28,31,1073,1073,1073,1073.0,1073.0,1073.0,12,12,12,279,279,279,424.69,337.09,414.35,0,0,0,319,386,319,431.88,393.07,427.6,0,0,0,1073,1073,1073,1073.0,1073.0,1073.0,12,12,12,279,279,279,279.0,279.0,279.0,1,1,1,279,279,279,279.0,279.0,279.0,1,1,1,319,386,319,431.88,393.07,427.6,0,0,0,262,198,262,404.8,413.27,415.86,0,0,0,309,309,309,409.21,380.85,410.44,249,92,278,309,309,309,330.6,330.6,329.6,15,15,15,386,386,381,408.44,390.64,405.44,212,77,218,468,198,458,470.27,413.27,461.62,22,0,45,361,361,387,412.85,395.74,423.66,165,23,102,279,279,279,424.69,337.09,414.35,0,0,0,319,386,319,431.88,393.07,427.6,0,0,0,361,361,387,412.85,395.74,423.66,165,23,102,262,198,262,423.19,395.56,422.63,1132,236,1128,279,279,279,424.69,337.09,414.35,0,0,0,319,386,319,431.88,393.07,427.6,0,0,0,262,198,262,404.8,413.27,415.86,0,0,0,0,0,0,0,0,0,1,0.04945,0.0446,0.04591,0.04307,0.05034,0.04306
93,1,69,5,24,330,286,286,299,469.86,437.41,419.84,458.01,520,533,437,437,355,299,299,479.62,446.51,446.04,138,138,138,356,356,356,460.95,438.16,430.7,261,291,219,330,286,286,477.96,423.23,344.94,121,104,80,356,356,356,430.14,401.16,398.36,50,50,50,410,410,405,463.08,418.46,413.46,13,13,13,356,356,356,454.79,406.52,403.48,19,23,23,367,367,367,380.33,376.29,375.93,18,14,14,427,427,434,464.43,465.63,478.14,56,49,43,515,515,515,515.0,515.0,515.0,4,4,4,448,448,448,461.74,462.67,475.42,50,43,38,427,427,434,430.5,430.5,434.0,2,2,1,396,372,372,470.01,426.37,426.36,168,231,248,425,372,372,474.52,435.2,435.2,100,100,100,396,383,383,463.37,419.63,420.39,68,131,148,330,286,286,477.96,423.23,344.94,0,0,0,481,303,303,492.23,330.38,330.38,13,16,16,355,299,299,479.62,446.51,446.04,0,0,0,356,356,356,460.95,438.16,430.7,0,0,0,481,303,303,492.23,330.38,330.38,13,16,16,330,298,298,376.64,314.21,308.47,25,24,19,355,299,299,479.62,446.51,446.04,0,0,0,356,356,356,460.95,438.16,430.7,0,0,0,330,298,298,376.64,314.21,308.47,25,24,19,1017,1017,286,1029.67,1029.67,419.84,12,12,437,355,299,299,479.62,446.51,446.04,0,0,0,356,356,356,460.95,438.16,430.7,0,0,0,1017,1017,286,1029.67,1029.67,344.94,12,12,0,355,299,299,355.0,299.0,299.0,1,1,1,355,299,299,355.0,299.0,299.0,1,1,1,356,356,356,460.95,438.16,430.7,0,0,0,330,286,286,477.96,423.23,344.94,0,0,0,422,422,427,465.26,468.7,495.61,154,118,33,515,515,515,515.0,515.0,515.0,20,20,20,448,448,448,460.25,460.53,476.0,124,94,10,422,422,427,427.9,429.25,431.67,10,4,3,349,286,286,431.12,343.34,350.22,41,32,27,355,299,299,479.62,446.51,446.04,0,0,0,356,356,356,460.95,438.16,430.7,0,0,0,349,286,286,431.12,343.34,350.22,41,32,27,330,286,286,469.86,437.41,419.84,520,533,437,355,299,299,479.62,446.51,446.04,0,0,0,356,356,356,460.95,438.16,430.7,0,0,0,330,286,286,477.96,423.23,344.94,0,0,0,0,0,0,0,1,0,0,0.05707,0.0446,0.0474,0.04195,0.05342,0.04013
93,1,77,6,16,277,277,278,279,425.89,396.2,393.8,470.89,1156,493,489,470,279,279,279,413.45,415.75,411.29,143,137,143,329,329,329,434.1,378.07,375.13,632,242,236,277,277,278,416.94,411.18,411.13,381,114,110,341,341,341,411.28,404.16,404.16,50,50,50,425,425,425,458.85,458.85,458.85,13,13,13,418,418,418,463.07,445.07,445.07,15,14,14,341,341,341,347.86,348.35,348.35,22,23,23,319,319,319,419.03,381.17,380.07,120,42,42,319,319,319,319.0,319.0,319.0,4,4,4,388,376,376,403.63,385.57,384.32,87,37,37,479,467,467,479.0,467.0,467.0,29,1,1,319,319,319,442.25,398.28,391.74,495,160,172,319,319,319,430.7,434.93,427.76,105,99,105,329,329,329,457.44,338.8,335.28,341,61,67,338,277,278,361.27,411.18,411.13,49,0,0,298,298,288,307.64,304.73,296.15,28,26,27,279,279,279,413.45,415.75,411.29,0,0,0,329,329,329,434.1,378.07,375.13,0,0,0,298,298,288,307.64,304.73,296.15,28,26,27,277,283,278,356.33,347.72,338.72,27,18,18,279,279,279,413.45,415.75,411.29,0,0,0,329,329,329,434.1,378.07,375.13,0,0,0,277,283,278,356.33,347.72,338.72,27,18,18,966,998,998,978.33,1010.33,1010.33,12,12,12,279,279,279,413.45,415.75,411.29,0,0,0,329,329,329,434.1,378.07,375.13,0,0,0,966,998,998,978.33,1010.33,1010.33,12,12,12,279,279,279,279.0,279.0,279.0,1,1,1,279,279,279,279.0,279.0,279.0,1,1,1,329,329,329,434.1,378.07,375.13,0,0,0,277,277,278,416.94,411.18,411.13,0,0,0,319,319,319,408.04,380.03,378.93,248,153,141,319,319,319,319.0,319.0,319.0,20,20,20,381,376,376,403.72,387.15,386.57,189,130,118,472,460,460,474.62,478.0,478.0,39,3,3,286,277,281,406.43,343.71,349.77,175,31,26,279,279,279,413.45,415.75,411.29,0,0,0,329,329,329,434.1,378.07,375.13,0,0,0,286,277,281,406.43,343.71,349.77,175,31,26,277,277,278,425.89,396.2,393.8,1156,493,489,279,279,279,413.45,415.75,411.29,0,0,0,329,329,329,434.1,378.07,375.13,0,0,0,277,277,278,416.94,411.18,411.13,0,0,0,0,0,0,0,0,1,0,0.05604,0.0446,0.0474,0.04446,0.05227,0.04445
93,1,72,1,21,279,279,279,299,408.41,407.68,470.89,431.24,489,490,470,429,279,279,279,477.94,477.94,477.13,141,141,138,343,343,382,428.79,429.02,462.48,90,89,228,292,292,292,363.31,362.28,481.02,258,260,104,396,396,396,434.2,434.2,434.2,50,50,50,425,425,425,458.85,458.85,458.85,13,13,13,396,396,396,448.56,448.56,448.56,18,18,18,402,402,402,403.74,403.74,403.74,19,19,19,301,301,430,362.2,361.75,468.83,103,102,48,515,515,515,515.0,515.0,515.0,4,4,4,408,408,456,440.69,441.55,466.0,39,38,42,301,301,430,301.0,301.0,436.0,60,60,2,343,343,372,468.26,468.26,466.32,109,109,161,372,372,372,473.64,473.64,472.4,103,103,100,343,343,382,375.83,375.83,456.36,6,6,61,292,292,292,363.31,362.28,481.02,0,0,0,298,298,298,353.43,353.43,373.57,14,14,23,279,279,279,477.94,477.94,477.13,0,0,0,343,343,382,428.79,429.02,462.48,0,0,0,298,298,298,353.43,353.43,373.57,14,14,23,292,292,292,346.13,352.0,355.56,15,15,18,279,279,279,477.94,477.94,477.13,0,0,0,343,343,382,428.79,429.02,462.48,0,0,0,292,292,292,346.13,352.0,355.56,15,15,18,1090,1071,1071,1102.67,1083.33,1083.33,12,12,12,279,279,279,477.94,477.94,477.13,0,0,0,343,343,382,428.79,429.02,462.48,0,0,0,1090,1071,1071,1102.67,1083.33,1083.33,12,12,12,279,279,279,279.0,279.0,279.0,1,1,1,279,279,279,279.0,279.0,279.0,1,1,1,343,343,382,428.79,429.02,462.48,0,0,0,292,292,292,363.31,362.28,481.02,0,0,0,294,294,430,343.96,343.43,473.47,162,164,133,515,515,515,515.0,515.0,515.0,20,20,20,401,401,456,410.19,410.19,466.93,27,27,107,294,294,430,298.66,298.7,451.5,115,117,6,301,301,301,447.17,447.17,449.25,23,23,24,279,279,279,477.94,477.94,477.13,0,0,0,343,343,382,428.79,429.02,462.48,0,0,0,301,301,301,447.17,447.17,449.25,23,23,24,279,279,279,408.41,407.68,470.89,489,490,470,279,279,279,477.94,477.94,477.13,0,0,0,343,343,382,428.79,429.02,462.48,0,0,0,292,292,292,363.31,362.28,481.02,0,0,0,1,0,0,0,0,0,0,0.05707,0.0446,0.0474,0.04195,0.05323,0.04013
135,1,123,3,12,268,268,268,283,407.04,409.27,397.24,408.42,1216,1208,1214,1199,319,319,319,408.21,396.68,379.84,123,121,126,329,329,329,411.02,414.23,404.18,511,555,644,268,268,268,403.3,406.95,392.11,582,532,444,350,350,341,361.98,362.54,362.84,50,50,50,359,359,359,359.0,359.0,359.0,14,14,14,350,350,350,362.12,362.97,367.43,33,33,28,361,361,341,374.33,374.33,353.5,3,3,8,319,319,319,403.5,409.11,390.4,361,315,341,319,319,319,522.29,522.29,373.71,7,7,7,350,350,350,439.17,442.34,400.42,118,117,163,381,381,381,382.14,384.61,381.53,236,191,171,319,319,319,399.94,398.42,400.7,254,319,374,319,319,319,409.02,393.92,386.29,91,89,95,329,329,329,399.21,406.91,411.7,140,192,250,338,338,338,368.43,366.05,353.0,23,38,29,303,303,303,399.19,390.47,382.35,16,15,17,319,319,319,408.21,396.68,379.84,0,0,0,329,329,329,411.02,414.23,404.18,0,0,0,303,303,303,399.19,390.47,382.35,16,15,17,268,268,268,338.57,334.38,331.25,21,24,24,319,319,319,408.21,396.68,379.84,0,0,0,329,329,329,411.02,414.23,404.18,0,0,0,268,268,268,338.57,334.38,331.25,21,24,24,1286,1476,906,1286.0,1476.0,906.0,12,12,12,319,319,319,408.21,396.68,379.84,0,0,0,329,329,329,411.02,414.23,404.18,0,0,0,1286,1476,906,1286.0,1476.0,906.0,12,12,12,734,684,649,734.0,684.0,649.0,1,1,1,734,684,649,734.0,684.0,649.0,1,1,1,329,329,329,411.02,414.23,404.18,0,0,0,268,268,268,403.3,406.95,392.11,0,0,0,319,319,319,396.23,398.59,392.69,486,454,380,319,319,319,357.3,357.3,319.0,10,10,9,350,350,350,410.77,413.33,403.0,220,213,203,381,381,381,385.25,386.79,384.2,256,231,168,386,316,316,492.13,392.28,394.87,15,18,15,319,319,319,408.21,396.68,379.84,0,0,0,329,329,329,411.02,414.23,404.18,0,0,0,386,316,316,492.13,392.28,394.87,15,18,15,268,268,268,407.04,409.27,397.24,1216,1208,1214,319,319,319,408.21,396.68,379.84,0,0,0,329,329,329,411.02,414.23,404.18,0,0,0,268,268,268,403.3,406.95,392.11,0,0,0,0,0,1,0,0,0,0,0.05501,0.05099,0.0474,0.04446,0.05131,0.04445
100,1,72,1,28,294,294,298,299,415.1,416.21,482.13,442.36,490,489,484,434,299,299,299,480.23,481.86,488.58,138,138,139,343,343,343,430.51,431.53,465.47,85,86,231,294,294,298,376.53,377.06,508.04,267,265,114,396,396,396,431.6,431.6,431.66,50,50,50,425,425,425,455.77,455.77,456.43,13,13,14,396,396,396,445.6,445.6,443.43,15,15,14,402,402,402,407.77,407.77,408.41,22,22,22,301,301,430,358.12,360.13,470.84,112,105,49,515,515,515,515.0,515.0,515.0,4,4,4,408,408,456,440.69,439.42,468.35,39,38,43,301,301,430,302.35,302.48,436.0,69,63,2,343,343,343,473.75,475.92,480.27,103,103,148,372,372,400,476.88,479.12,488.64,100,100,100,343,343,343,369.33,369.33,465.19,3,3,47,294,294,352,376.53,377.06,352.0,0,0,1,298,298,298,360.93,360.93,375.24,15,15,21,299,299,299,480.23,481.86,488.58,0,0,0,343,343,343,430.51,431.53,465.47,0,0,0,298,298,298,360.93,360.93,375.24,15,15,21,298,298,298,353.73,356.93,397.67,15,15,24,299,299,299,480.23,481.86,488.58,0,0,0,343,343,343,430.51,431.53,465.47,0,0,0,298,298,298,353.73,356.93,397.67,15,15,24,1090,1071,1071,1102.67,1083.33,1083.33,12,12,12,299,299,299,480.23,481.86,488.58,0,0,0,343,343,343,430.51,431.53,465.47,0,0,0,1090,1071,1071,1102.67,1083.33,1083.33,12,12,12,299,299,299,299.0,299.0,299.0,1,1,1,299,299,299,299.0,299.0,299.0,1,1,1,343,343,343,430.51,431.53,465.47,0,0,0,294,294,298,376.53,377.06,508.04,0,0,0,294,294,430,348.38,349.41,471.97,160,165,156,515,515,515,515.0,515.0,515.0,20,20,20,401,401,456,414.79,420.73,467.03,28,30,127,294,294,430,302.03,302.0,446.0,112,115,9,430,430,435,587.36,582.39,576.91,22,23,23,299,299,299,480.23,481.86,488.58,0,0,0,343,343,343,430.51,431.53,465.47,0,0,0,430,430,435,587.36,582.39,576.91,22,23,23,294,294,298,415.1,416.21,482.13,490,489,484,299,299,299,480.23,481.86,488.58,0,0,0,343,343,343,430.51,431.53,465.47,0,0,0,294,294,298,376.53,377.06,508.04,0,0,0,1,0,0,0,0,0,0,0.05728,0.0478,0.04443,0.04167,0.06207,0.03874
142,1,121,1,21,309,309,309,328,445.72,445.09,448.82,473.33,1146,1145,1157,1129,309,309,309,418.77,420.05,424.16,139,139,140,350,350,350,451.27,451.13,457.07,665,643,630,338,338,338,445.87,443.98,444.33,342,363,387,350,350,350,373.68,367.7,395.04,50,50,50,359,359,359,369.0,368.0,402.87,14,14,15,350,350,350,374.29,365.28,408.0,34,32,22,381,361,361,396.0,386.0,364.08,2,4,13,401,401,404,444.96,443.16,447.04,253,270,278,422,422,427,422.0,422.0,427.0,9,9,9,401,401,404,454.52,451.41,455.55,134,135,137,432,432,435,435.19,435.83,439.57,110,126,132,417,417,417,450.19,452.51,454.29,423,401,391,417,417,417,429.45,431.37,431.37,100,100,100,428,428,428,457.16,460.2,462.9,310,289,280,442,442,442,443.46,443.42,443.36,13,12,11,353,353,353,395.52,377.9,385.94,23,21,33,309,309,309,418.77,420.05,424.16,0,0,0,350,350,350,451.27,451.13,457.07,0,0,0,353,353,353,395.52,377.9,385.94,23,21,33,338,338,338,363.63,368.73,370.96,27,30,24,309,309,309,418.77,420.05,424.16,0,0,0,350,350,350,451.27,451.13,457.07,0,0,0,338,338,338,363.63,368.73,370.96,27,30,24,906,906,906,906.0,906.0,906.0,12,12,12,309,309,309,418.77,420.05,424.16,0,0,0,350,350,350,451.27,451.13,457.07,0,0,0,906,906,906,906.0,906.0,906.0,12,12,12,309,309,309,309.0,309.0,309.0,4,4,4,309,309,309,309.0,309.0,309.0,4,4,4,350,350,350,451.27,451.13,457.07,0,0,0,338,338,338,445.87,443.98,444.33,0,0,0,401,401,404,445.87,444.5,448.26,335,338,346,422,422,427,422.0,422.0,427.0,12,12,12,401,401,404,453.18,451.6,455.25,187,187,191,425,425,428,437.92,436.88,440.71,136,139,143,425,425,425,458.63,462.58,462.58,19,19,19,309,309,309,418.77,420.05,424.16,0,0,0,350,350,350,451.27,451.13,457.07,0,0,0,425,425,425,458.63,462.58,462.58,19,19,19,309,309,309,445.72,445.09,448.82,1146,1145,1157,309,309,309,418.77,420.05,424.16,0,0,0,350,350,350,451.27,451.13,457.07,0,0,0,338,338,338,445.87,443.98,444.33,0,0,0,1,0,0,0,0,0,0,0.05748,0.0446,0.05869,0.0545,0.06264,0.05518
121,1,83,5,38,290,277,277,279,467.62,396.85,417.28,382.07,1117,1128,1128,494,357,279,279,465.61,389.97,412.26,141,140,140,290,290,290,475.82,398.39,419.15,638,702,616,330,277,277,452.97,396.41,416.07,338,286,372,290,321,321,389.4,385.44,385.44,50,50,50,357,435,435,418.29,465.77,465.77,14,13,13,290,383,383,403.2,406.33,406.33,15,12,12,349,321,321,360.29,333.64,333.64,21,25,25,445,299,299,467.17,378.02,399.38,184,120,224,525,299,299,525.0,314.0,314.0,6,6,6,466,348,348,481.36,366.47,369.61,90,87,99,445,425,425,448.72,429.44,428.45,88,27,119,365,290,290,466.26,406.01,441.83,445,572,490,365,299,299,461.0,398.12,427.84,105,105,105,375,290,290,469.25,420.44,457.23,331,396,346,385,299,299,417.67,337.18,342.97,9,71,39,336,293,293,355.29,313.43,314.9,24,23,21,357,279,279,465.61,389.97,412.26,0,0,0,290,290,290,475.82,398.39,419.15,0,0,0,336,293,293,355.29,313.43,314.9,24,23,21,330,277,277,340.21,295.72,294.83,28,29,30,357,279,279,465.61,389.97,412.26,0,0,0,290,290,290,475.82,398.39,419.15,0,0,0,330,277,277,340.21,295.72,294.83,28,29,30,1080,966,966,1080.0,966.0,966.0,12,12,12,357,279,279,465.61,389.97,412.26,0,0,0,290,290,290,475.82,398.39,419.15,0,0,0,1080,966,966,1080.0,966.0,966.0,12,12,12,365,279,279,365.0,279.0,279.0,1,1,1,365,279,279,365.0,279.0,279.0,1,1,1,290,290,290,475.82,398.39,419.15,0,0,0,330,277,277,452.97,396.41,416.07,0,0,0,445,299,299,476.94,381.15,388.05,327,300,284,525,299,299,525.0,305.0,305.0,15,15,15,466,348,348,489.5,369.18,368.09,202,207,159,445,425,425,447.31,427.55,428.22,110,78,110,397,371,483,479.87,417.71,495.06,46,21,16,357,279,279,465.61,389.97,412.26,0,0,0,290,290,290,475.82,398.39,419.15,0,0,0,397,371,483,479.87,417.71,495.06,46,21,16,290,277,277,467.62,396.85,417.28,1117,1128,1128,357,279,279,465.61,389.97,412.26,0,0,0,290,290,290,475.82,398.39,419.15,0,0,0,330,277,277,452.97,396.41,416.07,0,0,0,0,0,0,0,1,0,0,0.05707,0.04939,0.05483,0.05143,0.05323,0.05142
142,1,133,6,9,273,268,273,332,541.94,491.24,492.56,481.84,1158,1166,1171,1108,440,420,497,688.42,636.09,635.52,134,67,63,463,433,433,523.82,492.72,502.35,197,250,263,273,268,273,522.53,479.37,478.85,827,849,845,474,442,442,620.98,583.84,586.08,50,50,50,729,729,729,729.0,729.0,729.0,13,12,12,668,636,636,681.77,670.58,671.92,13,12,12,474,442,442,529.54,476.81,480.5,24,26,26,463,433,433,506.03,470.93,471.95,332,381,381,527,527,527,665.67,527.0,527.0,9,9,9,463,433,433,537.0,484.72,488.51,48,90,93,494,464,464,495.4,464.74,464.65,275,282,279,527,527,527,672.13,630.19,610.87,122,53,61,527,527,527,708.58,701.17,696.88,96,30,26,537,537,537,537.54,537.61,546.97,26,23,35,273,268,273,522.53,479.37,478.85,0,0,0,273,268,298,475.61,407.21,430.95,18,19,19,440,420,497,688.42,636.09,635.52,0,0,0,463,433,433,523.82,492.72,502.35,0,0,0,273,268,298,475.61,407.21,430.95,18,19,19,348,318,273,467.38,406.67,394.79,16,24,33,440,420,497,688.42,636.09,635.52,0,0,0,463,433,433,523.82,492.72,502.35,0,0,0,348,318,273,467.38,406.67,394.79,16,24,33,1953,1339,1339,2055.67,1403.0,1422.58,12,12,12,440,420,497,688.42,636.09,635.52,0,0,0,463,433,433,523.82,492.72,502.35,0,0,0,1953,1339,1339,2055.67,1403.0,1422.58,12,12,12,440,420,497,452.0,442.0,526.0,4,4,4,440,420,497,452.0,442.0,526.0,4,4,4,463,433,433,523.82,492.72,502.35,0,0,0,273,268,273,522.53,479.37,478.85,0,0,0,463,433,433,499.62,469.3,471.47,560,586,563,527,527,527,579.0,527.0,527.0,12,12,12,463,433,433,496.16,473.15,483.58,110,125,123,487,457,457,498.31,466.68,466.43,438,449,428,502,467,467,550.45,531.24,512.04,44,37,48,440,420,497,688.42,636.09,635.52,0,0,0,463,433,433,523.82,492.72,502.35,0,0,0,502,467,467,550.45,531.24,512.04,44,37,48,273,268,273,541.94,491.24,492.56,1158,1166,1171,440,420,497,688.42,636.09,635.52,0,0,0,463,433,433,523.82,492.72,502.35,0,0,0,273,268,273,522.53,479.37,478.85,0,0,0,0,0,0,0,0,1,0,0.06655,0.07033,0.06835,0.06453,0.06418,0.06452
170,1,122,2,48,268,268,298,273,528.29,539.67,541.27,546.19,1144,1130,1123,1129,397,402,402,539.87,547.69,551.66,119,119,118,454,436,441,552.09,561.18,564.54,561,548,523,268,268,298,496.56,512.16,513.47,464,463,482,445,436,441,483.6,474.34,478.44,50,50,50,445,445,455,493.57,493.57,503.57,14,14,14,454,436,441,477.97,467.13,469.61,32,30,28,465,447,452,493.75,465.5,465.38,4,6,8,493,523,523,514.9,535.02,535.63,242,255,237,565,565,565,565.0,565.0,712.33,4,4,3,519,544,544,543.0,552.11,557.51,84,82,55,493,523,523,498.27,526.02,525.95,154,169,179,496,506,497,558.35,572.97,574.69,277,291,291,520,535,530,544.81,556.51,555.26,77,77,77,496,506,497,563.57,578.9,581.68,200,214,214,268,268,298,496.56,512.16,513.47,0,0,0,298,298,298,421.9,396.69,397.17,21,29,23,397,402,402,539.87,547.69,551.66,0,0,0,454,436,441,552.09,561.18,564.54,0,0,0,298,298,298,421.9,396.69,397.17,21,29,23,268,268,313,356.51,356.87,357.23,43,45,47,397,402,402,539.87,547.69,551.66,0,0,0,454,436,441,552.09,561.18,564.54,0,0,0,268,268,313,356.51,356.87,357.23,43,45,47,972,906,906,972.0,906.0,906.0,12,12,12,397,402,402,539.87,547.69,551.66,0,0,0,454,436,441,552.09,561.18,564.54,0,0,0,972,906,906,972.0,906.0,906.0,12,12,12,397,402,402,456.0,463.5,463.5,4,4,4,397,402,402,456.0,463.5,463.5,4,4,4,454,436,441,552.09,561.18,564.54,0,0,0,268,268,298,496.56,512.16,513.47,0,0,0,493,523,523,531.33,546.6,547.15,477,423,435,565,565,565,565.0,565.0,565.0,20,20,20,519,544,544,555.51,560.16,561.78,245,222,226,493,523,523,500.21,527.93,527.76,212,181,189,522,525,530,544.33,545.29,545.0,18,21,24,397,402,402,539.87,547.69,551.66,0,0,0,454,436,441,552.09,561.18,564.54,0,0,0,522,525,530,544.33,545.29,545.0,18,21,24,268,268,298,528.29,539.67,541.27,1144,1130,1123,397,402,402,539.87,547.69,551.66,0,0,0,454,436,441,552.09,561.18,564.54,0,0,0,268,268,298,496.56,512.16,513.47,0,0,0,0,1,0,0,0,0,0,0.05522,0.047,0.06047,0.06523,0.0515,0.06521
170,1,138,4,32,269,298,244,199,467.11,461.17,453.38,483.58,1133,1159,256,1128,309,314,314,464.6,451.81,510.93,121,122,42,391,391,338,475.49,467.17,491.66,449,482,100,269,298,244,460.97,458.01,398.61,563,555,114,374,384,338,452.56,461.52,448.44,50,50,50,480,480,362,503.57,503.57,470.87,14,14,15,456,408,338,500.13,499.22,438.83,15,18,35,374,384,244,384.57,391.11,398.61,21,18,0,391,391,447,462.68,459.25,505.39,282,288,44,417,417,565,538.5,543.5,600.0,4,4,3,391,391,473,479.16,473.12,502.53,64,66,38,447,447,447,456.34,453.5,447.0,214,218,3,407,407,244,486.04,462.52,453.38,252,279,256,407,407,314,466.27,445.86,510.93,79,80,0,417,417,338,499.39,476.96,491.66,161,167,0,426,426,244,437.0,428.84,398.61,12,32,0,298,298,298,362.95,350.94,347.53,21,34,17,309,314,314,464.6,451.81,510.93,0,0,0,391,391,338,475.49,467.17,491.66,0,0,0,298,298,298,362.95,350.94,347.53,21,34,17,269,298,244,317.53,320.88,307.05,45,32,77,309,314,314,464.6,451.81,510.93,0,0,0,391,391,338,475.49,467.17,491.66,0,0,0,269,298,244,317.53,320.88,307.05,45,32,77,994,994,994,1014.31,994.0,994.0,13,12,12,309,314,314,464.6,451.81,510.93,0,0,0,391,391,338,475.49,467.17,491.66,0,0,0,994,994,994,1014.31,994.0,994.0,13,12,12,309,314,314,321.5,324.0,324.0,4,4,4,309,314,314,321.5,324.0,324.0,4,4,4,391,391,338,475.49,467.17,491.66,0,0,0,269,298,244,460.97,458.01,398.61,0,0,0,391,391,513,464.86,464.5,550.62,449,443,52,417,417,565,444.6,446.6,565.0,20,20,20,391,391,539,454.19,455.89,544.85,209,231,27,470,470,513,476.83,476.72,524.2,220,192,5,447,477,244,502.94,524.29,453.38,17,17,256,309,314,314,464.6,451.81,510.93,0,0,0,391,391,338,475.49,467.17,491.66,0,0,0,447,477,244,502.94,524.29,398.61,17,17,0,269,298,244,467.11,461.17,453.38,1133,1159,256,309,314,314,464.6,451.81,510.93,0,0,0,391,391,338,475.49,467.17,491.66,0,0,0,269,298,244,460.97,458.01,398.61,0,0,0,0,0,0,1,0,0,0,0.05027,0.05946,0.06612,0.0623,0.04689,0.0634
142,1,98,6,44,263,279,277,298,433.05,448.94,427.92,450.21,221,1142,1139,1162,279,279,279,399.16,446.71,437.47,25,139,139,386,319,319,405.62,440.23,423.61,122,575,545,263,298,277,489.72,461.37,430.16,74,428,455,263,331,331,433.05,411.84,405.1,221,50,50,279,420,420,399.16,480.86,482.08,0,14,13,386,353,353,405.62,426.81,417.47,0,16,15,263,331,331,489.72,351.55,351.18,0,20,22,396,391,366,429.55,459.03,424.6,33,263,370,417,412,412,453.0,412.0,412.0,9,9,9,396,391,366,420.75,453.98,431.84,24,132,142,263,463,409,489.72,467.95,420.42,0,122,219,263,309,309,433.05,458.83,444.42,221,361,319,279,309,309,399.16,465.17,452.45,0,100,101,386,319,319,405.62,465.01,447.56,0,226,201,263,328,328,489.72,400.77,359.53,0,35,17,263,298,298,326.52,354.73,354.73,27,22,22,279,279,279,399.16,446.71,437.47,0,0,0,386,319,319,405.62,440.23,423.61,0,0,0,263,298,298,326.52,354.73,354.73,27,22,22,325,325,277,355.0,365.64,352.0,15,22,25,279,279,279,399.16,446.71,437.47,0,0,0,386,319,319,405.62,440.23,423.61,0,0,0,325,325,277,355.0,365.64,352.0,15,22,25,1073,1073,1009,1073.0,1073.0,1009.0,12,12,12,279,279,279,399.16,446.71,437.47,0,0,0,386,319,319,405.62,440.23,423.61,0,0,0,1073,1073,1009,1073.0,1073.0,1009.0,12,12,12,279,279,279,359.5,357.0,357.0,4,4,4,279,279,279,359.5,357.0,357.0,4,4,4,386,319,319,405.62,440.23,423.61,0,0,0,263,298,277,489.72,461.37,430.16,0,0,0,309,309,309,399.39,426.01,404.88,111,367,316,309,309,309,372.0,309.0,309.0,12,12,12,386,381,352,401.92,404.39,392.1,98,201,187,480,458,429,480.0,463.33,435.13,1,154,117,401,430,430,460.11,469.27,485.33,19,41,21,279,279,279,399.16,446.71,437.47,0,0,0,386,319,319,405.62,440.23,423.61,0,0,0,401,430,430,460.11,469.27,485.33,19,41,21,263,279,277,433.05,448.94,427.92,221,1142,1139,279,279,279,399.16,446.71,437.47,0,0,0,386,319,319,405.62,440.23,423.61,0,0,0,263,298,277,489.72,461.37,430.16,0,0,0,0,0,0,0,0,1,0,0.06037,0.0478,0.04591,0.04307,0.06149,0.04306
170,1,88,3,82,312,346,346,332,518.13,526.24,526.3,512.06,1145,1125,1126,1152,337,395,395,499.63,501.53,501.37,122,122,122,421,421,386,533.98,536.08,535.24,553,539,548,312,346,346,504.28,521.31,522.24,470,464,456,410,410,405,470.66,481.0,493.4,50,50,50,410,410,405,436.25,436.25,435.0,16,16,16,421,421,434,486.85,502.06,520.88,34,34,34,312,346,346,504.28,521.31,522.24,0,0,0,488,503,503,514.57,523.37,526.41,227,247,225,555,555,555,555.0,555.0,555.0,4,4,4,529,529,529,543.19,543.0,544.91,67,68,66,488,503,503,501.24,515.02,517.79,156,175,155,455,426,386,510.96,512.54,510.24,341,356,385,455,455,455,503.94,503.94,503.94,78,78,78,461,426,386,517.49,519.38,517.27,222,224,236,471,474,435,489.0,496.56,493.77,41,54,71,312,356,356,344.15,364.0,376.08,41,35,38,337,395,395,499.63,501.53,501.37,0,0,0,421,421,386,533.98,536.08,535.24,0,0,0,312,356,356,344.15,364.0,376.08,41,35,38,361,346,346,416.75,413.0,414.47,16,19,19,337,395,395,499.63,501.53,501.37,0,0,0,421,421,386,533.98,536.08,535.24,0,0,0,361,346,346,416.75,413.0,414.47,16,19,19,1086,1101,1101,1086.0,1101.0,1101.0,12,12,12,337,395,395,499.63,501.53,501.37,0,0,0,421,421,386,533.98,536.08,535.24,0,0,0,1086,1101,1101,1086.0,1101.0,1101.0,12,12,12,337,395,395,337.0,395.0,395.0,4,4,4,337,395,395,337.0,395.0,395.0,4,4,4,421,421,386,533.98,536.08,535.24,0,0,0,312,346,346,504.28,521.31,522.24,0,0,0,488,503,503,531.58,541.85,541.97,438,386,377,555,555,555,555.0,555.0,555.0,20,20,20,514,529,529,554.19,556.85,554.53,230,213,212,488,503,503,501.44,519.24,521.81,188,153,145,583,600,603,668.06,731.44,736.5,16,16,16,337,395,395,499.63,501.53,501.37,0,0,0,421,421,386,533.98,536.08,535.24,0,0,0,583,600,603,668.06,731.44,736.5,16,16,16,312,346,346,518.13,526.24,526.3,1145,1125,1126,337,395,395,499.63,501.53,501.37,0,0,0,421,421,386,533.98,536.08,535.24,0,0,0,312,346,346,504.28,521.31,522.24,0,0,0,0,0,1,0,0,0,0,0.0614,0.04939,0.05483,0.05143,0.06649,0.05142
107,1,60,3,47,259,259,270,270,391.25,394.05,394.95,368.96,432,435,429,447,259,259,279,402.05,402.89,403.88,132,132,132,270,270,270,385.84,388.22,388.53,238,244,237,292,281,281,389.03,398.39,400.68,62,59,60,353,353,353,366.96,372.0,367.68,50,50,50,359,359,359,359.0,359.0,359.0,16,16,16,353,353,353,369.9,377.84,371.06,31,31,31,379,381,379,379.0,381.0,379.0,3,3,3,389,391,391,471.27,478.6,472.88,40,45,41,529,529,529,529.0,529.0,529.0,4,4,4,448,450,450,467.03,475.75,468.92,35,40,36,389,391,391,389.0,391.0,391.0,1,1,1,270,270,270,372.72,371.24,374.52,259,261,259,317,319,319,377.7,378.93,380.14,91,91,91,270,270,270,370.02,367.63,372.56,168,169,166,292,281,281,389.03,281.0,281.0,0,1,2,318,318,318,338.4,334.54,345.29,15,13,14,259,259,279,402.05,402.89,403.88,0,0,0,270,270,270,385.84,388.22,388.53,0,0,0,318,318,318,338.4,334.54,345.29,15,13,14,292,292,292,292.0,292.0,292.0,16,16,16,259,259,279,402.05,402.89,403.88,0,0,0,270,270,270,385.84,388.22,388.53,0,0,0,292,292,292,292.0,292.0,292.0,16,16,16,259,259,270,391.25,394.05,394.95,432,435,429,259,259,279,402.05,402.89,403.88,0,0,0,270,270,270,385.84,388.22,388.53,0,0,0,292,281,281,389.03,398.39,400.68,0,0,0,259,259,279,259.0,259.0,279.0,1,1,1,259,259,279,259.0,259.0,279.0,1,1,1,270,270,270,385.84,388.22,388.53,0,0,0,292,281,281,389.03,398.39,400.68,0,0,0,382,384,384,492.97,492.74,492.74,31,31,31,529,529,529,529.0,529.0,529.0,20,20,20,450,450,450,463.25,463.25,463.25,4,4,4,382,384,384,407.0,406.0,406.0,7,7,7,483,534,546,499.85,545.94,564.88,20,18,17,259,259,279,402.05,402.89,403.88,0,0,0,270,270,270,385.84,388.22,388.53,0,0,0,483,534,546,499.85,545.94,564.88,20,18,17,259,259,270,391.25,394.05,394.95,432,435,429,259,259,279,402.05,402.89,403.88,0,0,0,270,270,270,385.84,388.22,388.53,0,0,0,292,281,281,389.03,398.39,400.68,0,0,0,0,0,1,0,0,0,0,0.05975,0.0478,0.04309,0.05882,0.05803,0.05783
107,1,77,6,30,279,279,278,279,433.46,400.54,373.88,459.77,1121,480,486,470,279,279,279,435.53,434.13,403.74,144,143,143,343,343,309,444.42,387.59,354.11,602,224,238,283,283,278,415.06,383.7,378.02,375,113,105,349,349,321,409.3,402.56,384.4,50,50,50,425,425,425,453.57,455.77,455.77,14,13,13,378,378,408,409.53,408.85,415.17,17,13,12,349,349,321,376.47,370.33,332.52,19,24,25,366,366,299,424.97,393.29,353.27,196,52,45,392,392,299,392.0,392.0,299.0,4,4,4,366,366,348,411.64,392.36,356.85,75,47,40,430,442,427,434.64,442.0,427.0,117,1,1,343,332,299,459.95,428.8,385.77,480,147,161,385,332,299,444.57,442.55,422.43,105,105,105,343,343,309,467.69,394.43,317.04,355,42,56,354,283,278,403.2,383.7,378.02,20,0,0,293,293,288,301.48,300.5,290.67,23,16,15,279,279,279,435.53,434.13,403.74,0,0,0,343,343,309,444.42,387.59,354.11,0,0,0,293,293,288,301.48,300.5,290.67,23,16,15,283,283,278,287.6,283.57,278.8,40,37,30,279,279,279,435.53,434.13,403.74,0,0,0,343,343,309,444.42,387.59,354.11,0,0,0,283,283,278,287.6,283.57,278.8,40,37,30,966,998,998,978.33,1010.33,1010.33,6,6,6,279,279,279,435.53,434.13,403.74,0,0,0,343,343,309,444.42,387.59,354.11,0,0,0,966,998,998,978.33,1010.33,1010.33,6,6,6,279,279,279,279.0,279.0,279.0,1,1,1,279,279,279,279.0,279.0,279.0,1,1,1,343,343,309,444.42,387.59,354.11,0,0,0,283,283,278,415.06,383.7,378.02,0,0,0,366,366,299,420.21,385.73,357.82,293,146,153,392,392,299,392.0,392.0,299.0,20,20,20,366,366,348,410.82,381.13,363.59,155,122,130,430,420,420,437.33,494.75,499.67,118,4,3,379,379,379,427.03,427.48,426.68,32,25,25,279,279,279,435.53,434.13,403.74,0,0,0,343,343,309,444.42,387.59,354.11,0,0,0,379,379,379,427.03,427.48,426.68,32,25,25,279,279,278,433.46,400.54,373.88,1121,480,486,279,279,279,435.53,434.13,403.74,0,0,0,343,343,309,444.42,387.59,354.11,0,0,0,283,283,278,415.06,383.7,378.02,0,0,0,0,0,0,0,0,1,0,0.05748,0.0446,0.04472,0.05101,0.05438,0.051
121,1,93,1,28,262,268,268,292,437.99,440.85,441.59,467.01,1163,1161,1164,1133,309,309,339,453.18,453.18,433.13,142,142,141,353,366,379,439.98,441.92,444.32,683,686,716,262,268,268,427.61,433.38,439.12,338,333,307,331,386,383,397.1,447.3,423.08,50,50,50,415,415,415,444.33,444.33,446.43,15,15,14,353,386,383,415.76,446.76,421.92,17,33,24,331,477,391,340.11,478.5,398.17,18,2,12,309,309,369,411.04,412.26,425.21,336,350,319,309,309,369,363.0,363.0,408.0,6,6,6,366,366,396,398.44,400.18,428.31,149,149,150,423,423,423,423.0,423.0,423.0,181,195,163,396,396,369,480.99,481.28,449.93,421,411,492,425,425,369,477.76,477.76,440.62,105,105,105,396,396,379,482.54,482.99,458.21,314,304,354,405,405,388,406.0,406.0,390.73,2,2,33,268,268,268,313.89,313.89,319.13,28,28,31,309,309,339,453.18,453.18,433.13,0,0,0,353,366,379,439.98,441.92,444.32,0,0,0,268,268,268,313.89,313.89,319.13,28,28,31,262,268,322,293.6,300.41,331.96,30,27,26,309,309,339,453.18,453.18,433.13,0,0,0,353,366,379,439.98,441.92,444.32,0,0,0,262,268,322,293.6,300.41,331.96,30,27,26,1015,985,985,1015.0,985.0,985.0,12,12,12,309,309,339,453.18,453.18,433.13,0,0,0,353,366,379,439.98,441.92,444.32,0,0,0,1015,985,985,1015.0,985.0,985.0,12,12,12,385,385,339,385.0,385.0,339.0,1,1,1,385,385,339,385.0,385.0,339.0,1,1,1,353,366,379,439.98,441.92,444.32,0,0,0,262,268,268,427.61,433.38,439.12,0,0,0,309,309,369,406.18,409.26,433.23,233,230,216,309,309,369,330.6,330.6,384.6,15,15,15,391,391,421,406.65,409.78,433.8,203,200,188,473,480,480,475.33,480.93,481.08,15,15,13,387,387,463,464.0,464.0,681.76,52,52,17,309,309,339,453.18,453.18,433.13,0,0,0,353,366,379,439.98,441.92,444.32,0,0,0,387,387,463,464.0,464.0,681.76,52,52,17,262,268,268,437.99,440.85,441.59,1163,1161,1164,309,309,339,453.18,453.18,433.13,0,0,0,353,366,379,439.98,441.92,444.32,0,0,0,262,268,268,427.61,433.38,439.12,0,0,0,1,0,0,0,0,0,0,0.04079,0.0446,0.02942,0.04307,0.05034,0.04306
79,1,70,6,9,336,336,298,320,628.87,616.73,580.95,500.56,530,501,534,430,675,675,675,696.6,698.79,706.18,103,108,109,631,604,604,679.79,656.78,660.77,128,112,104,336,336,298,583.73,569.23,512.56,299,281,321,587,565,565,629.34,619.6,620.96,50,50,50,675,685,685,675.0,685.0,685.0,13,12,13,631,604,604,648.0,650.17,647.83,13,12,12,587,565,565,594.5,575.31,574.76,24,26,25,587,545,545,689.57,622.2,628.83,46,86,82,725,725,745,725.0,725.0,745.0,9,9,9,692,650,650,692.33,673.69,685.94,33,39,36,587,545,545,587.0,545.0,545.0,4,38,37,631,569,554,688.0,683.83,687.07,115,107,110,675,675,675,692.03,693.65,698.99,69,75,75,631,607,607,681.96,663.77,664.71,46,31,34,336,569,554,583.73,569.0,554.0,0,1,1,600,564,358,627.83,607.67,487.32,12,12,19,675,675,675,696.6,698.79,706.18,0,0,0,631,604,604,679.79,656.78,660.77,0,0,0,600,564,358,627.83,607.67,487.32,12,12,19,336,336,298,453.49,452.69,398.17,74,45,76,675,675,675,696.6,698.79,706.18,0,0,0,631,604,604,679.79,656.78,660.77,0,0,0,336,336,298,453.49,452.69,398.17,74,45,76,1886,1491,1491,1898.33,1525.22,1525.22,9,9,9,675,675,675,696.6,698.79,706.18,0,0,0,631,604,604,679.79,656.78,660.77,0,0,0,1886,1491,1491,1898.33,1525.22,1525.22,9,9,9,336,336,298,628.87,616.73,580.95,530,501,534,675,675,675,696.6,698.79,706.18,0,0,0,631,604,604,679.79,656.78,660.77,0,0,0,336,336,298,583.73,569.23,512.56,0,0,0,587,545,545,677.67,603.95,602.21,54,80,71,725,725,745,725.0,725.0,745.0,12,12,12,656,614,614,677.0,630.2,620.55,36,30,22,587,545,545,587.0,545.0,545.0,6,38,37,413,403,369,566.01,550.14,478.9,170,112,117,675,675,675,696.6,698.79,706.18,0,0,0,631,604,604,679.79,656.78,660.77,0,0,0,413,403,369,566.01,550.14,478.9,170,112,117,336,336,298,628.87,616.73,580.95,530,501,534,675,675,675,696.6,698.79,706.18,0,0,0,631,604,604,679.79,656.78,660.77,0,0,0,336,336,298,583.73,569.23,512.56,0,0,0,0,0,0,0,0,1,0,0.0649,0.1079,0.09376,0.08182,0.06053,0.0818
114,1,74,3,40,288,279,279,303,381.92,410.53,411.76,454.57,534,488,489,432,309,279,279,420.05,479.32,482.45,141,143,143,308,395,395,351.8,431.23,430.94,264,81,81,288,288,294,401.9,366.91,367.74,129,264,265,351,396,396,401.24,429.36,430.72,50,50,50,425,425,425,455.77,455.77,455.77,13,13,13,408,396,396,422.67,438.13,442.67,12,15,15,351,402,402,362.6,407.77,407.77,25,22,22,329,301,301,375.93,351.42,349.45,42,102,101,329,515,515,375.5,515.0,515.0,4,4,4,363,408,408,374.19,448.83,445.18,37,29,28,442,301,301,442.0,301.0,301.0,1,69,69,329,385,385,399.41,474.49,478.67,170,107,107,329,385,385,432.42,475.99,480.26,103,105,105,339,395,395,348.67,395.5,395.5,67,2,2,288,288,294,401.9,366.91,367.74,0,0,0,288,288,298,353.35,358.64,385.36,17,14,14,309,279,279,420.05,479.32,482.45,0,0,0,308,395,395,351.8,431.23,430.94,0,0,0,288,288,298,353.35,358.64,385.36,17,14,14,288,317,317,332.75,334.64,330.5,24,14,14,309,279,279,420.05,479.32,482.45,0,0,0,308,395,395,351.8,431.23,430.94,0,0,0,288,317,317,332.75,334.64,330.5,24,14,14,976,1090,1090,976.0,1090.0,1090.0,8,8,8,309,279,279,420.05,479.32,482.45,0,0,0,308,395,395,351.8,431.23,430.94,0,0,0,976,1090,1090,976.0,1090.0,1090.0,8,8,8,309,279,279,309.0,279.0,279.0,1,1,1,309,279,279,309.0,279.0,279.0,1,1,1,308,395,395,351.8,431.23,430.94,0,0,0,288,288,294,401.9,366.91,367.74,0,0,0,294,294,294,337.07,355.39,355.5,197,166,168,329,515,515,347.6,515.0,515.0,20,20,20,308,401,401,341.86,415.74,416.94,148,35,36,294,294,294,305.31,307.59,307.27,29,111,112,430,450,450,467.32,559.85,559.85,25,26,26,309,279,279,420.05,479.32,482.45,0,0,0,308,395,395,351.8,431.23,430.94,0,0,0,430,450,450,467.32,559.85,559.85,25,26,26,288,279,279,381.92,410.53,411.76,534,488,489,309,279,279,420.05,479.32,482.45,0,0,0,308,395,395,351.8,431.23,430.94,0,0,0,288,288,294,401.9,366.91,367.74,0,0,0,0,0,1,0,0,0,0,0.05748,0.0446,0.04888,0.04586,0.05534,0.04585
142,1,120,7,22,309,309,309,341,445.09,448.82,464.65,472.23,1145,1157,1149,1131,309,309,309,420.05,424.16,450.47,139,140,141,350,350,370,451.13,457.07,477.13,643,630,576,338,338,353,443.98,444.33,452.63,363,387,432,350,350,359,367.7,395.04,396.82,50,50,50,359,359,359,368.0,402.87,386.75,14,15,16,350,350,370,365.28,408.0,401.21,32,22,28,361,361,381,386.0,364.08,403.17,4,13,6,401,404,435,443.16,447.04,465.4,270,278,290,422,427,535,422.0,427.0,535.0,9,9,9,401,404,458,451.41,455.55,488.66,135,137,122,432,435,435,435.83,439.57,443.6,126,132,159,417,417,417,452.51,454.29,464.77,401,391,400,417,417,417,431.37,431.37,448.57,100,100,100,428,428,427,460.2,462.9,472.13,289,280,283,442,442,436,443.42,443.36,437.53,12,11,17,353,353,353,377.9,385.94,372.96,21,33,24,309,309,309,420.05,424.16,450.47,0,0,0,350,350,370,451.13,457.07,477.13,0,0,0,353,353,353,377.9,385.94,372.96,21,33,24,338,338,353,368.73,370.96,375.04,30,24,28,309,309,309,420.05,424.16,450.47,0,0,0,350,350,370,451.13,457.07,477.13,0,0,0,338,338,353,368.73,370.96,375.04,30,24,28,906,906,1000,906.0,906.0,1000.0,12,12,12,309,309,309,420.05,424.16,450.47,0,0,0,350,350,370,451.13,457.07,477.13,0,0,0,906,906,1000,906.0,906.0,1000.0,12,12,12,309,309,309,309.0,309.0,309.0,4,4,4,309,309,309,309.0,309.0,309.0,4,4,4,350,350,370,451.13,457.07,477.13,0,0,0,338,338,353,443.98,444.33,452.63,0,0,0,401,404,428,444.5,448.26,471.36,338,346,319,422,427,535,422.0,427.0,535.0,12,12,12,401,404,451,451.6,455.25,492.03,187,191,143,425,428,428,436.88,440.71,448.68,139,143,164,425,425,422,462.58,462.58,459.68,19,19,22,309,309,309,420.05,424.16,450.47,0,0,0,350,350,370,451.13,457.07,477.13,0,0,0,425,425,422,462.58,462.58,459.68,19,19,22,309,309,309,445.09,448.82,464.65,1145,1157,1149,309,309,309,420.05,424.16,450.47,0,0,0,350,350,370,451.13,457.07,477.13,0,0,0,338,338,353,443.98,444.33,452.63,0,0,0,0,0,0,0,0,0,1,0.05748,0.0446,0.05869,0.0545,0.06264,0.05518
128,1,121,1,7,253,253,268,272,405.9,406.35,405.04,459.74,1220,1225,1225,1152,319,319,319,374.25,383.96,372.12,136,136,136,329,329,329,407.39,407.42,406.01,564,553,578,253,253,268,412.56,410.93,412.7,520,536,511,341,341,341,360.0,360.0,363.32,50,50,50,359,359,359,367.57,367.57,367.57,14,14,14,350,350,350,377.5,377.5,378.75,12,12,16,341,341,341,346.83,346.83,348.0,24,24,20,319,319,319,400.14,399.18,399.52,299,300,293,319,319,319,457.67,457.67,461.0,9,9,9,350,350,350,422.33,419.93,420.01,116,117,116,381,381,381,382.38,382.21,382.07,174,174,168,319,319,319,379.48,380.79,375.65,368,328,342,319,319,319,372.45,385.65,369.25,100,100,100,329,329,329,387.04,383.72,382.91,224,189,206,338,338,338,357.0,354.1,351.92,44,39,36,298,278,278,344.83,351.68,348.0,18,19,20,319,319,319,374.25,383.96,372.12,0,0,0,329,329,329,407.39,407.42,406.01,0,0,0,298,278,278,344.83,351.68,348.0,18,19,20,253,253,268,334.12,330.86,312.61,34,29,23,319,319,319,374.25,383.96,372.12,0,0,0,329,329,329,407.39,407.42,406.01,0,0,0,253,253,268,334.12,330.86,312.61,34,29,23,1899,1899,1899,1899.0,1899.0,1899.0,12,12,12,319,319,319,374.25,383.96,372.12,0,0,0,329,329,329,407.39,407.42,406.01,0,0,0,1899,1899,1899,1899.0,1899.0,1899.0,12,12,12,560,560,560,560.0,560.0,560.0,1,1,1,560,560,560,560.0,560.0,560.0,1,1,1,329,329,329,407.39,407.42,406.01,0,0,0,253,253,268,412.56,410.93,412.7,0,0,0,319,319,319,400.9,400.27,400.19,419,465,465,319,319,319,319.0,319.0,319.0,12,12,12,343,343,343,422.42,421.77,420.88,212,235,240,367,367,367,382.54,381.56,381.45,195,218,213,346,321,321,474.37,446.43,467.79,19,21,19,319,319,319,374.25,383.96,372.12,0,0,0,329,329,329,407.39,407.42,406.01,0,0,0,346,321,321,474.37,446.43,467.79,19,21,19,253,253,268,405.9,406.35,405.04,1220,1225,1225,319,319,319,374.25,383.96,372.12,0,0,0,329,329,329,407.39,407.42,406.01,0,0,0,253,253,268,412.56,410.93,412.7,0,0,0,1,0,0,0,0,0,0,0.05213,0.06698,0.06226,0.10314,0.04862,0.10312
114,1,60,3,54,284,284,304,278,442.52,439.4,439.76,388.02,438,439,439,454,284,284,304,463.15,456.99,450.36,144,144,132,356,356,356,437.62,430.51,435.97,208,214,224,318,318,318,419.8,431.6,433.13,86,81,83,356,356,356,409.32,404.84,405.78,50,50,50,362,362,362,406.0,402.33,402.33,15,15,15,356,356,356,409.76,404.94,406.32,34,34,34,444,439,439,444.0,439.0,439.0,1,1,1,391,391,391,482.25,484.59,481.73,51,46,44,549,549,549,549.0,549.0,549.0,4,4,4,450,450,450,484.53,485.18,489.82,43,39,34,391,391,391,391.0,391.0,391.0,4,3,6,357,357,359,436.65,428.98,431.51,217,232,246,357,357,359,453.31,445.31,434.04,104,104,92,367,368,368,421.31,415.72,429.99,113,128,154,318,318,318,419.8,431.6,433.13,0,0,0,318,318,318,389.41,383.67,383.67,17,21,21,284,284,304,463.15,456.99,450.36,0,0,0,356,356,356,437.62,430.51,435.97,0,0,0,318,318,318,389.41,383.67,383.67,17,21,21,322,322,322,375.72,375.72,375.72,18,18,18,284,284,304,463.15,456.99,450.36,0,0,0,356,356,356,437.62,430.51,435.97,0,0,0,322,322,322,375.72,375.72,375.72,18,18,18,284,284,304,442.52,439.4,439.76,438,439,439,284,284,304,463.15,456.99,450.36,0,0,0,356,356,356,437.62,430.51,435.97,0,0,0,318,318,318,419.8,431.6,433.13,0,0,0,284,284,304,284.0,284.0,304.0,1,1,1,284,284,304,284.0,284.0,304.0,1,1,1,356,356,356,437.62,430.51,435.97,0,0,0,318,318,318,419.8,431.6,433.13,0,0,0,384,384,384,469.85,475.49,473.83,62,53,41,549,549,549,549.0,549.0,549.0,20,20,20,478,478,480,480.56,479.08,485.0,18,13,2,384,384,384,395.88,399.65,393.53,24,20,19,483,558,581,509.59,585.28,603.78,22,18,18,284,284,304,463.15,456.99,450.36,0,0,0,356,356,356,437.62,430.51,435.97,0,0,0,483,558,581,509.59,585.28,603.78,22,18,18,284,284,304,442.52,439.4,439.76,438,439,439,284,284,304,463.15,456.99,450.36,0,0,0,356,356,356,437.62,430.51,435.97,0,0,0,318,318,318,419.8,431.6,433.13,0,0,0,0,0,1,0,0,0,0,0.0616,0.0478,0.05527,0.06049,0.0638,0.0595
93,1,83,5,10,282,272,272,277,519.38,494.82,528.82,396.2,1162,1168,1202,493,309,279,279,551.21,550.15,560.71,136,136,140,359,329,329,508.68,480.71,498.59,445,460,456,282,272,272,520.13,493.01,544.2,581,572,606,371,341,341,414.1,476.64,477.12,50,50,50,441,685,685,450.38,685.0,685.0,13,10,10,406,498,498,438.75,573.33,565.8,16,9,10,371,341,341,372.86,381.35,378.27,21,31,30,349,319,319,539.78,524.92,543.72,178,158,238,349,319,319,349.0,319.0,319.0,4,4,4,454,424,454,499.04,481.41,487.91,73,71,68,559,559,572,576.77,572.06,572.0,101,83,166,349,319,319,552.0,501.02,543.44,258,297,294,349,319,319,616.58,594.41,606.81,98,101,105,359,329,329,525.43,480.96,536.71,123,142,147,368,338,338,469.24,379.09,408.52,37,54,42,288,288,288,368.81,317.24,328.15,26,29,33,309,279,279,551.21,550.15,560.71,0,0,0,359,329,329,508.68,480.71,498.59,0,0,0,288,288,288,368.81,317.24,328.15,26,29,33,282,272,272,335.17,328.48,350.67,23,27,27,309,279,279,551.21,550.15,560.71,0,0,0,359,329,329,508.68,480.71,498.59,0,0,0,282,272,272,335.17,328.48,350.67,23,27,27,1530,1341,1341,1542.33,1353.33,1353.33,12,12,12,309,279,279,551.21,550.15,560.71,0,0,0,359,329,329,508.68,480.71,498.59,0,0,0,1530,1341,1341,1542.33,1353.33,1353.33,12,12,12,309,279,279,309.0,279.0,279.0,1,1,1,309,279,279,309.0,279.0,279.0,1,1,1,359,329,329,508.68,480.71,498.59,0,0,0,282,272,272,520.13,493.01,544.2,0,0,0,349,319,319,517.39,489.11,507.13,342,331,414,349,319,319,349.0,319.0,319.0,20,20,20,448,418,418,507.65,476.84,474.57,233,238,231,577,572,572,580.74,575.7,576.34,89,73,163,291,281,541,482.57,478.67,570.26,272,263,133,309,279,279,551.21,550.15,560.71,0,0,0,359,329,329,508.68,480.71,498.59,0,0,0,291,281,541,482.57,478.67,570.26,272,263,133,282,272,272,519.38,494.82,528.82,1162,1168,1202,309,279,279,551.21,550.15,560.71,0,0,0,359,329,329,508.68,480.71,498.59,0,0,0,282,272,272,520.13,493.01,544.2,0,0,0,0,0,0,0,1,0,0,0.05563,0.04939,0.05186,0.04864,0.05188,0.04863
100,1,73,2,27,288,294,294,299,415.63,415.1,416.21,440.97,489,490,489,443,299,299,299,483.7,480.23,481.86,137,138,138,343,343,343,429.95,430.51,431.53,87,85,86,288,294,294,375.74,376.53,377.06,265,267,265,396,396,396,429.42,431.6,431.6,50,50,50,425,425,425,455.77,455.77,455.77,13,13,13,396,396,396,438.33,445.6,445.6,15,15,15,402,402,402,407.77,407.77,407.77,22,22,22,301,301,301,359.15,358.12,360.13,110,112,105,515,515,515,515.0,515.0,515.0,4,4,4,408,408,408,440.69,440.69,439.42,39,39,38,301,301,301,302.39,302.35,302.48,67,69,63,343,343,343,476.89,473.75,475.92,105,103,103,372,372,372,481.65,476.88,479.12,99,100,100,343,343,343,398.33,369.33,369.33,6,3,3,288,294,294,375.74,376.53,377.06,0,0,0,288,298,298,329.88,360.93,360.93,17,15,15,299,299,299,483.7,480.23,481.86,0,0,0,343,343,343,429.95,430.51,431.53,0,0,0,288,298,298,329.88,360.93,360.93,17,15,15,331,298,298,360.86,353.73,356.93,14,15,15,299,299,299,483.7,480.23,481.86,0,0,0,343,343,343,429.95,430.51,431.53,0,0,0,331,298,298,360.86,353.73,356.93,14,15,15,1090,1090,1071,1102.67,1102.67,1083.33,12,12,12,299,299,299,483.7,480.23,481.86,0,0,0,343,343,343,429.95,430.51,431.53,0,0,0,1090,1090,1071,1102.67,1102.67,1083.33,12,12,12,299,299,299,299.0,299.0,299.0,1,1,1,299,299,299,299.0,299.0,299.0,1,1,1,343,343,343,429.95,430.51,431.53,0,0,0,288,294,294,375.74,376.53,377.06,0,0,0,294,294,294,348.61,348.38,349.41,158,160,165,515,515,515,515.0,515.0,515.0,20,20,20,401,401,401,416.81,414.79,420.73,27,28,30,294,294,294,302.04,302.03,302.0,111,112,115,430,430,430,587.36,587.36,582.39,22,22,23,299,299,299,483.7,480.23,481.86,0,0,0,343,343,343,429.95,430.51,431.53,0,0,0,430,430,430,587.36,587.36,582.39,22,22,23,288,294,294,415.63,415.1,416.21,489,490,489,299,299,299,483.7,480.23,481.86,0,0,0,343,343,343,429.95,430.51,431.53,0,0,0,288,294,294,375.74,376.53,377.06,0,0,0,0,1,0,0,0,0,0,0.05728,0.0446,0.04443,0.04167,0.06207,0.03874
107,1,90,5,17,288,278,233,290,424.91,421.83,459.94,461.47,1141,1140,1165,1122,309,294,309,408.16,407.08,470.06,144,144,145,339,339,385,434.28,433.46,486.17,737,745,697,288,278,233,407.65,395.78,398.78,260,251,323,351,351,386,398.1,399.26,439.04,50,50,50,410,410,410,437.5,437.5,435.67,14,14,15,398,398,386,427.0,431.83,439.71,12,12,34,351,351,467,360.67,360.67,467.0,24,24,1,329,329,475,418.07,408.66,499.53,95,89,87,329,329,515,329.0,329.0,515.0,4,4,4,406,396,489,421.27,411.64,502.19,90,84,72,487,477,475,487.0,477.0,476.45,1,1,11,329,329,375,435.24,438.48,475.26,569,579,505,329,329,375,423.29,421.95,466.24,105,105,105,339,339,385,446.86,451.31,479.45,406,421,385,348,348,395,375.5,369.34,431.0,58,53,15,288,278,278,338.73,298.26,289.49,22,23,35,309,294,309,408.16,407.08,470.06,0,0,0,339,339,385,434.28,433.46,486.17,0,0,0,288,278,278,338.73,298.26,289.49,22,23,35,288,278,302,288.45,278.47,303.0,29,30,53,309,294,309,408.16,407.08,470.06,0,0,0,339,339,385,434.28,433.46,486.17,0,0,0,288,278,302,288.45,278.47,303.0,29,30,53,1132,1204,1204,1144.67,1216.67,1216.67,6,6,6,309,294,309,408.16,407.08,470.06,0,0,0,339,339,385,434.28,433.46,486.17,0,0,0,1132,1204,1204,1144.67,1216.67,1216.67,6,6,6,309,294,309,309.0,294.0,309.0,1,1,1,309,294,309,309.0,294.0,309.0,1,1,1,339,339,385,434.28,433.46,486.17,0,0,0,288,278,233,407.65,395.78,398.78,0,0,0,329,329,470,417.67,410.43,496.82,278,282,271,329,329,515,329.0,329.0,515.0,20,20,20,401,396,489,417.46,408.62,500.79,229,228,206,480,470,470,480.48,470.41,470.53,29,34,45,291,281,233,422.51,401.56,394.71,91,80,157,309,294,309,408.16,407.08,470.06,0,0,0,339,339,385,434.28,433.46,486.17,0,0,0,291,281,233,422.51,401.56,394.71,91,80,157,288,278,233,424.91,421.83,459.94,1141,1140,1165,309,294,309,408.16,407.08,470.06,0,0,0,339,339,385,434.28,433.46,486.17,0,0,0,288,278,233,407.65,395.78,398.78,0,0,0,0,0,0,0,1,0,0,0.05522,0.0446,0.04591,0.04307,0.0515,0.04306
170,1,126,6,44,289,298,268,298,525.28,523.46,503.1,541.38,1100,1135,1114,1151,397,397,397,530.45,540.97,540.67,119,119,119,454,454,439,550.4,545.24,528.99,520,525,444,289,298,268,495.6,495.92,474.13,461,491,551,445,445,439,485.34,481.74,477.98,50,50,50,445,445,445,493.57,493.57,493.57,14,14,14,454,454,439,481.03,475.03,475.92,33,32,26,465,465,450,494.33,494.0,461.5,3,4,10,493,493,468,524.54,512.93,485.56,131,243,281,565,565,565,565.0,565.0,565.0,4,4,4,519,519,494,550.55,542.33,518.33,62,83,81,493,493,468,497.25,495.95,470.39,65,156,196,445,496,496,552.19,553.52,548.39,303,244,224,445,525,525,530.26,546.51,546.05,77,77,77,455,496,496,560.82,556.76,549.62,222,167,147,465,298,268,495.25,495.92,474.13,4,0,0,289,298,298,422.35,420.68,377.83,20,19,23,397,397,397,530.45,540.97,540.67,0,0,0,454,454,439,550.4,545.24,528.99,0,0,0,289,298,298,422.35,420.68,377.83,20,19,23,332,332,268,361.08,361.71,350.67,38,38,36,397,397,397,530.45,540.97,540.67,0,0,0,454,454,439,550.4,545.24,528.99,0,0,0,332,332,268,361.08,361.71,350.67,38,38,36,871,888,983,871.0,888.0,983.0,12,12,12,397,397,397,530.45,540.97,540.67,0,0,0,454,454,439,550.4,545.24,528.99,0,0,0,871,888,983,871.0,888.0,983.0,12,12,12,397,397,397,456.0,456.0,456.0,4,4,4,397,397,397,456.0,456.0,456.0,4,4,4,454,454,439,550.4,545.24,528.99,0,0,0,289,298,268,495.6,495.92,474.13,0,0,0,493,493,468,521.09,524.85,498.6,525,508,467,565,565,565,565.0,565.0,565.0,20,20,20,539,519,494,550.23,547.57,524.83,203,243,190,493,493,468,498.59,499.04,474.04,302,245,257,539,539,539,558.41,558.41,558.41,17,17,17,397,397,397,530.45,540.97,540.67,0,0,0,454,454,439,550.4,545.24,528.99,0,0,0,539,539,539,558.41,558.41,558.41,17,17,17,289,298,268,525.28,523.46,503.1,1100,1135,1114,397,397,397,530.45,540.97,540.67,0,0,0,454,454,439,550.4,545.24,528.99,0,0,0,289,298,268,495.6,495.92,474.13,0,0,0,0,0,0,0,0,1,0,0.041,0.03181,0.06047,0.0623,0.0515,0.06549
93,1,75,4,18,278,278,279,286,393.8,370.36,408.52,437.41,489,550,505,533,279,309,279,411.29,412.99,477.94,143,143,141,329,288,343,375.13,341.7,431.96,236,274,94,278,278,283,411.13,383.56,364.1,110,133,270,341,341,396,404.16,409.82,440.98,50,50,50,425,425,425,458.85,458.85,458.85,13,13,13,418,418,396,445.07,459.0,454.63,14,15,19,341,341,407,348.35,347.32,413.67,23,22,18,319,319,301,380.07,379.7,364.57,42,37,104,319,319,515,319.0,319.0,515.0,4,4,4,376,376,408,384.32,384.56,444.88,37,32,40,467,467,301,467.0,467.0,301.0,1,1,60,319,319,343,391.74,388.43,468.26,172,182,109,319,319,372,427.76,429.78,473.64,105,105,103,329,329,343,335.28,332.04,375.83,67,77,6,278,278,283,411.13,383.56,364.1,0,0,0,288,288,288,296.15,296.15,299.85,27,27,27,279,309,279,411.29,412.99,477.94,0,0,0,329,288,343,375.13,341.7,431.96,0,0,0,288,288,288,296.15,296.15,299.85,27,27,27,278,278,283,338.72,349.0,351.19,18,15,16,279,309,279,411.29,412.99,477.94,0,0,0,329,288,343,375.13,341.7,431.96,0,0,0,278,278,283,338.72,349.0,351.19,18,15,16,998,976,1223,1010.33,988.67,1235.33,12,12,12,279,309,279,411.29,412.99,477.94,0,0,0,329,288,343,375.13,341.7,431.96,0,0,0,998,976,1223,1010.33,988.67,1235.33,12,12,12,279,309,279,279.0,309.0,279.0,1,1,1,279,309,279,279.0,309.0,279.0,1,1,1,329,288,343,375.13,341.7,431.96,0,0,0,278,278,283,411.13,383.56,364.1,0,0,0,319,288,294,378.93,320.74,344.72,141,198,162,319,319,515,319.0,319.0,515.0,20,20,20,376,288,401,386.57,325.78,410.9,118,150,29,460,294,294,478.0,295.0,297.59,3,28,113,281,281,301,349.77,341.11,443.12,26,28,24,279,309,279,411.29,412.99,477.94,0,0,0,329,288,343,375.13,341.7,431.96,0,0,0,281,281,301,349.77,341.11,443.12,26,28,24,278,278,279,393.8,370.36,408.52,489,550,505,279,309,279,411.29,412.99,477.94,0,0,0,329,288,343,375.13,341.7,431.96,0,0,0,278,278,283,411.13,383.56,364.1,0,0,0,0,0,0,1,0,0,0,0.05604,0.0446,0.0474,0.04446,0.05227,0.04445
